source_type,database_name,table_name,column_name,column_position,data_type,is_nullable,column_key
clickhouse,consolidated,dict_perf_offers,id_offer,1,UInt64,YES,
clickhouse,consolidated,dict_perf_offers,offer_name,2,String,YES,
clickhouse,consolidated,dict_perf_offers,offer_bundle,3,String,YES,
clickhouse,consolidated,dict_perf_offers,offer_status,4,String,YES,
clickhouse,consolidated,dict_perf_offers,advertiser_name,5,String,YES,
clickhouse,consolidated,dict_perf_offers,offer_revenue_type,6,String,YES,
clickhouse,consolidated,dict_perf_offers,offer_revenue_value,7,"Decimal(20, 10)",YES,
clickhouse,consolidated,internal-services-logs-SSP,ev_ver,1,UInt8,YES,
clickhouse,consolidated,internal-services-logs-SSP,date,2,Date,YES,PRI
clickhouse,consolidated,internal-services-logs-SSP,hour,3,UInt8,YES,PRI
clickhouse,consolidated,internal-services-logs-SSP,id_log,4,LowCardinality(String),YES,PRI
clickhouse,consolidated,internal-services-logs-SSP,level,5,UInt8,YES,
clickhouse,consolidated,internal-services-logs-SSP,datacenter,6,LowCardinality(String),YES,PRI
clickhouse,consolidated,internal-services-logs-SSP,hostname,7,String,YES,
clickhouse,consolidated,internal-services-logs-SSP,canary,8,Bool,YES,
clickhouse,consolidated,internal-services-logs-SSP,json_data,9,String,YES,
clickhouse,consolidated,internal-services-logs-SSP,extra,10,String,YES,
clickhouse,consolidated,internal-services-logs-SSP,count,11,UInt64,YES,
clickhouse,consolidated,internal-services-logs-SSP,city_hash,12,UInt64,YES,PRI
clickhouse,consolidated,internal-services-logs-SSP-dist,ev_ver,1,UInt8,YES,
clickhouse,consolidated,internal-services-logs-SSP-dist,date,2,Date,YES,
clickhouse,consolidated,internal-services-logs-SSP-dist,hour,3,UInt8,YES,
clickhouse,consolidated,internal-services-logs-SSP-dist,id_log,4,LowCardinality(String),YES,
clickhouse,consolidated,internal-services-logs-SSP-dist,level,5,UInt8,YES,
clickhouse,consolidated,internal-services-logs-SSP-dist,datacenter,6,LowCardinality(String),YES,
clickhouse,consolidated,internal-services-logs-SSP-dist,hostname,7,String,YES,
clickhouse,consolidated,internal-services-logs-SSP-dist,canary,8,Bool,YES,
clickhouse,consolidated,internal-services-logs-SSP-dist,json_data,9,String,YES,
clickhouse,consolidated,internal-services-logs-SSP-dist,extra,10,String,YES,
clickhouse,consolidated,internal-services-logs-SSP-dist,count,11,UInt64,YES,
clickhouse,consolidated,internal-services-logs-SSP-dist,city_hash,12,UInt64,YES,
clickhouse,consolidated,internal-services-logs-SSP-mv,ev_ver,1,UInt8,YES,
clickhouse,consolidated,internal-services-logs-SSP-mv,date,2,Date,YES,
clickhouse,consolidated,internal-services-logs-SSP-mv,hour,3,UInt8,YES,
clickhouse,consolidated,internal-services-logs-SSP-mv,id_log,4,LowCardinality(String),YES,
clickhouse,consolidated,internal-services-logs-SSP-mv,level,5,UInt8,YES,
clickhouse,consolidated,internal-services-logs-SSP-mv,datacenter,6,LowCardinality(String),YES,
clickhouse,consolidated,internal-services-logs-SSP-mv,hostname,7,String,YES,
clickhouse,consolidated,internal-services-logs-SSP-mv,canary,8,Bool,YES,
clickhouse,consolidated,internal-services-logs-SSP-mv,json_data,9,String,YES,
clickhouse,consolidated,internal-services-logs-SSP-mv,extra,10,String,YES,
clickhouse,consolidated,internal-services-logs-SSP-mv,count,11,UInt64,YES,
clickhouse,consolidated,perf-stats-bidder-finally,date,1,Date,YES,PRI
clickhouse,consolidated,perf-stats-bidder-finally,pk_hash,2,String,YES,PRI
clickhouse,consolidated,perf-stats-bidder-finally,id_user,3,UInt64,YES,
clickhouse,consolidated,perf-stats-bidder-finally,endpoint,4,String,YES,
clickhouse,consolidated,perf-stats-bidder-finally,id_os,5,Int16,YES,
clickhouse,consolidated,perf-stats-bidder-finally,id_app,6,Int64,YES,
clickhouse,consolidated,perf-stats-bidder-finally,adunit,7,String,YES,PRI
clickhouse,consolidated,perf-stats-bidder-finally,bundle,8,String,YES,PRI
clickhouse,consolidated,perf-stats-bidder-finally,country,9,LowCardinality(String),YES,PRI
clickhouse,consolidated,perf-stats-bidder-finally,id_size,10,UInt16,YES,PRI
clickhouse,consolidated,perf-stats-bidder-finally,video,11,UInt16,YES,
clickhouse,consolidated,perf-stats-bidder-finally,video_type,12,LowCardinality(String),YES,
clickhouse,consolidated,perf-stats-bidder-finally,source,13,LowCardinality(String),YES,
clickhouse,consolidated,perf-stats-bidder-finally,perf_source,14,LowCardinality(String),YES,
clickhouse,consolidated,perf-stats-bidder-finally,id_network,15,UInt32,YES,
clickhouse,consolidated,perf-stats-bidder-finally,id_offer,16,UInt64,YES,PRI
clickhouse,consolidated,perf-stats-bidder-finally,offer_bundle,17,String,YES,
clickhouse,consolidated,perf-stats-bidder-finally,offer_type,18,LowCardinality(String),YES,
clickhouse,consolidated,perf-stats-bidder-finally,algo_incoming_traffic,19,LowCardinality(String),YES,
clickhouse,consolidated,perf-stats-bidder-finally,algo_tag_reqs,20,LowCardinality(String),YES,
clickhouse,consolidated,perf-stats-bidder-finally,algo_sprinkler,21,LowCardinality(String),YES,
clickhouse,consolidated,perf-stats-bidder-finally,algo_offer_selection,22,LowCardinality(String),YES,
clickhouse,consolidated,perf-stats-bidder-finally,requests,23,UInt64,YES,
clickhouse,consolidated,perf-stats-bidder-finally,deliveries,24,UInt64,YES,
clickhouse,consolidated,perf-stats-bidder-finally,impressions,25,UInt64,YES,
clickhouse,consolidated,perf-stats-bidder-finally,clicks,26,UInt64,YES,
clickhouse,consolidated,perf-stats-bidder-finally,installs,27,UInt64,YES,
clickhouse,consolidated,perf-stats-bidder-finally,conversions,28,UInt64,YES,
clickhouse,consolidated,perf-stats-bidder-finally,payable_events,29,UInt64,YES,
clickhouse,consolidated,perf-stats-bidder-finally,currency,30,LowCardinality(String),YES,
clickhouse,consolidated,perf-stats-bidder-finally,cost,31,"Decimal(20, 10)",YES,
clickhouse,consolidated,perf-stats-bidder-finally,revenue_gross,32,"Decimal(20, 10)",YES,
clickhouse,consolidated,perf-stats-bidder-finally,revenue_net,33,"Decimal(20, 10)",YES,
clickhouse,consolidated,perf-stats-bidder-finally,revenue_estimated,34,"Nullable(Decimal(20, 10))",YES,
clickhouse,consolidated,perf-stats-bidder-finally,user_revenue_share,35,"Decimal(5, 4)",YES,
clickhouse,consolidated,perf-stats-bidder-finally,user_revenue_fix,36,"Decimal(20, 10)",YES,
clickhouse,consolidated,perf-stats-bidder-finally,__deleted,37,String,YES,
clickhouse,consolidated,perf-stats-bidder-finally,updated_at,38,DateTime64(3),YES,
clickhouse,consolidated,perf-stats-bidder-finally-dist,date,1,Date,YES,
clickhouse,consolidated,perf-stats-bidder-finally-dist,pk_hash,2,String,YES,
clickhouse,consolidated,perf-stats-bidder-finally-dist,id_user,3,UInt64,YES,
clickhouse,consolidated,perf-stats-bidder-finally-dist,endpoint,4,String,YES,
clickhouse,consolidated,perf-stats-bidder-finally-dist,id_os,5,Int16,YES,
clickhouse,consolidated,perf-stats-bidder-finally-dist,id_app,6,Int64,YES,
clickhouse,consolidated,perf-stats-bidder-finally-dist,adunit,7,String,YES,
clickhouse,consolidated,perf-stats-bidder-finally-dist,bundle,8,String,YES,
clickhouse,consolidated,perf-stats-bidder-finally-dist,country,9,LowCardinality(String),YES,
clickhouse,consolidated,perf-stats-bidder-finally-dist,id_size,10,UInt16,YES,
clickhouse,consolidated,perf-stats-bidder-finally-dist,video,11,UInt16,YES,
clickhouse,consolidated,perf-stats-bidder-finally-dist,video_type,12,LowCardinality(String),YES,
clickhouse,consolidated,perf-stats-bidder-finally-dist,source,13,LowCardinality(String),YES,
clickhouse,consolidated,perf-stats-bidder-finally-dist,perf_source,14,LowCardinality(String),YES,
clickhouse,consolidated,perf-stats-bidder-finally-dist,id_network,15,UInt32,YES,
clickhouse,consolidated,perf-stats-bidder-finally-dist,id_offer,16,UInt64,YES,
clickhouse,consolidated,perf-stats-bidder-finally-dist,offer_bundle,17,String,YES,
clickhouse,consolidated,perf-stats-bidder-finally-dist,offer_type,18,LowCardinality(String),YES,
clickhouse,consolidated,perf-stats-bidder-finally-dist,algo_incoming_traffic,19,LowCardinality(String),YES,
clickhouse,consolidated,perf-stats-bidder-finally-dist,algo_tag_reqs,20,LowCardinality(String),YES,
clickhouse,consolidated,perf-stats-bidder-finally-dist,algo_sprinkler,21,LowCardinality(String),YES,
clickhouse,consolidated,perf-stats-bidder-finally-dist,algo_offer_selection,22,LowCardinality(String),YES,
clickhouse,consolidated,perf-stats-bidder-finally-dist,requests,23,UInt64,YES,
clickhouse,consolidated,perf-stats-bidder-finally-dist,deliveries,24,UInt64,YES,
clickhouse,consolidated,perf-stats-bidder-finally-dist,impressions,25,UInt64,YES,
clickhouse,consolidated,perf-stats-bidder-finally-dist,clicks,26,UInt64,YES,
clickhouse,consolidated,perf-stats-bidder-finally-dist,installs,27,UInt64,YES,
clickhouse,consolidated,perf-stats-bidder-finally-dist,conversions,28,UInt64,YES,
clickhouse,consolidated,perf-stats-bidder-finally-dist,payable_events,29,UInt64,YES,
clickhouse,consolidated,perf-stats-bidder-finally-dist,currency,30,LowCardinality(String),YES,
clickhouse,consolidated,perf-stats-bidder-finally-dist,cost,31,"Decimal(20, 10)",YES,
clickhouse,consolidated,perf-stats-bidder-finally-dist,revenue_gross,32,"Decimal(20, 10)",YES,
clickhouse,consolidated,perf-stats-bidder-finally-dist,revenue_net,33,"Decimal(20, 10)",YES,
clickhouse,consolidated,perf-stats-bidder-finally-dist,revenue_estimated,34,"Nullable(Decimal(20, 10))",YES,
clickhouse,consolidated,perf-stats-bidder-finally-dist,user_revenue_share,35,"Decimal(5, 4)",YES,
clickhouse,consolidated,perf-stats-bidder-finally-dist,user_revenue_fix,36,"Decimal(20, 10)",YES,
clickhouse,consolidated,perf-stats-bidder-finally-dist,__deleted,37,String,YES,
clickhouse,consolidated,perf-stats-bidder-finally-dist,updated_at,38,DateTime64(3),YES,
clickhouse,consolidated,perf-stats-bidder-finally-mv,date,1,Date,YES,
clickhouse,consolidated,perf-stats-bidder-finally-mv,pk_hash,2,String,YES,
clickhouse,consolidated,perf-stats-bidder-finally-mv,id_user,3,UInt64,YES,
clickhouse,consolidated,perf-stats-bidder-finally-mv,endpoint,4,String,YES,
clickhouse,consolidated,perf-stats-bidder-finally-mv,id_os,5,UInt16,YES,
clickhouse,consolidated,perf-stats-bidder-finally-mv,id_app,6,UInt64,YES,
clickhouse,consolidated,perf-stats-bidder-finally-mv,adunit,7,String,YES,
clickhouse,consolidated,perf-stats-bidder-finally-mv,bundle,8,String,YES,
clickhouse,consolidated,perf-stats-bidder-finally-mv,country,9,LowCardinality(String),YES,
clickhouse,consolidated,perf-stats-bidder-finally-mv,id_size,10,UInt16,YES,
clickhouse,consolidated,perf-stats-bidder-finally-mv,video,11,UInt16,YES,
clickhouse,consolidated,perf-stats-bidder-finally-mv,video_type,12,LowCardinality(String),YES,
clickhouse,consolidated,perf-stats-bidder-finally-mv,source,13,LowCardinality(String),YES,
clickhouse,consolidated,perf-stats-bidder-finally-mv,perf_source,14,LowCardinality(String),YES,
clickhouse,consolidated,perf-stats-bidder-finally-mv,id_network,15,UInt32,YES,
clickhouse,consolidated,perf-stats-bidder-finally-mv,id_offer,16,UInt64,YES,
clickhouse,consolidated,perf-stats-bidder-finally-mv,offer_bundle,17,String,YES,
clickhouse,consolidated,perf-stats-bidder-finally-mv,offer_type,18,LowCardinality(String),YES,
clickhouse,consolidated,perf-stats-bidder-finally-mv,algo_incoming_traffic,19,LowCardinality(String),YES,
clickhouse,consolidated,perf-stats-bidder-finally-mv,algo_tag_reqs,20,LowCardinality(String),YES,
clickhouse,consolidated,perf-stats-bidder-finally-mv,algo_sprinkler,21,LowCardinality(String),YES,
clickhouse,consolidated,perf-stats-bidder-finally-mv,algo_offer_selection,22,LowCardinality(String),YES,
clickhouse,consolidated,perf-stats-bidder-finally-mv,requests,23,UInt64,YES,
clickhouse,consolidated,perf-stats-bidder-finally-mv,deliveries,24,UInt64,YES,
clickhouse,consolidated,perf-stats-bidder-finally-mv,impressions,25,UInt64,YES,
clickhouse,consolidated,perf-stats-bidder-finally-mv,clicks,26,UInt64,YES,
clickhouse,consolidated,perf-stats-bidder-finally-mv,installs,27,UInt64,YES,
clickhouse,consolidated,perf-stats-bidder-finally-mv,conversions,28,UInt64,YES,
clickhouse,consolidated,perf-stats-bidder-finally-mv,payable_events,29,UInt64,YES,
clickhouse,consolidated,perf-stats-bidder-finally-mv,currency,30,LowCardinality(String),YES,
clickhouse,consolidated,perf-stats-bidder-finally-mv,cost,31,"Decimal(20, 10)",YES,
clickhouse,consolidated,perf-stats-bidder-finally-mv,revenue_gross,32,"Decimal(20, 10)",YES,
clickhouse,consolidated,perf-stats-bidder-finally-mv,revenue_net,33,"Decimal(20, 10)",YES,
clickhouse,consolidated,perf-stats-bidder-finally-mv,revenue_estimated,34,"Nullable(Decimal(20, 10))",YES,
clickhouse,consolidated,perf-stats-bidder-finally-mv,user_revenue_share,35,"Decimal(5, 4)",YES,
clickhouse,consolidated,perf-stats-bidder-finally-mv,user_revenue_fix,36,"Decimal(20, 10)",YES,
clickhouse,consolidated,perf-stats-bidder-finally-mv,__deleted,37,String,YES,
clickhouse,consolidated,perf-stats-bidder-finally-mv,updated_at,38,DateTime64(3),YES,
clickhouse,consolidated,perf-stats-media-buy-finally,date,1,Date,YES,PRI
clickhouse,consolidated,perf-stats-media-buy-finally,id_user,2,UInt32,YES,
clickhouse,consolidated,perf-stats-media-buy-finally,publisher,3,String,YES,PRI
clickhouse,consolidated,perf-stats-media-buy-finally,supply_platform,4,String,YES,
clickhouse,consolidated,perf-stats-media-buy-finally,tracking_platform,5,String,YES,
clickhouse,consolidated,perf-stats-media-buy-finally,site_id,6,String,YES,PRI
clickhouse,consolidated,perf-stats-media-buy-finally,stats_source,7,String,YES,
clickhouse,consolidated,perf-stats-media-buy-finally,id_network,8,UInt64,YES,
clickhouse,consolidated,perf-stats-media-buy-finally,campaign_id,9,String,YES,PRI
clickhouse,consolidated,perf-stats-media-buy-finally,country,10,String,YES,
clickhouse,consolidated,perf-stats-media-buy-finally,event_name,11,Nullable(String),YES,
clickhouse,consolidated,perf-stats-media-buy-finally,revenue,12,"Decimal(10, 4)",YES,
clickhouse,consolidated,perf-stats-media-buy-finally,cost,13,"Decimal(10, 4)",YES,
clickhouse,consolidated,perf-stats-media-buy-finally,installs,14,UInt32,YES,
clickhouse,consolidated,perf-stats-media-buy-finally,event_count,15,UInt32,YES,
clickhouse,consolidated,perf-stats-media-buy-finally,__deleted,16,String,YES,
clickhouse,consolidated,perf-stats-media-buy-finally,updated_at,17,DateTime64(3),YES,
clickhouse,consolidated,perf-stats-media-buy-finally,city_hash,18,UInt64,YES,PRI
clickhouse,consolidated,perf-stats-media-buy-finally,id_am_demand,19,Nullable(UInt32),YES,
clickhouse,consolidated,perf-stats-media-buy-finally,id_am_supply,20,Nullable(UInt32),YES,
clickhouse,consolidated,perf-stats-media-buy-finally-dist,date,1,Date,YES,
clickhouse,consolidated,perf-stats-media-buy-finally-dist,id_user,2,UInt32,YES,
clickhouse,consolidated,perf-stats-media-buy-finally-dist,publisher,3,String,YES,
clickhouse,consolidated,perf-stats-media-buy-finally-dist,supply_platform,4,String,YES,
clickhouse,consolidated,perf-stats-media-buy-finally-dist,tracking_platform,5,String,YES,
clickhouse,consolidated,perf-stats-media-buy-finally-dist,site_id,6,String,YES,
clickhouse,consolidated,perf-stats-media-buy-finally-dist,stats_source,7,String,YES,
clickhouse,consolidated,perf-stats-media-buy-finally-dist,id_network,8,UInt64,YES,
clickhouse,consolidated,perf-stats-media-buy-finally-dist,campaign_id,9,String,YES,
clickhouse,consolidated,perf-stats-media-buy-finally-dist,country,10,String,YES,
clickhouse,consolidated,perf-stats-media-buy-finally-dist,event_name,11,Nullable(String),YES,
clickhouse,consolidated,perf-stats-media-buy-finally-dist,revenue,12,"Decimal(10, 4)",YES,
clickhouse,consolidated,perf-stats-media-buy-finally-dist,cost,13,"Decimal(10, 4)",YES,
clickhouse,consolidated,perf-stats-media-buy-finally-dist,installs,14,UInt32,YES,
clickhouse,consolidated,perf-stats-media-buy-finally-dist,event_count,15,UInt32,YES,
clickhouse,consolidated,perf-stats-media-buy-finally-dist,__deleted,16,String,YES,
clickhouse,consolidated,perf-stats-media-buy-finally-dist,updated_at,17,DateTime64(3),YES,
clickhouse,consolidated,perf-stats-media-buy-finally-dist,city_hash,18,UInt64,YES,
clickhouse,consolidated,perf-stats-media-buy-finally-dist,id_am_demand,19,Nullable(UInt32),YES,
clickhouse,consolidated,perf-stats-media-buy-finally-dist,id_am_supply,20,Nullable(UInt32),YES,
clickhouse,consolidated,perf-stats-media-buy-finally-mv,date,1,Date,YES,
clickhouse,consolidated,perf-stats-media-buy-finally-mv,id_user,2,UInt32,YES,
clickhouse,consolidated,perf-stats-media-buy-finally-mv,publisher,3,String,YES,
clickhouse,consolidated,perf-stats-media-buy-finally-mv,supply_platform,4,String,YES,
clickhouse,consolidated,perf-stats-media-buy-finally-mv,tracking_platform,5,String,YES,
clickhouse,consolidated,perf-stats-media-buy-finally-mv,site_id,6,String,YES,
clickhouse,consolidated,perf-stats-media-buy-finally-mv,stats_source,7,String,YES,
clickhouse,consolidated,perf-stats-media-buy-finally-mv,id_network,8,UInt64,YES,
clickhouse,consolidated,perf-stats-media-buy-finally-mv,campaign_id,9,String,YES,
clickhouse,consolidated,perf-stats-media-buy-finally-mv,country,10,String,YES,
clickhouse,consolidated,perf-stats-media-buy-finally-mv,event_name,11,Nullable(String),YES,
clickhouse,consolidated,perf-stats-media-buy-finally-mv,revenue,12,"Decimal(10, 4)",YES,
clickhouse,consolidated,perf-stats-media-buy-finally-mv,cost,13,"Decimal(10, 4)",YES,
clickhouse,consolidated,perf-stats-media-buy-finally-mv,installs,14,UInt32,YES,
clickhouse,consolidated,perf-stats-media-buy-finally-mv,event_count,15,UInt32,YES,
clickhouse,consolidated,perf-stats-media-buy-finally-mv,__deleted,16,String,YES,
clickhouse,consolidated,perf-stats-media-buy-finally-mv,updated_at,17,DateTime64(3),YES,
clickhouse,consolidated,ssp-bidder-deals-stats-by-day-aggregate,date,1,String,YES,PRI
clickhouse,consolidated,ssp-bidder-deals-stats-by-day-aggregate,endpoint,2,String,YES,PRI
clickhouse,consolidated,ssp-bidder-deals-stats-by-day-aggregate,id_user,3,Nullable(Int64),YES,PRI
clickhouse,consolidated,ssp-bidder-deals-stats-by-day-aggregate,adunit,4,String,YES,PRI
clickhouse,consolidated,ssp-bidder-deals-stats-by-day-aggregate,id_app,5,Nullable(Int64),YES,PRI
clickhouse,consolidated,ssp-bidder-deals-stats-by-day-aggregate,bundle,6,Nullable(String),YES,PRI
clickhouse,consolidated,ssp-bidder-deals-stats-by-day-aggregate,bundle_numerico,7,Nullable(Int64),YES,PRI
clickhouse,consolidated,ssp-bidder-deals-stats-by-day-aggregate,channel,8,Nullable(String),YES,PRI
clickhouse,consolidated,ssp-bidder-deals-stats-by-day-aggregate,id_os,9,Int64,YES,PRI
clickhouse,consolidated,ssp-bidder-deals-stats-by-day-aggregate,inventory_type,10,Nullable(String),YES,PRI
clickhouse,consolidated,ssp-bidder-deals-stats-by-day-aggregate,country,11,String,YES,PRI
clickhouse,consolidated,ssp-bidder-deals-stats-by-day-aggregate,id_size,12,Nullable(Int64),YES,PRI
clickhouse,consolidated,ssp-bidder-deals-stats-by-day-aggregate,ad_size,13,String,YES,PRI
clickhouse,consolidated,ssp-bidder-deals-stats-by-day-aggregate,json_data,14,Nullable(String),YES,PRI
clickhouse,consolidated,ssp-bidder-deals-stats-by-day-aggregate,json_qa,15,Nullable(String),YES,PRI
clickhouse,consolidated,ssp-bidder-deals-stats-by-day-aggregate,delivery_network,16,"AggregateFunction(sum, Int64)",YES,
clickhouse,consolidated,ssp-bidder-deals-stats-by-day-aggregate,delivery_network_rejected_ad,17,"AggregateFunction(sum, Int64)",YES,
clickhouse,consolidated,ssp-bidder-deals-stats-by-day-aggregate,delivery_winner,18,"AggregateFunction(sum, Int64)",YES,
clickhouse,consolidated,ssp-bidder-deals-stats-by-day-aggregate,delivery_cache,19,"AggregateFunction(sum, Int64)",YES,
clickhouse,consolidated,ssp-bidder-deals-stats-by-day-aggregate,delivery_cache_winner,20,"AggregateFunction(sum, Int64)",YES,
clickhouse,consolidated,ssp-bidder-deals-stats-by-day-aggregate,total_time_response,21,"AggregateFunction(sum, Int64)",YES,
clickhouse,consolidated,ssp-bidder-deals-stats-by-day-aggregate,total_time_response_with_ad_direct,22,"AggregateFunction(sum, Int64)",YES,
clickhouse,consolidated,ssp-bidder-deals-stats-by-day-aggregate,total_time_response_with_ad_cache,23,"AggregateFunction(sum, Int64)",YES,
clickhouse,consolidated,ssp-bidder-deals-stats-by-day-aggregate,impressions_total,24,"AggregateFunction(uniqCombined64, Int64)",YES,
clickhouse,consolidated,ssp-bidder-deals-stats-by-day-aggregate,impressions_direct,25,"AggregateFunction(uniqCombined64, Int64)",YES,
clickhouse,consolidated,ssp-bidder-deals-stats-by-day-aggregate,impressions_cache,26,"AggregateFunction(uniqCombined64, Int64)",YES,
clickhouse,consolidated,ssp-bidder-deals-stats-by-day-aggregate,price_publisher_in_request,27,"AggregateFunction(groupUniqArray, Tuple(Int64, Float64))",YES,
clickhouse,consolidated,ssp-bidder-deals-stats-by-day-aggregate,price_publisher_from_dashboard,28,"AggregateFunction(groupUniqArray, Tuple(Int64, Float64))",YES,
clickhouse,consolidated,ssp-bidder-deals-stats-by-day-aggregate,price_publisher_request_used,29,"AggregateFunction(groupUniqArray, Tuple(Int64, Float64))",YES,
clickhouse,consolidated,ssp-bidder-deals-stats-by-day-aggregate,price_network_request,30,"AggregateFunction(groupUniqArray, Tuple(Int64, Float64))",YES,
clickhouse,consolidated,ssp-bidder-deals-stats-by-day-aggregate,price_network_response_gross_total,31,"AggregateFunction(groupUniqArray, Tuple(Int64, Float64))",YES,
clickhouse,consolidated,ssp-bidder-deals-stats-by-day-aggregate,price_network_response_net_total,32,"AggregateFunction(groupUniqArray, Tuple(Int64, Float64))",YES,
clickhouse,consolidated,ssp-bidder-deals-stats-by-day-aggregate,price_publisher_response_total,33,"AggregateFunction(groupUniqArray, Tuple(Int64, Float64))",YES,
clickhouse,consolidated,ssp-bidder-deals-stats-by-day-aggregate,price_network_response_gross_direct,34,"AggregateFunction(groupUniqArray, Tuple(Int64, Float64))",YES,
clickhouse,consolidated,ssp-bidder-deals-stats-by-day-aggregate,price_network_response_net_direct,35,"AggregateFunction(groupUniqArray, Tuple(Int64, Float64))",YES,
clickhouse,consolidated,ssp-bidder-deals-stats-by-day-aggregate,price_publisher_response_direct,36,"AggregateFunction(groupUniqArray, Tuple(Int64, Float64))",YES,
clickhouse,consolidated,ssp-bidder-deals-stats-by-day-aggregate,price_network_response_gross_cache,37,"AggregateFunction(groupUniqArray, Tuple(Int64, Float64))",YES,
clickhouse,consolidated,ssp-bidder-deals-stats-by-day-aggregate,price_network_response_net_cache,38,"AggregateFunction(groupUniqArray, Tuple(Int64, Float64))",YES,
clickhouse,consolidated,ssp-bidder-deals-stats-by-day-aggregate,price_publisher_response_cache,39,"AggregateFunction(groupUniqArray, Tuple(Int64, Float64))",YES,
clickhouse,consolidated,ssp-bidder-deals-stats-by-day-aggregate,v_quartiles_0,40,"AggregateFunction(uniqCombined64, Int64)",YES,
clickhouse,consolidated,ssp-bidder-deals-stats-by-day-aggregate,v_quartiles_25,41,"AggregateFunction(uniqCombined64, Int64)",YES,
clickhouse,consolidated,ssp-bidder-deals-stats-by-day-aggregate,v_quartiles_50,42,"AggregateFunction(uniqCombined64, Int64)",YES,
clickhouse,consolidated,ssp-bidder-deals-stats-by-day-aggregate,v_quartiles_75,43,"AggregateFunction(uniqCombined64, Int64)",YES,
clickhouse,consolidated,ssp-bidder-deals-stats-by-day-aggregate,v_quartiles_100,44,"AggregateFunction(uniqCombined64, Int64)",YES,
clickhouse,consolidated,ssp-bidder-deals-stats-by-day-aggregate,clicks_total,45,"AggregateFunction(uniqCombined64, Int64)",YES,
clickhouse,consolidated,ssp-bidder-deals-stats-by-day-aggregate,clicks_direct,46,"AggregateFunction(uniqCombined64, Int64)",YES,
clickhouse,consolidated,ssp-bidder-deals-stats-by-day-aggregate,clicks_cache,47,"AggregateFunction(uniqCombined64, Int64)",YES,
clickhouse,consolidated,ssp-bidder-deals-stats-by-day-aggregate-deliveries-mv,date,1,String,YES,
clickhouse,consolidated,ssp-bidder-deals-stats-by-day-aggregate-deliveries-mv,endpoint,2,String,YES,
clickhouse,consolidated,ssp-bidder-deals-stats-by-day-aggregate-deliveries-mv,id_user,3,Nullable(Int64),YES,
clickhouse,consolidated,ssp-bidder-deals-stats-by-day-aggregate-deliveries-mv,adunit,4,String,YES,
clickhouse,consolidated,ssp-bidder-deals-stats-by-day-aggregate-deliveries-mv,id_app,5,Nullable(Int64),YES,
clickhouse,consolidated,ssp-bidder-deals-stats-by-day-aggregate-deliveries-mv,bundle,6,Nullable(String),YES,
clickhouse,consolidated,ssp-bidder-deals-stats-by-day-aggregate-deliveries-mv,bundle_numerico,7,Nullable(Int64),YES,
clickhouse,consolidated,ssp-bidder-deals-stats-by-day-aggregate-deliveries-mv,channel,8,Nullable(String),YES,
clickhouse,consolidated,ssp-bidder-deals-stats-by-day-aggregate-deliveries-mv,id_os,9,Int64,YES,
clickhouse,consolidated,ssp-bidder-deals-stats-by-day-aggregate-deliveries-mv,inventory_type,10,Nullable(String),YES,
clickhouse,consolidated,ssp-bidder-deals-stats-by-day-aggregate-deliveries-mv,country,11,String,YES,
clickhouse,consolidated,ssp-bidder-deals-stats-by-day-aggregate-deliveries-mv,id_size,12,Nullable(Int64),YES,
clickhouse,consolidated,ssp-bidder-deals-stats-by-day-aggregate-deliveries-mv,ad_size,13,String,YES,
clickhouse,consolidated,ssp-bidder-deals-stats-by-day-aggregate-deliveries-mv,json_data,14,Nullable(String),YES,
clickhouse,consolidated,ssp-bidder-deals-stats-by-day-aggregate-deliveries-mv,json_qa,15,Nullable(String),YES,
clickhouse,consolidated,ssp-bidder-deals-stats-by-day-aggregate-deliveries-mv,delivery_network,16,"AggregateFunction(sum, Int64)",YES,
clickhouse,consolidated,ssp-bidder-deals-stats-by-day-aggregate-deliveries-mv,delivery_network_rejected_ad,17,"AggregateFunction(sum, Int64)",YES,
clickhouse,consolidated,ssp-bidder-deals-stats-by-day-aggregate-deliveries-mv,delivery_winner,18,"AggregateFunction(sum, Int64)",YES,
clickhouse,consolidated,ssp-bidder-deals-stats-by-day-aggregate-deliveries-mv,delivery_cache,19,"AggregateFunction(sum, Int64)",YES,
clickhouse,consolidated,ssp-bidder-deals-stats-by-day-aggregate-deliveries-mv,delivery_cache_winner,20,"AggregateFunction(sum, Int64)",YES,
clickhouse,consolidated,ssp-bidder-deals-stats-by-day-aggregate-deliveries-mv,total_time_response,21,"AggregateFunction(sum, Int64)",YES,
clickhouse,consolidated,ssp-bidder-deals-stats-by-day-aggregate-deliveries-mv,total_time_response_with_ad_direct,22,"AggregateFunction(sum, Int64)",YES,
clickhouse,consolidated,ssp-bidder-deals-stats-by-day-aggregate-deliveries-mv,total_time_response_with_ad_cache,23,"AggregateFunction(sum, Int64)",YES,
clickhouse,consolidated,ssp-bidder-deals-stats-by-day-aggregate-dist,date,1,String,YES,
clickhouse,consolidated,ssp-bidder-deals-stats-by-day-aggregate-dist,endpoint,2,String,YES,
clickhouse,consolidated,ssp-bidder-deals-stats-by-day-aggregate-dist,id_user,3,Nullable(Int64),YES,
clickhouse,consolidated,ssp-bidder-deals-stats-by-day-aggregate-dist,adunit,4,String,YES,
clickhouse,consolidated,ssp-bidder-deals-stats-by-day-aggregate-dist,id_app,5,Nullable(Int64),YES,
clickhouse,consolidated,ssp-bidder-deals-stats-by-day-aggregate-dist,bundle,6,Nullable(String),YES,
clickhouse,consolidated,ssp-bidder-deals-stats-by-day-aggregate-dist,bundle_numerico,7,Nullable(Int64),YES,
clickhouse,consolidated,ssp-bidder-deals-stats-by-day-aggregate-dist,channel,8,Nullable(String),YES,
clickhouse,consolidated,ssp-bidder-deals-stats-by-day-aggregate-dist,id_os,9,Int64,YES,
clickhouse,consolidated,ssp-bidder-deals-stats-by-day-aggregate-dist,inventory_type,10,Nullable(String),YES,
clickhouse,consolidated,ssp-bidder-deals-stats-by-day-aggregate-dist,country,11,String,YES,
clickhouse,consolidated,ssp-bidder-deals-stats-by-day-aggregate-dist,id_size,12,Nullable(Int64),YES,
clickhouse,consolidated,ssp-bidder-deals-stats-by-day-aggregate-dist,ad_size,13,String,YES,
clickhouse,consolidated,ssp-bidder-deals-stats-by-day-aggregate-dist,json_data,14,Nullable(String),YES,
clickhouse,consolidated,ssp-bidder-deals-stats-by-day-aggregate-dist,json_qa,15,Nullable(String),YES,
clickhouse,consolidated,ssp-bidder-deals-stats-by-day-aggregate-dist,delivery_network,16,"AggregateFunction(sum, Int64)",YES,
clickhouse,consolidated,ssp-bidder-deals-stats-by-day-aggregate-dist,delivery_network_rejected_ad,17,"AggregateFunction(sum, Int64)",YES,
clickhouse,consolidated,ssp-bidder-deals-stats-by-day-aggregate-dist,delivery_winner,18,"AggregateFunction(sum, Int64)",YES,
clickhouse,consolidated,ssp-bidder-deals-stats-by-day-aggregate-dist,delivery_cache,19,"AggregateFunction(sum, Int64)",YES,
clickhouse,consolidated,ssp-bidder-deals-stats-by-day-aggregate-dist,delivery_cache_winner,20,"AggregateFunction(sum, Int64)",YES,
clickhouse,consolidated,ssp-bidder-deals-stats-by-day-aggregate-dist,total_time_response,21,"AggregateFunction(sum, Int64)",YES,
clickhouse,consolidated,ssp-bidder-deals-stats-by-day-aggregate-dist,total_time_response_with_ad_direct,22,"AggregateFunction(sum, Int64)",YES,
clickhouse,consolidated,ssp-bidder-deals-stats-by-day-aggregate-dist,total_time_response_with_ad_cache,23,"AggregateFunction(sum, Int64)",YES,
clickhouse,consolidated,ssp-bidder-deals-stats-by-day-aggregate-dist,impressions_total,24,"AggregateFunction(uniqCombined64, Int64)",YES,
clickhouse,consolidated,ssp-bidder-deals-stats-by-day-aggregate-dist,impressions_direct,25,"AggregateFunction(uniqCombined64, Int64)",YES,
clickhouse,consolidated,ssp-bidder-deals-stats-by-day-aggregate-dist,impressions_cache,26,"AggregateFunction(uniqCombined64, Int64)",YES,
clickhouse,consolidated,ssp-bidder-deals-stats-by-day-aggregate-dist,price_publisher_in_request,27,"AggregateFunction(groupUniqArray, Tuple(Int64, Float64))",YES,
clickhouse,consolidated,ssp-bidder-deals-stats-by-day-aggregate-dist,price_publisher_from_dashboard,28,"AggregateFunction(groupUniqArray, Tuple(Int64, Float64))",YES,
clickhouse,consolidated,ssp-bidder-deals-stats-by-day-aggregate-dist,price_publisher_request_used,29,"AggregateFunction(groupUniqArray, Tuple(Int64, Float64))",YES,
clickhouse,consolidated,ssp-bidder-deals-stats-by-day-aggregate-dist,price_network_request,30,"AggregateFunction(groupUniqArray, Tuple(Int64, Float64))",YES,
clickhouse,consolidated,ssp-bidder-deals-stats-by-day-aggregate-dist,price_network_response_gross_total,31,"AggregateFunction(groupUniqArray, Tuple(Int64, Float64))",YES,
clickhouse,consolidated,ssp-bidder-deals-stats-by-day-aggregate-dist,price_network_response_net_total,32,"AggregateFunction(groupUniqArray, Tuple(Int64, Float64))",YES,
clickhouse,consolidated,ssp-bidder-deals-stats-by-day-aggregate-dist,price_publisher_response_total,33,"AggregateFunction(groupUniqArray, Tuple(Int64, Float64))",YES,
clickhouse,consolidated,ssp-bidder-deals-stats-by-day-aggregate-dist,price_network_response_gross_direct,34,"AggregateFunction(groupUniqArray, Tuple(Int64, Float64))",YES,
clickhouse,consolidated,ssp-bidder-deals-stats-by-day-aggregate-dist,price_network_response_net_direct,35,"AggregateFunction(groupUniqArray, Tuple(Int64, Float64))",YES,
clickhouse,consolidated,ssp-bidder-deals-stats-by-day-aggregate-dist,price_publisher_response_direct,36,"AggregateFunction(groupUniqArray, Tuple(Int64, Float64))",YES,
clickhouse,consolidated,ssp-bidder-deals-stats-by-day-aggregate-dist,price_network_response_gross_cache,37,"AggregateFunction(groupUniqArray, Tuple(Int64, Float64))",YES,
clickhouse,consolidated,ssp-bidder-deals-stats-by-day-aggregate-dist,price_network_response_net_cache,38,"AggregateFunction(groupUniqArray, Tuple(Int64, Float64))",YES,
clickhouse,consolidated,ssp-bidder-deals-stats-by-day-aggregate-dist,price_publisher_response_cache,39,"AggregateFunction(groupUniqArray, Tuple(Int64, Float64))",YES,
clickhouse,consolidated,ssp-bidder-deals-stats-by-day-aggregate-dist,v_quartiles_0,40,"AggregateFunction(uniqCombined64, Int64)",YES,
clickhouse,consolidated,ssp-bidder-deals-stats-by-day-aggregate-dist,v_quartiles_25,41,"AggregateFunction(uniqCombined64, Int64)",YES,
clickhouse,consolidated,ssp-bidder-deals-stats-by-day-aggregate-dist,v_quartiles_50,42,"AggregateFunction(uniqCombined64, Int64)",YES,
clickhouse,consolidated,ssp-bidder-deals-stats-by-day-aggregate-dist,v_quartiles_75,43,"AggregateFunction(uniqCombined64, Int64)",YES,
clickhouse,consolidated,ssp-bidder-deals-stats-by-day-aggregate-dist,v_quartiles_100,44,"AggregateFunction(uniqCombined64, Int64)",YES,
clickhouse,consolidated,ssp-bidder-deals-stats-by-day-aggregate-dist,clicks_total,45,"AggregateFunction(uniqCombined64, Int64)",YES,
clickhouse,consolidated,ssp-bidder-deals-stats-by-day-aggregate-dist,clicks_direct,46,"AggregateFunction(uniqCombined64, Int64)",YES,
clickhouse,consolidated,ssp-bidder-deals-stats-by-day-aggregate-dist,clicks_cache,47,"AggregateFunction(uniqCombined64, Int64)",YES,
clickhouse,consolidated,ssp-bidder-deals-stats-by-day-aggregate-impressions-mv,date,1,String,YES,
clickhouse,consolidated,ssp-bidder-deals-stats-by-day-aggregate-impressions-mv,endpoint,2,String,YES,
clickhouse,consolidated,ssp-bidder-deals-stats-by-day-aggregate-impressions-mv,id_user,3,Int64,YES,
clickhouse,consolidated,ssp-bidder-deals-stats-by-day-aggregate-impressions-mv,adunit,4,String,YES,
clickhouse,consolidated,ssp-bidder-deals-stats-by-day-aggregate-impressions-mv,id_app,5,Int64,YES,
clickhouse,consolidated,ssp-bidder-deals-stats-by-day-aggregate-impressions-mv,bundle,6,String,YES,
clickhouse,consolidated,ssp-bidder-deals-stats-by-day-aggregate-impressions-mv,bundle_numerico,7,Nullable(Int64),YES,
clickhouse,consolidated,ssp-bidder-deals-stats-by-day-aggregate-impressions-mv,channel,8,Nullable(String),YES,
clickhouse,consolidated,ssp-bidder-deals-stats-by-day-aggregate-impressions-mv,id_os,9,Int64,YES,
clickhouse,consolidated,ssp-bidder-deals-stats-by-day-aggregate-impressions-mv,inventory_type,10,String,YES,
clickhouse,consolidated,ssp-bidder-deals-stats-by-day-aggregate-impressions-mv,country,11,String,YES,
clickhouse,consolidated,ssp-bidder-deals-stats-by-day-aggregate-impressions-mv,id_size,12,Int64,YES,
clickhouse,consolidated,ssp-bidder-deals-stats-by-day-aggregate-impressions-mv,ad_size,13,String,YES,
clickhouse,consolidated,ssp-bidder-deals-stats-by-day-aggregate-impressions-mv,json_data,14,String,YES,
clickhouse,consolidated,ssp-bidder-deals-stats-by-day-aggregate-impressions-mv,json_qa,15,String,YES,
clickhouse,consolidated,ssp-bidder-deals-stats-by-day-aggregate-impressions-mv,impressions_total,16,"AggregateFunction(uniqCombined64, Int64)",YES,
clickhouse,consolidated,ssp-bidder-deals-stats-by-day-aggregate-impressions-mv,impressions_direct,17,"AggregateFunction(uniqCombined64, Int64)",YES,
clickhouse,consolidated,ssp-bidder-deals-stats-by-day-aggregate-impressions-mv,impressions_cache,18,"AggregateFunction(uniqCombined64, Int64)",YES,
clickhouse,consolidated,ssp-bidder-deals-stats-by-day-aggregate-impressions-mv,price_publisher_in_request,19,"AggregateFunction(groupUniqArray, Tuple(Int64, Float64))",YES,
clickhouse,consolidated,ssp-bidder-deals-stats-by-day-aggregate-impressions-mv,price_publisher_from_dashboard,20,"AggregateFunction(groupUniqArray, Tuple(Int64, Float64))",YES,
clickhouse,consolidated,ssp-bidder-deals-stats-by-day-aggregate-impressions-mv,price_publisher_request_used,21,"AggregateFunction(groupUniqArray, Tuple(Int64, Float64))",YES,
clickhouse,consolidated,ssp-bidder-deals-stats-by-day-aggregate-impressions-mv,price_network_request,22,"AggregateFunction(groupUniqArray, Tuple(Int64, Float64))",YES,
clickhouse,consolidated,ssp-bidder-deals-stats-by-day-aggregate-impressions-mv,price_network_response_gross_total,23,"AggregateFunction(groupUniqArray, Tuple(Int64, Float64))",YES,
clickhouse,consolidated,ssp-bidder-deals-stats-by-day-aggregate-impressions-mv,price_network_response_net_total,24,"AggregateFunction(groupUniqArray, Tuple(Int64, Float64))",YES,
clickhouse,consolidated,ssp-bidder-deals-stats-by-day-aggregate-impressions-mv,price_publisher_response_total,25,"AggregateFunction(groupUniqArray, Tuple(Int64, Float64))",YES,
clickhouse,consolidated,ssp-bidder-deals-stats-by-day-aggregate-impressions-mv,price_network_response_gross_direct,26,"AggregateFunction(groupUniqArray, Tuple(Int64, Float64))",YES,
clickhouse,consolidated,ssp-bidder-deals-stats-by-day-aggregate-impressions-mv,price_network_response_net_direct,27,"AggregateFunction(groupUniqArray, Tuple(Int64, Float64))",YES,
clickhouse,consolidated,ssp-bidder-deals-stats-by-day-aggregate-impressions-mv,price_publisher_response_direct,28,"AggregateFunction(groupUniqArray, Tuple(Int64, Float64))",YES,
clickhouse,consolidated,ssp-bidder-deals-stats-by-day-aggregate-impressions-mv,price_network_response_gross_cache,29,"AggregateFunction(groupUniqArray, Tuple(Int64, Float64))",YES,
clickhouse,consolidated,ssp-bidder-deals-stats-by-day-aggregate-impressions-mv,price_network_response_net_cache,30,"AggregateFunction(groupUniqArray, Tuple(Int64, Float64))",YES,
clickhouse,consolidated,ssp-bidder-deals-stats-by-day-aggregate-impressions-mv,price_publisher_response_cache,31,"AggregateFunction(groupUniqArray, Tuple(Int64, Float64))",YES,
clickhouse,consolidated,ssp-bidder-deals-stats-by-day-aggregate-impressions-mv,v_quartiles_0,32,"AggregateFunction(uniqCombined64, Int64)",YES,
clickhouse,consolidated,ssp-bidder-deals-stats-by-day-aggregate-impressions-mv,v_quartiles_25,33,"AggregateFunction(uniqCombined64, Int64)",YES,
clickhouse,consolidated,ssp-bidder-deals-stats-by-day-aggregate-impressions-mv,v_quartiles_50,34,"AggregateFunction(uniqCombined64, Int64)",YES,
clickhouse,consolidated,ssp-bidder-deals-stats-by-day-aggregate-impressions-mv,v_quartiles_75,35,"AggregateFunction(uniqCombined64, Int64)",YES,
clickhouse,consolidated,ssp-bidder-deals-stats-by-day-aggregate-impressions-mv,v_quartiles_100,36,"AggregateFunction(uniqCombined64, Int64)",YES,
clickhouse,consolidated,ssp-check-impression-by-minute-aggregate,date,1,String,YES,PRI
clickhouse,consolidated,ssp-check-impression-by-minute-aggregate,hour,2,Int64,YES,PRI
clickhouse,consolidated,ssp-check-impression-by-minute-aggregate,minute,3,Int64,YES,PRI
clickhouse,consolidated,ssp-check-impression-by-minute-aggregate,datacenter,4,String,YES,PRI
clickhouse,consolidated,ssp-check-impression-by-minute-aggregate,canary,5,Bool,YES,PRI
clickhouse,consolidated,ssp-check-impression-by-minute-aggregate,endpoint,6,String,YES,PRI
clickhouse,consolidated,ssp-check-impression-by-minute-aggregate,endpoint_type,7,Nullable(String),YES,PRI
clickhouse,consolidated,ssp-check-impression-by-minute-aggregate,mediation_connection,8,Nullable(String),YES,PRI
clickhouse,consolidated,ssp-check-impression-by-minute-aggregate,id_user,9,Nullable(Int64),YES,PRI
clickhouse,consolidated,ssp-check-impression-by-minute-aggregate,adunit,10,String,YES,PRI
clickhouse,consolidated,ssp-check-impression-by-minute-aggregate,id_app,11,Nullable(Int64),YES,PRI
clickhouse,consolidated,ssp-check-impression-by-minute-aggregate,bundle,12,Nullable(String),YES,PRI
clickhouse,consolidated,ssp-check-impression-by-minute-aggregate,bundle_numerico,13,Nullable(Int64),YES,PRI
clickhouse,consolidated,ssp-check-impression-by-minute-aggregate,channel,14,Nullable(String),YES,PRI
clickhouse,consolidated,ssp-check-impression-by-minute-aggregate,id_os,15,Int64,YES,PRI
clickhouse,consolidated,ssp-check-impression-by-minute-aggregate,inventory_type,16,Nullable(String),YES,PRI
clickhouse,consolidated,ssp-check-impression-by-minute-aggregate,country,17,String,YES,PRI
clickhouse,consolidated,ssp-check-impression-by-minute-aggregate,id_size,18,Nullable(Int64),YES,PRI
clickhouse,consolidated,ssp-check-impression-by-minute-aggregate,ad_size,19,String,YES,PRI
clickhouse,consolidated,ssp-check-impression-by-minute-aggregate,network_id,20,Int64,YES,PRI
clickhouse,consolidated,ssp-check-impression-by-minute-aggregate,network_name,21,Nullable(String),YES,PRI
clickhouse,consolidated,ssp-check-impression-by-minute-aggregate,network_key,22,Nullable(String),YES,PRI
clickhouse,consolidated,ssp-check-impression-by-minute-aggregate,json_data,23,Nullable(String),YES,PRI
clickhouse,consolidated,ssp-check-impression-by-minute-aggregate,impressions_validated_total,24,"AggregateFunction(uniqCombined64, Int64)",YES,
clickhouse,consolidated,ssp-check-impression-by-minute-aggregate,impressions_validated_showed_duplicated,25,"AggregateFunction(uniqCombined64, Int64)",YES,
clickhouse,consolidated,ssp-check-impression-by-minute-aggregate,impressions_validated_expired,26,"AggregateFunction(uniqCombined64, Int64)",YES,
clickhouse,consolidated,ssp-check-impression-by-minute-aggregate,impressions_duplicated_total,27,"AggregateFunction(uniqCombined64, Int64)",YES,
clickhouse,consolidated,ssp-check-impression-by-minute-aggregate,impressions_duplicated_showed_duplicated,28,"AggregateFunction(uniqCombined64, Int64)",YES,
clickhouse,consolidated,ssp-check-impression-by-minute-aggregate,impressions_duplicated_expired,29,"AggregateFunction(uniqCombined64, Int64)",YES,
clickhouse,consolidated,ssp-check-impression-by-minute-aggregate,impressions_timeout_total,30,"AggregateFunction(uniqCombined64, Int64)",YES,
clickhouse,consolidated,ssp-check-impression-by-minute-aggregate,impressions_timeout_showed_duplicated,31,"AggregateFunction(uniqCombined64, Int64)",YES,
clickhouse,consolidated,ssp-check-impression-by-minute-aggregate,impressions_timeout_expired,32,"AggregateFunction(uniqCombined64, Int64)",YES,
clickhouse,consolidated,ssp-check-impression-by-minute-aggregate,revenue_network_net_validated_total,33,"AggregateFunction(groupUniqArray, Tuple(Int64, Float64))",YES,
clickhouse,consolidated,ssp-check-impression-by-minute-aggregate,revenue_network_net_validated_showed_duplicated,34,"AggregateFunction(groupUniqArray, Tuple(Int64, Float64))",YES,
clickhouse,consolidated,ssp-check-impression-by-minute-aggregate,revenue_network_net_validated_expired,35,"AggregateFunction(groupUniqArray, Tuple(Int64, Float64))",YES,
clickhouse,consolidated,ssp-check-impression-by-minute-aggregate,revenue_network_net_duplicated_total,36,"AggregateFunction(groupUniqArray, Tuple(Int64, Float64))",YES,
clickhouse,consolidated,ssp-check-impression-by-minute-aggregate,revenue_network_net_duplicated_showed_duplicated,37,"AggregateFunction(groupUniqArray, Tuple(Int64, Float64))",YES,
clickhouse,consolidated,ssp-check-impression-by-minute-aggregate,revenue_network_net_duplicated_expired,38,"AggregateFunction(groupUniqArray, Tuple(Int64, Float64))",YES,
clickhouse,consolidated,ssp-check-impression-by-minute-aggregate,revenue_network_net_timeout_total,39,"AggregateFunction(groupUniqArray, Tuple(Int64, Float64))",YES,
clickhouse,consolidated,ssp-check-impression-by-minute-aggregate,revenue_network_net_timeout_showed_duplicated,40,"AggregateFunction(groupUniqArray, Tuple(Int64, Float64))",YES,
clickhouse,consolidated,ssp-check-impression-by-minute-aggregate,revenue_network_net_timeout_expired,41,"AggregateFunction(groupUniqArray, Tuple(Int64, Float64))",YES,
clickhouse,consolidated,ssp-check-impression-by-minute-aggregate,revenue_network_gross_validated_total,42,"AggregateFunction(groupUniqArray, Tuple(Int64, Float64))",YES,
clickhouse,consolidated,ssp-check-impression-by-minute-aggregate,revenue_network_gross_validated_showed_duplicated,43,"AggregateFunction(groupUniqArray, Tuple(Int64, Float64))",YES,
clickhouse,consolidated,ssp-check-impression-by-minute-aggregate,revenue_network_gross_validated_expired,44,"AggregateFunction(groupUniqArray, Tuple(Int64, Float64))",YES,
clickhouse,consolidated,ssp-check-impression-by-minute-aggregate,revenue_network_gross_duplicated_total,45,"AggregateFunction(groupUniqArray, Tuple(Int64, Float64))",YES,
clickhouse,consolidated,ssp-check-impression-by-minute-aggregate,revenue_network_gross_duplicated_showed_duplicated,46,"AggregateFunction(groupUniqArray, Tuple(Int64, Float64))",YES,
clickhouse,consolidated,ssp-check-impression-by-minute-aggregate,revenue_network_gross_duplicated_expired,47,"AggregateFunction(groupUniqArray, Tuple(Int64, Float64))",YES,
clickhouse,consolidated,ssp-check-impression-by-minute-aggregate,revenue_network_gross_timeout_total,48,"AggregateFunction(groupUniqArray, Tuple(Int64, Float64))",YES,
clickhouse,consolidated,ssp-check-impression-by-minute-aggregate,revenue_network_gross_timeout_showed_duplicated,49,"AggregateFunction(groupUniqArray, Tuple(Int64, Float64))",YES,
clickhouse,consolidated,ssp-check-impression-by-minute-aggregate,revenue_network_gross_timeout_expired,50,"AggregateFunction(groupUniqArray, Tuple(Int64, Float64))",YES,
clickhouse,consolidated,ssp-check-impression-by-minute-aggregate,revenue_publisher_validated_total,51,"AggregateFunction(groupUniqArray, Tuple(Int64, Float64))",YES,
clickhouse,consolidated,ssp-check-impression-by-minute-aggregate,revenue_publisher_validated_showed_duplicated,52,"AggregateFunction(groupUniqArray, Tuple(Int64, Float64))",YES,
clickhouse,consolidated,ssp-check-impression-by-minute-aggregate,revenue_publisher_validated_expired,53,"AggregateFunction(groupUniqArray, Tuple(Int64, Float64))",YES,
clickhouse,consolidated,ssp-check-impression-by-minute-aggregate,revenue_publisher_duplicated_total,54,"AggregateFunction(groupUniqArray, Tuple(Int64, Float64))",YES,
clickhouse,consolidated,ssp-check-impression-by-minute-aggregate,revenue_publisher_duplicated_showed_duplicated,55,"AggregateFunction(groupUniqArray, Tuple(Int64, Float64))",YES,
clickhouse,consolidated,ssp-check-impression-by-minute-aggregate,revenue_publisher_duplicated_expired,56,"AggregateFunction(groupUniqArray, Tuple(Int64, Float64))",YES,
clickhouse,consolidated,ssp-check-impression-by-minute-aggregate,revenue_publisher_timeout_total,57,"AggregateFunction(groupUniqArray, Tuple(Int64, Float64))",YES,
clickhouse,consolidated,ssp-check-impression-by-minute-aggregate,revenue_publisher_timeout_showed_duplicated,58,"AggregateFunction(groupUniqArray, Tuple(Int64, Float64))",YES,
clickhouse,consolidated,ssp-check-impression-by-minute-aggregate,revenue_publisher_timeout_expired,59,"AggregateFunction(groupUniqArray, Tuple(Int64, Float64))",YES,
clickhouse,consolidated,ssp-dmn-stats-by-day-aggregate-finally,date,1,Date,YES,PRI
clickhouse,consolidated,ssp-dmn-stats-by-day-aggregate-finally,datacenter,2,LowCardinality(String),YES,PRI
clickhouse,consolidated,ssp-dmn-stats-by-day-aggregate-finally,canary,3,Bool,YES,PRI
clickhouse,consolidated,ssp-dmn-stats-by-day-aggregate-finally,endpoint,4,String,YES,PRI
clickhouse,consolidated,ssp-dmn-stats-by-day-aggregate-finally,endpoint_type,5,LowCardinality(String),YES,
clickhouse,consolidated,ssp-dmn-stats-by-day-aggregate-finally,mediation_connection,6,LowCardinality(String),YES,
clickhouse,consolidated,ssp-dmn-stats-by-day-aggregate-finally,id_user,7,UInt32,YES,
clickhouse,consolidated,ssp-dmn-stats-by-day-aggregate-finally,adunit,8,String,YES,PRI
clickhouse,consolidated,ssp-dmn-stats-by-day-aggregate-finally,id_app,9,UInt32,YES,
clickhouse,consolidated,ssp-dmn-stats-by-day-aggregate-finally,bundle,10,String,YES,PRI
clickhouse,consolidated,ssp-dmn-stats-by-day-aggregate-finally,bundle_numerico,11,UInt64,YES,
clickhouse,consolidated,ssp-dmn-stats-by-day-aggregate-finally,channel,12,String,YES,
clickhouse,consolidated,ssp-dmn-stats-by-day-aggregate-finally,id_os,13,UInt8,YES,PRI
clickhouse,consolidated,ssp-dmn-stats-by-day-aggregate-finally,inventory_type,14,LowCardinality(String),YES,
clickhouse,consolidated,ssp-dmn-stats-by-day-aggregate-finally,country,15,LowCardinality(String),YES,PRI
clickhouse,consolidated,ssp-dmn-stats-by-day-aggregate-finally,id_size,16,UInt8,YES,PRI
clickhouse,consolidated,ssp-dmn-stats-by-day-aggregate-finally,ad_size,17,LowCardinality(String),YES,
clickhouse,consolidated,ssp-dmn-stats-by-day-aggregate-finally,network_id,18,UInt16,YES,PRI
clickhouse,consolidated,ssp-dmn-stats-by-day-aggregate-finally,network_name,19,LowCardinality(String),YES,
clickhouse,consolidated,ssp-dmn-stats-by-day-aggregate-finally,network_key,20,String,YES,PRI
clickhouse,consolidated,ssp-dmn-stats-by-day-aggregate-finally,json_data,21,String,YES,
clickhouse,consolidated,ssp-dmn-stats-by-day-aggregate-finally,requests_total,22,UInt32,YES,
clickhouse,consolidated,ssp-dmn-stats-by-day-aggregate-finally,requests_uniques,23,UInt32,YES,
clickhouse,consolidated,ssp-dmn-stats-by-day-aggregate-finally,delivery_network,24,UInt32,YES,
clickhouse,consolidated,ssp-dmn-stats-by-day-aggregate-finally,delivery_network_rejected_ad,25,UInt32,YES,
clickhouse,consolidated,ssp-dmn-stats-by-day-aggregate-finally,delivery_winner,26,UInt32,YES,
clickhouse,consolidated,ssp-dmn-stats-by-day-aggregate-finally,delivery_cache,27,UInt32,YES,
clickhouse,consolidated,ssp-dmn-stats-by-day-aggregate-finally,delivery_cache_winner,28,UInt32,YES,
clickhouse,consolidated,ssp-dmn-stats-by-day-aggregate-finally,total_time_response,29,UInt32,YES,
clickhouse,consolidated,ssp-dmn-stats-by-day-aggregate-finally,total_time_response_with_ad_direct,30,UInt32,YES,
clickhouse,consolidated,ssp-dmn-stats-by-day-aggregate-finally,total_time_response_with_ad_cache,31,UInt32,YES,
clickhouse,consolidated,ssp-dmn-stats-by-day-aggregate-finally,impressions_total,32,UInt32,YES,
clickhouse,consolidated,ssp-dmn-stats-by-day-aggregate-finally,impressions_direct,33,UInt32,YES,
clickhouse,consolidated,ssp-dmn-stats-by-day-aggregate-finally,impressions_cache,34,UInt32,YES,
clickhouse,consolidated,ssp-dmn-stats-by-day-aggregate-finally,price_publisher_in_request,35,Float32,YES,
clickhouse,consolidated,ssp-dmn-stats-by-day-aggregate-finally,price_publisher_from_dashboard,36,Float32,YES,
clickhouse,consolidated,ssp-dmn-stats-by-day-aggregate-finally,price_publisher_request_used,37,Float32,YES,
clickhouse,consolidated,ssp-dmn-stats-by-day-aggregate-finally,price_network_request,38,Float32,YES,
clickhouse,consolidated,ssp-dmn-stats-by-day-aggregate-finally,price_network_response_gross_total,39,Float32,YES,
clickhouse,consolidated,ssp-dmn-stats-by-day-aggregate-finally,price_network_response_net_total,40,Float32,YES,
clickhouse,consolidated,ssp-dmn-stats-by-day-aggregate-finally,price_publisher_response_total,41,Float32,YES,
clickhouse,consolidated,ssp-dmn-stats-by-day-aggregate-finally,price_network_response_gross_direct,42,Float32,YES,
clickhouse,consolidated,ssp-dmn-stats-by-day-aggregate-finally,price_network_response_net_direct,43,Float32,YES,
clickhouse,consolidated,ssp-dmn-stats-by-day-aggregate-finally,price_publisher_response_direct,44,Float32,YES,
clickhouse,consolidated,ssp-dmn-stats-by-day-aggregate-finally,price_network_response_gross_cache,45,Float32,YES,
clickhouse,consolidated,ssp-dmn-stats-by-day-aggregate-finally,price_network_response_net_cache,46,Float32,YES,
clickhouse,consolidated,ssp-dmn-stats-by-day-aggregate-finally,price_publisher_response_cache,47,Float32,YES,
clickhouse,consolidated,ssp-dmn-stats-by-day-aggregate-finally,v_quartiles_0,48,UInt32,YES,
clickhouse,consolidated,ssp-dmn-stats-by-day-aggregate-finally,v_quartiles_25,49,UInt32,YES,
clickhouse,consolidated,ssp-dmn-stats-by-day-aggregate-finally,v_quartiles_50,50,UInt32,YES,
clickhouse,consolidated,ssp-dmn-stats-by-day-aggregate-finally,v_quartiles_75,51,UInt32,YES,
clickhouse,consolidated,ssp-dmn-stats-by-day-aggregate-finally,v_quartiles_100,52,UInt32,YES,
clickhouse,consolidated,ssp-dmn-stats-by-day-aggregate-finally,clicks_total,53,UInt32,YES,
clickhouse,consolidated,ssp-dmn-stats-by-day-aggregate-finally,clicks_direct,54,UInt32,YES,
clickhouse,consolidated,ssp-dmn-stats-by-day-aggregate-finally,clicks_cache,55,UInt32,YES,
clickhouse,consolidated,ssp-dmn-stats-by-day-aggregate-finally,updated_at,56,DateTime64(3),YES,
clickhouse,consolidated,ssp-dmn-stats-by-day-aggregate-finally,city_hash,57,UInt64,YES,PRI
clickhouse,consolidated,ssp-dmn-stats-by-day-aggregate-finally-dist,date,1,Date,YES,
clickhouse,consolidated,ssp-dmn-stats-by-day-aggregate-finally-dist,datacenter,2,LowCardinality(String),YES,
clickhouse,consolidated,ssp-dmn-stats-by-day-aggregate-finally-dist,canary,3,Bool,YES,
clickhouse,consolidated,ssp-dmn-stats-by-day-aggregate-finally-dist,endpoint,4,String,YES,
clickhouse,consolidated,ssp-dmn-stats-by-day-aggregate-finally-dist,endpoint_type,5,LowCardinality(String),YES,
clickhouse,consolidated,ssp-dmn-stats-by-day-aggregate-finally-dist,mediation_connection,6,LowCardinality(String),YES,
clickhouse,consolidated,ssp-dmn-stats-by-day-aggregate-finally-dist,id_user,7,UInt32,YES,
clickhouse,consolidated,ssp-dmn-stats-by-day-aggregate-finally-dist,adunit,8,String,YES,
clickhouse,consolidated,ssp-dmn-stats-by-day-aggregate-finally-dist,id_app,9,UInt32,YES,
clickhouse,consolidated,ssp-dmn-stats-by-day-aggregate-finally-dist,bundle,10,String,YES,
clickhouse,consolidated,ssp-dmn-stats-by-day-aggregate-finally-dist,bundle_numerico,11,UInt64,YES,
clickhouse,consolidated,ssp-dmn-stats-by-day-aggregate-finally-dist,channel,12,String,YES,
clickhouse,consolidated,ssp-dmn-stats-by-day-aggregate-finally-dist,id_os,13,UInt8,YES,
clickhouse,consolidated,ssp-dmn-stats-by-day-aggregate-finally-dist,inventory_type,14,LowCardinality(String),YES,
clickhouse,consolidated,ssp-dmn-stats-by-day-aggregate-finally-dist,country,15,LowCardinality(String),YES,
clickhouse,consolidated,ssp-dmn-stats-by-day-aggregate-finally-dist,id_size,16,UInt8,YES,
clickhouse,consolidated,ssp-dmn-stats-by-day-aggregate-finally-dist,ad_size,17,LowCardinality(String),YES,
clickhouse,consolidated,ssp-dmn-stats-by-day-aggregate-finally-dist,network_id,18,UInt16,YES,
clickhouse,consolidated,ssp-dmn-stats-by-day-aggregate-finally-dist,network_name,19,LowCardinality(String),YES,
clickhouse,consolidated,ssp-dmn-stats-by-day-aggregate-finally-dist,network_key,20,String,YES,
clickhouse,consolidated,ssp-dmn-stats-by-day-aggregate-finally-dist,json_data,21,String,YES,
clickhouse,consolidated,ssp-dmn-stats-by-day-aggregate-finally-dist,requests_total,22,UInt32,YES,
clickhouse,consolidated,ssp-dmn-stats-by-day-aggregate-finally-dist,requests_uniques,23,UInt32,YES,
clickhouse,consolidated,ssp-dmn-stats-by-day-aggregate-finally-dist,delivery_network,24,UInt32,YES,
clickhouse,consolidated,ssp-dmn-stats-by-day-aggregate-finally-dist,delivery_network_rejected_ad,25,UInt32,YES,
clickhouse,consolidated,ssp-dmn-stats-by-day-aggregate-finally-dist,delivery_winner,26,UInt32,YES,
clickhouse,consolidated,ssp-dmn-stats-by-day-aggregate-finally-dist,delivery_cache,27,UInt32,YES,
clickhouse,consolidated,ssp-dmn-stats-by-day-aggregate-finally-dist,delivery_cache_winner,28,UInt32,YES,
clickhouse,consolidated,ssp-dmn-stats-by-day-aggregate-finally-dist,total_time_response,29,UInt32,YES,
clickhouse,consolidated,ssp-dmn-stats-by-day-aggregate-finally-dist,total_time_response_with_ad_direct,30,UInt32,YES,
clickhouse,consolidated,ssp-dmn-stats-by-day-aggregate-finally-dist,total_time_response_with_ad_cache,31,UInt32,YES,
clickhouse,consolidated,ssp-dmn-stats-by-day-aggregate-finally-dist,impressions_total,32,UInt32,YES,
clickhouse,consolidated,ssp-dmn-stats-by-day-aggregate-finally-dist,impressions_direct,33,UInt32,YES,
clickhouse,consolidated,ssp-dmn-stats-by-day-aggregate-finally-dist,impressions_cache,34,UInt32,YES,
clickhouse,consolidated,ssp-dmn-stats-by-day-aggregate-finally-dist,price_publisher_in_request,35,Float32,YES,
clickhouse,consolidated,ssp-dmn-stats-by-day-aggregate-finally-dist,price_publisher_from_dashboard,36,Float32,YES,
clickhouse,consolidated,ssp-dmn-stats-by-day-aggregate-finally-dist,price_publisher_request_used,37,Float32,YES,
clickhouse,consolidated,ssp-dmn-stats-by-day-aggregate-finally-dist,price_network_request,38,Float32,YES,
clickhouse,consolidated,ssp-dmn-stats-by-day-aggregate-finally-dist,price_network_response_gross_total,39,Float32,YES,
clickhouse,consolidated,ssp-dmn-stats-by-day-aggregate-finally-dist,price_network_response_net_total,40,Float32,YES,
clickhouse,consolidated,ssp-dmn-stats-by-day-aggregate-finally-dist,price_publisher_response_total,41,Float32,YES,
clickhouse,consolidated,ssp-dmn-stats-by-day-aggregate-finally-dist,price_network_response_gross_direct,42,Float32,YES,
clickhouse,consolidated,ssp-dmn-stats-by-day-aggregate-finally-dist,price_network_response_net_direct,43,Float32,YES,
clickhouse,consolidated,ssp-dmn-stats-by-day-aggregate-finally-dist,price_publisher_response_direct,44,Float32,YES,
clickhouse,consolidated,ssp-dmn-stats-by-day-aggregate-finally-dist,price_network_response_gross_cache,45,Float32,YES,
clickhouse,consolidated,ssp-dmn-stats-by-day-aggregate-finally-dist,price_network_response_net_cache,46,Float32,YES,
clickhouse,consolidated,ssp-dmn-stats-by-day-aggregate-finally-dist,price_publisher_response_cache,47,Float32,YES,
clickhouse,consolidated,ssp-dmn-stats-by-day-aggregate-finally-dist,v_quartiles_0,48,UInt32,YES,
clickhouse,consolidated,ssp-dmn-stats-by-day-aggregate-finally-dist,v_quartiles_25,49,UInt32,YES,
clickhouse,consolidated,ssp-dmn-stats-by-day-aggregate-finally-dist,v_quartiles_50,50,UInt32,YES,
clickhouse,consolidated,ssp-dmn-stats-by-day-aggregate-finally-dist,v_quartiles_75,51,UInt32,YES,
clickhouse,consolidated,ssp-dmn-stats-by-day-aggregate-finally-dist,v_quartiles_100,52,UInt32,YES,
clickhouse,consolidated,ssp-dmn-stats-by-day-aggregate-finally-dist,clicks_total,53,UInt32,YES,
clickhouse,consolidated,ssp-dmn-stats-by-day-aggregate-finally-dist,clicks_direct,54,UInt32,YES,
clickhouse,consolidated,ssp-dmn-stats-by-day-aggregate-finally-dist,clicks_cache,55,UInt32,YES,
clickhouse,consolidated,ssp-dmn-stats-by-day-aggregate-finally-dist,updated_at,56,DateTime64(3),YES,
clickhouse,consolidated,ssp-dmn-stats-by-day-aggregate-finally-dist,city_hash,57,UInt64,YES,
clickhouse,consolidated,ssp-dmn-stats-by-hour-aggregate-finally,date,1,Date,YES,PRI
clickhouse,consolidated,ssp-dmn-stats-by-hour-aggregate-finally,hour,2,UInt8,YES,PRI
clickhouse,consolidated,ssp-dmn-stats-by-hour-aggregate-finally,datacenter,3,LowCardinality(String),YES,PRI
clickhouse,consolidated,ssp-dmn-stats-by-hour-aggregate-finally,canary,4,Bool,YES,PRI
clickhouse,consolidated,ssp-dmn-stats-by-hour-aggregate-finally,endpoint,5,String,YES,PRI
clickhouse,consolidated,ssp-dmn-stats-by-hour-aggregate-finally,endpoint_type,6,LowCardinality(String),YES,
clickhouse,consolidated,ssp-dmn-stats-by-hour-aggregate-finally,mediation_connection,7,LowCardinality(String),YES,
clickhouse,consolidated,ssp-dmn-stats-by-hour-aggregate-finally,id_user,8,UInt32,YES,
clickhouse,consolidated,ssp-dmn-stats-by-hour-aggregate-finally,adunit,9,String,YES,PRI
clickhouse,consolidated,ssp-dmn-stats-by-hour-aggregate-finally,id_app,10,UInt32,YES,
clickhouse,consolidated,ssp-dmn-stats-by-hour-aggregate-finally,bundle,11,String,YES,PRI
clickhouse,consolidated,ssp-dmn-stats-by-hour-aggregate-finally,bundle_numerico,12,UInt64,YES,
clickhouse,consolidated,ssp-dmn-stats-by-hour-aggregate-finally,channel,13,String,YES,
clickhouse,consolidated,ssp-dmn-stats-by-hour-aggregate-finally,id_os,14,UInt8,YES,PRI
clickhouse,consolidated,ssp-dmn-stats-by-hour-aggregate-finally,inventory_type,15,LowCardinality(String),YES,
clickhouse,consolidated,ssp-dmn-stats-by-hour-aggregate-finally,country,16,LowCardinality(String),YES,PRI
clickhouse,consolidated,ssp-dmn-stats-by-hour-aggregate-finally,id_size,17,UInt8,YES,PRI
clickhouse,consolidated,ssp-dmn-stats-by-hour-aggregate-finally,ad_size,18,LowCardinality(String),YES,
clickhouse,consolidated,ssp-dmn-stats-by-hour-aggregate-finally,network_id,19,UInt16,YES,PRI
clickhouse,consolidated,ssp-dmn-stats-by-hour-aggregate-finally,network_name,20,LowCardinality(String),YES,
clickhouse,consolidated,ssp-dmn-stats-by-hour-aggregate-finally,network_key,21,String,YES,PRI
clickhouse,consolidated,ssp-dmn-stats-by-hour-aggregate-finally,json_data,22,String,YES,
clickhouse,consolidated,ssp-dmn-stats-by-hour-aggregate-finally,requests_total,23,UInt32,YES,
clickhouse,consolidated,ssp-dmn-stats-by-hour-aggregate-finally,requests_uniques,24,UInt32,YES,
clickhouse,consolidated,ssp-dmn-stats-by-hour-aggregate-finally,delivery_network,25,UInt32,YES,
clickhouse,consolidated,ssp-dmn-stats-by-hour-aggregate-finally,delivery_network_rejected_ad,26,UInt32,YES,
clickhouse,consolidated,ssp-dmn-stats-by-hour-aggregate-finally,delivery_winner,27,UInt32,YES,
clickhouse,consolidated,ssp-dmn-stats-by-hour-aggregate-finally,delivery_cache,28,UInt32,YES,
clickhouse,consolidated,ssp-dmn-stats-by-hour-aggregate-finally,delivery_cache_winner,29,UInt32,YES,
clickhouse,consolidated,ssp-dmn-stats-by-hour-aggregate-finally,total_time_response,30,UInt32,YES,
clickhouse,consolidated,ssp-dmn-stats-by-hour-aggregate-finally,total_time_response_with_ad_direct,31,UInt32,YES,
clickhouse,consolidated,ssp-dmn-stats-by-hour-aggregate-finally,total_time_response_with_ad_cache,32,UInt32,YES,
clickhouse,consolidated,ssp-dmn-stats-by-hour-aggregate-finally,impressions_total,33,UInt32,YES,
clickhouse,consolidated,ssp-dmn-stats-by-hour-aggregate-finally,impressions_direct,34,UInt32,YES,
clickhouse,consolidated,ssp-dmn-stats-by-hour-aggregate-finally,impressions_cache,35,UInt32,YES,
clickhouse,consolidated,ssp-dmn-stats-by-hour-aggregate-finally,price_publisher_in_request,36,Float32,YES,
clickhouse,consolidated,ssp-dmn-stats-by-hour-aggregate-finally,price_publisher_from_dashboard,37,Float32,YES,
clickhouse,consolidated,ssp-dmn-stats-by-hour-aggregate-finally,price_publisher_request_used,38,Float32,YES,
clickhouse,consolidated,ssp-dmn-stats-by-hour-aggregate-finally,price_network_request,39,Float32,YES,
clickhouse,consolidated,ssp-dmn-stats-by-hour-aggregate-finally,price_network_response_gross_total,40,Float32,YES,
clickhouse,consolidated,ssp-dmn-stats-by-hour-aggregate-finally,price_network_response_net_total,41,Float32,YES,
clickhouse,consolidated,ssp-dmn-stats-by-hour-aggregate-finally,price_publisher_response_total,42,Float32,YES,
clickhouse,consolidated,ssp-dmn-stats-by-hour-aggregate-finally,price_network_response_gross_direct,43,Float32,YES,
clickhouse,consolidated,ssp-dmn-stats-by-hour-aggregate-finally,price_network_response_net_direct,44,Float32,YES,
clickhouse,consolidated,ssp-dmn-stats-by-hour-aggregate-finally,price_publisher_response_direct,45,Float32,YES,
clickhouse,consolidated,ssp-dmn-stats-by-hour-aggregate-finally,price_network_response_gross_cache,46,Float32,YES,
clickhouse,consolidated,ssp-dmn-stats-by-hour-aggregate-finally,price_network_response_net_cache,47,Float32,YES,
clickhouse,consolidated,ssp-dmn-stats-by-hour-aggregate-finally,price_publisher_response_cache,48,Float32,YES,
clickhouse,consolidated,ssp-dmn-stats-by-hour-aggregate-finally,v_quartiles_0,49,UInt32,YES,
clickhouse,consolidated,ssp-dmn-stats-by-hour-aggregate-finally,v_quartiles_25,50,UInt32,YES,
clickhouse,consolidated,ssp-dmn-stats-by-hour-aggregate-finally,v_quartiles_50,51,UInt32,YES,
clickhouse,consolidated,ssp-dmn-stats-by-hour-aggregate-finally,v_quartiles_75,52,UInt32,YES,
clickhouse,consolidated,ssp-dmn-stats-by-hour-aggregate-finally,v_quartiles_100,53,UInt32,YES,
clickhouse,consolidated,ssp-dmn-stats-by-hour-aggregate-finally,clicks_total,54,UInt32,YES,
clickhouse,consolidated,ssp-dmn-stats-by-hour-aggregate-finally,clicks_direct,55,UInt32,YES,
clickhouse,consolidated,ssp-dmn-stats-by-hour-aggregate-finally,clicks_cache,56,UInt32,YES,
clickhouse,consolidated,ssp-dmn-stats-by-hour-aggregate-finally,updated_at,57,DateTime64(3),YES,
clickhouse,consolidated,ssp-dmn-stats-by-hour-aggregate-finally,city_hash,58,UInt64,YES,PRI
clickhouse,consolidated,ssp-dmn-stats-by-hour-aggregate-finally-dist,date,1,Date,YES,
clickhouse,consolidated,ssp-dmn-stats-by-hour-aggregate-finally-dist,hour,2,UInt8,YES,
clickhouse,consolidated,ssp-dmn-stats-by-hour-aggregate-finally-dist,datacenter,3,LowCardinality(String),YES,
clickhouse,consolidated,ssp-dmn-stats-by-hour-aggregate-finally-dist,canary,4,Bool,YES,
clickhouse,consolidated,ssp-dmn-stats-by-hour-aggregate-finally-dist,endpoint,5,String,YES,
clickhouse,consolidated,ssp-dmn-stats-by-hour-aggregate-finally-dist,endpoint_type,6,LowCardinality(String),YES,
clickhouse,consolidated,ssp-dmn-stats-by-hour-aggregate-finally-dist,mediation_connection,7,LowCardinality(String),YES,
clickhouse,consolidated,ssp-dmn-stats-by-hour-aggregate-finally-dist,id_user,8,UInt32,YES,
clickhouse,consolidated,ssp-dmn-stats-by-hour-aggregate-finally-dist,adunit,9,String,YES,
clickhouse,consolidated,ssp-dmn-stats-by-hour-aggregate-finally-dist,id_app,10,UInt32,YES,
clickhouse,consolidated,ssp-dmn-stats-by-hour-aggregate-finally-dist,bundle,11,String,YES,
clickhouse,consolidated,ssp-dmn-stats-by-hour-aggregate-finally-dist,bundle_numerico,12,UInt64,YES,
clickhouse,consolidated,ssp-dmn-stats-by-hour-aggregate-finally-dist,channel,13,String,YES,
clickhouse,consolidated,ssp-dmn-stats-by-hour-aggregate-finally-dist,id_os,14,UInt8,YES,
clickhouse,consolidated,ssp-dmn-stats-by-hour-aggregate-finally-dist,inventory_type,15,LowCardinality(String),YES,
clickhouse,consolidated,ssp-dmn-stats-by-hour-aggregate-finally-dist,country,16,LowCardinality(String),YES,
clickhouse,consolidated,ssp-dmn-stats-by-hour-aggregate-finally-dist,id_size,17,UInt8,YES,
clickhouse,consolidated,ssp-dmn-stats-by-hour-aggregate-finally-dist,ad_size,18,LowCardinality(String),YES,
clickhouse,consolidated,ssp-dmn-stats-by-hour-aggregate-finally-dist,network_id,19,UInt16,YES,
clickhouse,consolidated,ssp-dmn-stats-by-hour-aggregate-finally-dist,network_name,20,LowCardinality(String),YES,
clickhouse,consolidated,ssp-dmn-stats-by-hour-aggregate-finally-dist,network_key,21,String,YES,
clickhouse,consolidated,ssp-dmn-stats-by-hour-aggregate-finally-dist,json_data,22,String,YES,
clickhouse,consolidated,ssp-dmn-stats-by-hour-aggregate-finally-dist,requests_total,23,UInt32,YES,
clickhouse,consolidated,ssp-dmn-stats-by-hour-aggregate-finally-dist,requests_uniques,24,UInt32,YES,
clickhouse,consolidated,ssp-dmn-stats-by-hour-aggregate-finally-dist,delivery_network,25,UInt32,YES,
clickhouse,consolidated,ssp-dmn-stats-by-hour-aggregate-finally-dist,delivery_network_rejected_ad,26,UInt32,YES,
clickhouse,consolidated,ssp-dmn-stats-by-hour-aggregate-finally-dist,delivery_winner,27,UInt32,YES,
clickhouse,consolidated,ssp-dmn-stats-by-hour-aggregate-finally-dist,delivery_cache,28,UInt32,YES,
clickhouse,consolidated,ssp-dmn-stats-by-hour-aggregate-finally-dist,delivery_cache_winner,29,UInt32,YES,
clickhouse,consolidated,ssp-dmn-stats-by-hour-aggregate-finally-dist,total_time_response,30,UInt32,YES,
clickhouse,consolidated,ssp-dmn-stats-by-hour-aggregate-finally-dist,total_time_response_with_ad_direct,31,UInt32,YES,
clickhouse,consolidated,ssp-dmn-stats-by-hour-aggregate-finally-dist,total_time_response_with_ad_cache,32,UInt32,YES,
clickhouse,consolidated,ssp-dmn-stats-by-hour-aggregate-finally-dist,impressions_total,33,UInt32,YES,
clickhouse,consolidated,ssp-dmn-stats-by-hour-aggregate-finally-dist,impressions_direct,34,UInt32,YES,
clickhouse,consolidated,ssp-dmn-stats-by-hour-aggregate-finally-dist,impressions_cache,35,UInt32,YES,
clickhouse,consolidated,ssp-dmn-stats-by-hour-aggregate-finally-dist,price_publisher_in_request,36,Float32,YES,
clickhouse,consolidated,ssp-dmn-stats-by-hour-aggregate-finally-dist,price_publisher_from_dashboard,37,Float32,YES,
clickhouse,consolidated,ssp-dmn-stats-by-hour-aggregate-finally-dist,price_publisher_request_used,38,Float32,YES,
clickhouse,consolidated,ssp-dmn-stats-by-hour-aggregate-finally-dist,price_network_request,39,Float32,YES,
clickhouse,consolidated,ssp-dmn-stats-by-hour-aggregate-finally-dist,price_network_response_gross_total,40,Float32,YES,
clickhouse,consolidated,ssp-dmn-stats-by-hour-aggregate-finally-dist,price_network_response_net_total,41,Float32,YES,
clickhouse,consolidated,ssp-dmn-stats-by-hour-aggregate-finally-dist,price_publisher_response_total,42,Float32,YES,
clickhouse,consolidated,ssp-dmn-stats-by-hour-aggregate-finally-dist,price_network_response_gross_direct,43,Float32,YES,
clickhouse,consolidated,ssp-dmn-stats-by-hour-aggregate-finally-dist,price_network_response_net_direct,44,Float32,YES,
clickhouse,consolidated,ssp-dmn-stats-by-hour-aggregate-finally-dist,price_publisher_response_direct,45,Float32,YES,
clickhouse,consolidated,ssp-dmn-stats-by-hour-aggregate-finally-dist,price_network_response_gross_cache,46,Float32,YES,
clickhouse,consolidated,ssp-dmn-stats-by-hour-aggregate-finally-dist,price_network_response_net_cache,47,Float32,YES,
clickhouse,consolidated,ssp-dmn-stats-by-hour-aggregate-finally-dist,price_publisher_response_cache,48,Float32,YES,
clickhouse,consolidated,ssp-dmn-stats-by-hour-aggregate-finally-dist,v_quartiles_0,49,UInt32,YES,
clickhouse,consolidated,ssp-dmn-stats-by-hour-aggregate-finally-dist,v_quartiles_25,50,UInt32,YES,
clickhouse,consolidated,ssp-dmn-stats-by-hour-aggregate-finally-dist,v_quartiles_50,51,UInt32,YES,
clickhouse,consolidated,ssp-dmn-stats-by-hour-aggregate-finally-dist,v_quartiles_75,52,UInt32,YES,
clickhouse,consolidated,ssp-dmn-stats-by-hour-aggregate-finally-dist,v_quartiles_100,53,UInt32,YES,
clickhouse,consolidated,ssp-dmn-stats-by-hour-aggregate-finally-dist,clicks_total,54,UInt32,YES,
clickhouse,consolidated,ssp-dmn-stats-by-hour-aggregate-finally-dist,clicks_direct,55,UInt32,YES,
clickhouse,consolidated,ssp-dmn-stats-by-hour-aggregate-finally-dist,clicks_cache,56,UInt32,YES,
clickhouse,consolidated,ssp-dmn-stats-by-hour-aggregate-finally-dist,updated_at,57,DateTime64(3),YES,
clickhouse,consolidated,ssp-dmn-stats-by-hour-aggregate-finally-dist,city_hash,58,UInt64,YES,
clickhouse,consolidated,ssp-dmn-stats-by-hour-to-day-finally-mv,date,1,Date,YES,
clickhouse,consolidated,ssp-dmn-stats-by-hour-to-day-finally-mv,datacenter,2,LowCardinality(String),YES,
clickhouse,consolidated,ssp-dmn-stats-by-hour-to-day-finally-mv,canary,3,Bool,YES,
clickhouse,consolidated,ssp-dmn-stats-by-hour-to-day-finally-mv,endpoint,4,String,YES,
clickhouse,consolidated,ssp-dmn-stats-by-hour-to-day-finally-mv,endpoint_type,5,LowCardinality(String),YES,
clickhouse,consolidated,ssp-dmn-stats-by-hour-to-day-finally-mv,mediation_connection,6,LowCardinality(String),YES,
clickhouse,consolidated,ssp-dmn-stats-by-hour-to-day-finally-mv,id_user,7,UInt32,YES,
clickhouse,consolidated,ssp-dmn-stats-by-hour-to-day-finally-mv,adunit,8,String,YES,
clickhouse,consolidated,ssp-dmn-stats-by-hour-to-day-finally-mv,id_app,9,UInt32,YES,
clickhouse,consolidated,ssp-dmn-stats-by-hour-to-day-finally-mv,bundle,10,String,YES,
clickhouse,consolidated,ssp-dmn-stats-by-hour-to-day-finally-mv,bundle_numerico,11,UInt64,YES,
clickhouse,consolidated,ssp-dmn-stats-by-hour-to-day-finally-mv,channel,12,String,YES,
clickhouse,consolidated,ssp-dmn-stats-by-hour-to-day-finally-mv,id_os,13,UInt8,YES,
clickhouse,consolidated,ssp-dmn-stats-by-hour-to-day-finally-mv,inventory_type,14,LowCardinality(String),YES,
clickhouse,consolidated,ssp-dmn-stats-by-hour-to-day-finally-mv,country,15,LowCardinality(String),YES,
clickhouse,consolidated,ssp-dmn-stats-by-hour-to-day-finally-mv,id_size,16,UInt8,YES,
clickhouse,consolidated,ssp-dmn-stats-by-hour-to-day-finally-mv,ad_size,17,LowCardinality(String),YES,
clickhouse,consolidated,ssp-dmn-stats-by-hour-to-day-finally-mv,network_id,18,UInt16,YES,
clickhouse,consolidated,ssp-dmn-stats-by-hour-to-day-finally-mv,network_name,19,LowCardinality(String),YES,
clickhouse,consolidated,ssp-dmn-stats-by-hour-to-day-finally-mv,network_key,20,String,YES,
clickhouse,consolidated,ssp-dmn-stats-by-hour-to-day-finally-mv,json_data,21,String,YES,
clickhouse,consolidated,ssp-dmn-stats-by-hour-to-day-finally-mv,requests_total,22,UInt64,YES,
clickhouse,consolidated,ssp-dmn-stats-by-hour-to-day-finally-mv,requests_uniques,23,UInt64,YES,
clickhouse,consolidated,ssp-dmn-stats-by-hour-to-day-finally-mv,delivery_network,24,UInt64,YES,
clickhouse,consolidated,ssp-dmn-stats-by-hour-to-day-finally-mv,delivery_network_rejected_ad,25,UInt64,YES,
clickhouse,consolidated,ssp-dmn-stats-by-hour-to-day-finally-mv,delivery_winner,26,UInt64,YES,
clickhouse,consolidated,ssp-dmn-stats-by-hour-to-day-finally-mv,delivery_cache,27,UInt64,YES,
clickhouse,consolidated,ssp-dmn-stats-by-hour-to-day-finally-mv,delivery_cache_winner,28,UInt64,YES,
clickhouse,consolidated,ssp-dmn-stats-by-hour-to-day-finally-mv,total_time_response,29,UInt64,YES,
clickhouse,consolidated,ssp-dmn-stats-by-hour-to-day-finally-mv,total_time_response_with_ad_direct,30,UInt64,YES,
clickhouse,consolidated,ssp-dmn-stats-by-hour-to-day-finally-mv,total_time_response_with_ad_cache,31,UInt64,YES,
clickhouse,consolidated,ssp-dmn-stats-by-hour-to-day-finally-mv,impressions_total,32,UInt64,YES,
clickhouse,consolidated,ssp-dmn-stats-by-hour-to-day-finally-mv,impressions_direct,33,UInt64,YES,
clickhouse,consolidated,ssp-dmn-stats-by-hour-to-day-finally-mv,impressions_cache,34,UInt64,YES,
clickhouse,consolidated,ssp-dmn-stats-by-hour-to-day-finally-mv,price_publisher_in_request,35,Float64,YES,
clickhouse,consolidated,ssp-dmn-stats-by-hour-to-day-finally-mv,price_publisher_from_dashboard,36,Float64,YES,
clickhouse,consolidated,ssp-dmn-stats-by-hour-to-day-finally-mv,price_publisher_request_used,37,Float64,YES,
clickhouse,consolidated,ssp-dmn-stats-by-hour-to-day-finally-mv,price_network_request,38,Float64,YES,
clickhouse,consolidated,ssp-dmn-stats-by-hour-to-day-finally-mv,price_network_response_gross_total,39,Float64,YES,
clickhouse,consolidated,ssp-dmn-stats-by-hour-to-day-finally-mv,price_network_response_net_total,40,Float64,YES,
clickhouse,consolidated,ssp-dmn-stats-by-hour-to-day-finally-mv,price_publisher_response_total,41,Float64,YES,
clickhouse,consolidated,ssp-dmn-stats-by-hour-to-day-finally-mv,price_network_response_gross_direct,42,Float64,YES,
clickhouse,consolidated,ssp-dmn-stats-by-hour-to-day-finally-mv,price_network_response_net_direct,43,Float64,YES,
clickhouse,consolidated,ssp-dmn-stats-by-hour-to-day-finally-mv,price_publisher_response_direct,44,Float64,YES,
clickhouse,consolidated,ssp-dmn-stats-by-hour-to-day-finally-mv,price_network_response_gross_cache,45,Float64,YES,
clickhouse,consolidated,ssp-dmn-stats-by-hour-to-day-finally-mv,price_network_response_net_cache,46,Float64,YES,
clickhouse,consolidated,ssp-dmn-stats-by-hour-to-day-finally-mv,price_publisher_response_cache,47,Float64,YES,
clickhouse,consolidated,ssp-dmn-stats-by-hour-to-day-finally-mv,v_quartiles_0,48,UInt64,YES,
clickhouse,consolidated,ssp-dmn-stats-by-hour-to-day-finally-mv,v_quartiles_25,49,UInt64,YES,
clickhouse,consolidated,ssp-dmn-stats-by-hour-to-day-finally-mv,v_quartiles_50,50,UInt64,YES,
clickhouse,consolidated,ssp-dmn-stats-by-hour-to-day-finally-mv,v_quartiles_75,51,UInt64,YES,
clickhouse,consolidated,ssp-dmn-stats-by-hour-to-day-finally-mv,v_quartiles_100,52,UInt64,YES,
clickhouse,consolidated,ssp-dmn-stats-by-hour-to-day-finally-mv,clicks_total,53,UInt64,YES,
clickhouse,consolidated,ssp-dmn-stats-by-hour-to-day-finally-mv,clicks_direct,54,UInt64,YES,
clickhouse,consolidated,ssp-dmn-stats-by-hour-to-day-finally-mv,clicks_cache,55,UInt64,YES,
clickhouse,consolidated,ssp-dmn-stats-by-hour-to-day-finally-mv,updated_at,56,DateTime64(3),YES,
clickhouse,consolidated,ssp-dmn-stats-by-minute-aggregate,date,1,String,YES,PRI
clickhouse,consolidated,ssp-dmn-stats-by-minute-aggregate,hour,2,Int64,YES,PRI
clickhouse,consolidated,ssp-dmn-stats-by-minute-aggregate,minute,3,Int64,YES,PRI
clickhouse,consolidated,ssp-dmn-stats-by-minute-aggregate,datacenter,4,String,YES,PRI
clickhouse,consolidated,ssp-dmn-stats-by-minute-aggregate,canary,5,Bool,YES,PRI
clickhouse,consolidated,ssp-dmn-stats-by-minute-aggregate,endpoint,6,String,YES,PRI
clickhouse,consolidated,ssp-dmn-stats-by-minute-aggregate,endpoint_type,7,Nullable(String),YES,PRI
clickhouse,consolidated,ssp-dmn-stats-by-minute-aggregate,mediation_connection,8,Nullable(String),YES,PRI
clickhouse,consolidated,ssp-dmn-stats-by-minute-aggregate,id_user,9,Nullable(Int64),YES,PRI
clickhouse,consolidated,ssp-dmn-stats-by-minute-aggregate,adunit,10,String,YES,PRI
clickhouse,consolidated,ssp-dmn-stats-by-minute-aggregate,id_app,11,Nullable(Int64),YES,PRI
clickhouse,consolidated,ssp-dmn-stats-by-minute-aggregate,bundle,12,Nullable(String),YES,PRI
clickhouse,consolidated,ssp-dmn-stats-by-minute-aggregate,bundle_numerico,13,Nullable(Int64),YES,PRI
clickhouse,consolidated,ssp-dmn-stats-by-minute-aggregate,channel,14,Nullable(String),YES,PRI
clickhouse,consolidated,ssp-dmn-stats-by-minute-aggregate,id_os,15,Int64,YES,PRI
clickhouse,consolidated,ssp-dmn-stats-by-minute-aggregate,inventory_type,16,Nullable(String),YES,PRI
clickhouse,consolidated,ssp-dmn-stats-by-minute-aggregate,country,17,String,YES,PRI
clickhouse,consolidated,ssp-dmn-stats-by-minute-aggregate,id_size,18,Nullable(Int64),YES,PRI
clickhouse,consolidated,ssp-dmn-stats-by-minute-aggregate,ad_size,19,String,YES,PRI
clickhouse,consolidated,ssp-dmn-stats-by-minute-aggregate,network_id,20,Int64,YES,PRI
clickhouse,consolidated,ssp-dmn-stats-by-minute-aggregate,network_name,21,Nullable(String),YES,PRI
clickhouse,consolidated,ssp-dmn-stats-by-minute-aggregate,network_key,22,Nullable(String),YES,PRI
clickhouse,consolidated,ssp-dmn-stats-by-minute-aggregate,json_data,23,Nullable(String),YES,PRI
clickhouse,consolidated,ssp-dmn-stats-by-minute-aggregate,requests_total,24,"AggregateFunction(sum, Int64)",YES,
clickhouse,consolidated,ssp-dmn-stats-by-minute-aggregate,requests_uniques,25,"AggregateFunction(sum, Int64)",YES,
clickhouse,consolidated,ssp-dmn-stats-by-minute-aggregate,delivery_network,26,"AggregateFunction(sum, Int64)",YES,
clickhouse,consolidated,ssp-dmn-stats-by-minute-aggregate,delivery_network_rejected_ad,27,"AggregateFunction(sum, Int64)",YES,
clickhouse,consolidated,ssp-dmn-stats-by-minute-aggregate,delivery_winner,28,"AggregateFunction(sum, Int64)",YES,
clickhouse,consolidated,ssp-dmn-stats-by-minute-aggregate,delivery_cache,29,"AggregateFunction(sum, Int64)",YES,
clickhouse,consolidated,ssp-dmn-stats-by-minute-aggregate,delivery_cache_winner,30,"AggregateFunction(sum, Int64)",YES,
clickhouse,consolidated,ssp-dmn-stats-by-minute-aggregate,total_time_response,31,"AggregateFunction(sum, Int64)",YES,
clickhouse,consolidated,ssp-dmn-stats-by-minute-aggregate,total_time_response_with_ad_direct,32,"AggregateFunction(sum, Int64)",YES,
clickhouse,consolidated,ssp-dmn-stats-by-minute-aggregate,total_time_response_with_ad_cache,33,"AggregateFunction(sum, Int64)",YES,
clickhouse,consolidated,ssp-dmn-stats-by-minute-aggregate,impressions_total,34,"AggregateFunction(uniqCombined64, Int64)",YES,
clickhouse,consolidated,ssp-dmn-stats-by-minute-aggregate,impressions_direct,35,"AggregateFunction(uniqCombined64, Int64)",YES,
clickhouse,consolidated,ssp-dmn-stats-by-minute-aggregate,impressions_cache,36,"AggregateFunction(uniqCombined64, Int64)",YES,
clickhouse,consolidated,ssp-dmn-stats-by-minute-aggregate,price_publisher_in_request,37,"AggregateFunction(groupUniqArray, Tuple(Int64, Float64))",YES,
clickhouse,consolidated,ssp-dmn-stats-by-minute-aggregate,price_publisher_from_dashboard,38,"AggregateFunction(groupUniqArray, Tuple(Int64, Float64))",YES,
clickhouse,consolidated,ssp-dmn-stats-by-minute-aggregate,price_publisher_request_used,39,"AggregateFunction(groupUniqArray, Tuple(Int64, Float64))",YES,
clickhouse,consolidated,ssp-dmn-stats-by-minute-aggregate,price_network_request,40,"AggregateFunction(groupUniqArray, Tuple(Int64, Float64))",YES,
clickhouse,consolidated,ssp-dmn-stats-by-minute-aggregate,price_network_response_gross_total,41,"AggregateFunction(groupUniqArray, Tuple(Int64, Float64))",YES,
clickhouse,consolidated,ssp-dmn-stats-by-minute-aggregate,price_network_response_net_total,42,"AggregateFunction(groupUniqArray, Tuple(Int64, Float64))",YES,
clickhouse,consolidated,ssp-dmn-stats-by-minute-aggregate,price_publisher_response_total,43,"AggregateFunction(groupUniqArray, Tuple(Int64, Float64))",YES,
clickhouse,consolidated,ssp-dmn-stats-by-minute-aggregate,price_network_response_gross_direct,44,"AggregateFunction(groupUniqArray, Tuple(Int64, Float64))",YES,
clickhouse,consolidated,ssp-dmn-stats-by-minute-aggregate,price_network_response_net_direct,45,"AggregateFunction(groupUniqArray, Tuple(Int64, Float64))",YES,
clickhouse,consolidated,ssp-dmn-stats-by-minute-aggregate,price_publisher_response_direct,46,"AggregateFunction(groupUniqArray, Tuple(Int64, Float64))",YES,
clickhouse,consolidated,ssp-dmn-stats-by-minute-aggregate,price_network_response_gross_cache,47,"AggregateFunction(groupUniqArray, Tuple(Int64, Float64))",YES,
clickhouse,consolidated,ssp-dmn-stats-by-minute-aggregate,price_network_response_net_cache,48,"AggregateFunction(groupUniqArray, Tuple(Int64, Float64))",YES,
clickhouse,consolidated,ssp-dmn-stats-by-minute-aggregate,price_publisher_response_cache,49,"AggregateFunction(groupUniqArray, Tuple(Int64, Float64))",YES,
clickhouse,consolidated,ssp-dmn-stats-by-minute-aggregate,v_quartiles_0,50,"AggregateFunction(uniqCombined64, Int64)",YES,
clickhouse,consolidated,ssp-dmn-stats-by-minute-aggregate,v_quartiles_25,51,"AggregateFunction(uniqCombined64, Int64)",YES,
clickhouse,consolidated,ssp-dmn-stats-by-minute-aggregate,v_quartiles_50,52,"AggregateFunction(uniqCombined64, Int64)",YES,
clickhouse,consolidated,ssp-dmn-stats-by-minute-aggregate,v_quartiles_75,53,"AggregateFunction(uniqCombined64, Int64)",YES,
clickhouse,consolidated,ssp-dmn-stats-by-minute-aggregate,v_quartiles_100,54,"AggregateFunction(uniqCombined64, Int64)",YES,
clickhouse,consolidated,ssp-dmn-stats-by-minute-aggregate,clicks_total,55,"AggregateFunction(uniqCombined64, Int64)",YES,
clickhouse,consolidated,ssp-dmn-stats-by-minute-aggregate,clicks_direct,56,"AggregateFunction(uniqCombined64, Int64)",YES,
clickhouse,consolidated,ssp-dmn-stats-by-minute-aggregate,clicks_cache,57,"AggregateFunction(uniqCombined64, Int64)",YES,
clickhouse,consolidated,ssp-dmn-stats-by-minute-aggregate-clicks-mv,date,1,String,YES,
clickhouse,consolidated,ssp-dmn-stats-by-minute-aggregate-clicks-mv,hour,2,Int64,YES,
clickhouse,consolidated,ssp-dmn-stats-by-minute-aggregate-clicks-mv,minute,3,Int64,YES,
clickhouse,consolidated,ssp-dmn-stats-by-minute-aggregate-clicks-mv,datacenter,4,String,YES,
clickhouse,consolidated,ssp-dmn-stats-by-minute-aggregate-clicks-mv,canary,5,Bool,YES,
clickhouse,consolidated,ssp-dmn-stats-by-minute-aggregate-clicks-mv,endpoint,6,String,YES,
clickhouse,consolidated,ssp-dmn-stats-by-minute-aggregate-clicks-mv,endpoint_type,7,String,YES,
clickhouse,consolidated,ssp-dmn-stats-by-minute-aggregate-clicks-mv,mediation_connection,8,String,YES,
clickhouse,consolidated,ssp-dmn-stats-by-minute-aggregate-clicks-mv,id_user,9,Int64,YES,
clickhouse,consolidated,ssp-dmn-stats-by-minute-aggregate-clicks-mv,adunit,10,String,YES,
clickhouse,consolidated,ssp-dmn-stats-by-minute-aggregate-clicks-mv,id_app,11,Int64,YES,
clickhouse,consolidated,ssp-dmn-stats-by-minute-aggregate-clicks-mv,bundle,12,String,YES,
clickhouse,consolidated,ssp-dmn-stats-by-minute-aggregate-clicks-mv,bundle_numerico,13,Nullable(Int64),YES,
clickhouse,consolidated,ssp-dmn-stats-by-minute-aggregate-clicks-mv,channel,14,Nullable(String),YES,
clickhouse,consolidated,ssp-dmn-stats-by-minute-aggregate-clicks-mv,id_os,15,Int64,YES,
clickhouse,consolidated,ssp-dmn-stats-by-minute-aggregate-clicks-mv,inventory_type,16,String,YES,
clickhouse,consolidated,ssp-dmn-stats-by-minute-aggregate-clicks-mv,country,17,String,YES,
clickhouse,consolidated,ssp-dmn-stats-by-minute-aggregate-clicks-mv,id_size,18,Int64,YES,
clickhouse,consolidated,ssp-dmn-stats-by-minute-aggregate-clicks-mv,ad_size,19,String,YES,
clickhouse,consolidated,ssp-dmn-stats-by-minute-aggregate-clicks-mv,network_id,20,Int64,YES,
clickhouse,consolidated,ssp-dmn-stats-by-minute-aggregate-clicks-mv,network_name,21,String,YES,
clickhouse,consolidated,ssp-dmn-stats-by-minute-aggregate-clicks-mv,network_key,22,String,YES,
clickhouse,consolidated,ssp-dmn-stats-by-minute-aggregate-clicks-mv,json_data,23,String,YES,
clickhouse,consolidated,ssp-dmn-stats-by-minute-aggregate-clicks-mv,clicks_total,24,"AggregateFunction(uniqCombined64, Int64)",YES,
clickhouse,consolidated,ssp-dmn-stats-by-minute-aggregate-clicks-mv,clicks_direct,25,"AggregateFunction(uniqCombined64, Int64)",YES,
clickhouse,consolidated,ssp-dmn-stats-by-minute-aggregate-clicks-mv,clicks_cache,26,"AggregateFunction(uniqCombined64, Int64)",YES,
clickhouse,consolidated,ssp-dmn-stats-by-minute-aggregate-deliveries-mv,date,1,String,YES,
clickhouse,consolidated,ssp-dmn-stats-by-minute-aggregate-deliveries-mv,hour,2,Int64,YES,
clickhouse,consolidated,ssp-dmn-stats-by-minute-aggregate-deliveries-mv,minute,3,Int64,YES,
clickhouse,consolidated,ssp-dmn-stats-by-minute-aggregate-deliveries-mv,datacenter,4,String,YES,
clickhouse,consolidated,ssp-dmn-stats-by-minute-aggregate-deliveries-mv,canary,5,Bool,YES,
clickhouse,consolidated,ssp-dmn-stats-by-minute-aggregate-deliveries-mv,endpoint,6,String,YES,
clickhouse,consolidated,ssp-dmn-stats-by-minute-aggregate-deliveries-mv,endpoint_type,7,Nullable(String),YES,
clickhouse,consolidated,ssp-dmn-stats-by-minute-aggregate-deliveries-mv,mediation_connection,8,Nullable(String),YES,
clickhouse,consolidated,ssp-dmn-stats-by-minute-aggregate-deliveries-mv,id_user,9,Nullable(Int64),YES,
clickhouse,consolidated,ssp-dmn-stats-by-minute-aggregate-deliveries-mv,adunit,10,String,YES,
clickhouse,consolidated,ssp-dmn-stats-by-minute-aggregate-deliveries-mv,id_app,11,Nullable(Int64),YES,
clickhouse,consolidated,ssp-dmn-stats-by-minute-aggregate-deliveries-mv,bundle,12,Nullable(String),YES,
clickhouse,consolidated,ssp-dmn-stats-by-minute-aggregate-deliveries-mv,bundle_numerico,13,Nullable(Int64),YES,
clickhouse,consolidated,ssp-dmn-stats-by-minute-aggregate-deliveries-mv,channel,14,Nullable(String),YES,
clickhouse,consolidated,ssp-dmn-stats-by-minute-aggregate-deliveries-mv,id_os,15,Int64,YES,
clickhouse,consolidated,ssp-dmn-stats-by-minute-aggregate-deliveries-mv,inventory_type,16,Nullable(String),YES,
clickhouse,consolidated,ssp-dmn-stats-by-minute-aggregate-deliveries-mv,country,17,String,YES,
clickhouse,consolidated,ssp-dmn-stats-by-minute-aggregate-deliveries-mv,id_size,18,Nullable(Int64),YES,
clickhouse,consolidated,ssp-dmn-stats-by-minute-aggregate-deliveries-mv,ad_size,19,String,YES,
clickhouse,consolidated,ssp-dmn-stats-by-minute-aggregate-deliveries-mv,network_id,20,Int64,YES,
clickhouse,consolidated,ssp-dmn-stats-by-minute-aggregate-deliveries-mv,network_name,21,Nullable(String),YES,
clickhouse,consolidated,ssp-dmn-stats-by-minute-aggregate-deliveries-mv,network_key,22,Nullable(String),YES,
clickhouse,consolidated,ssp-dmn-stats-by-minute-aggregate-deliveries-mv,json_data,23,Nullable(String),YES,
clickhouse,consolidated,ssp-dmn-stats-by-minute-aggregate-deliveries-mv,delivery_network,24,"AggregateFunction(sum, Int64)",YES,
clickhouse,consolidated,ssp-dmn-stats-by-minute-aggregate-deliveries-mv,delivery_network_rejected_ad,25,"AggregateFunction(sum, Int64)",YES,
clickhouse,consolidated,ssp-dmn-stats-by-minute-aggregate-deliveries-mv,delivery_winner,26,"AggregateFunction(sum, Int64)",YES,
clickhouse,consolidated,ssp-dmn-stats-by-minute-aggregate-deliveries-mv,delivery_cache,27,"AggregateFunction(sum, Int64)",YES,
clickhouse,consolidated,ssp-dmn-stats-by-minute-aggregate-deliveries-mv,delivery_cache_winner,28,"AggregateFunction(sum, Int64)",YES,
clickhouse,consolidated,ssp-dmn-stats-by-minute-aggregate-deliveries-mv,total_time_response,29,"AggregateFunction(sum, Int64)",YES,
clickhouse,consolidated,ssp-dmn-stats-by-minute-aggregate-deliveries-mv,total_time_response_with_ad_direct,30,"AggregateFunction(sum, Int64)",YES,
clickhouse,consolidated,ssp-dmn-stats-by-minute-aggregate-deliveries-mv,total_time_response_with_ad_cache,31,"AggregateFunction(sum, Int64)",YES,
clickhouse,consolidated,ssp-dmn-stats-by-minute-aggregate-dist,date,1,String,YES,
clickhouse,consolidated,ssp-dmn-stats-by-minute-aggregate-dist,hour,2,Int64,YES,
clickhouse,consolidated,ssp-dmn-stats-by-minute-aggregate-dist,minute,3,Int64,YES,
clickhouse,consolidated,ssp-dmn-stats-by-minute-aggregate-dist,datacenter,4,String,YES,
clickhouse,consolidated,ssp-dmn-stats-by-minute-aggregate-dist,canary,5,Bool,YES,
clickhouse,consolidated,ssp-dmn-stats-by-minute-aggregate-dist,endpoint,6,String,YES,
clickhouse,consolidated,ssp-dmn-stats-by-minute-aggregate-dist,endpoint_type,7,Nullable(String),YES,
clickhouse,consolidated,ssp-dmn-stats-by-minute-aggregate-dist,mediation_connection,8,Nullable(String),YES,
clickhouse,consolidated,ssp-dmn-stats-by-minute-aggregate-dist,id_user,9,Nullable(Int64),YES,
clickhouse,consolidated,ssp-dmn-stats-by-minute-aggregate-dist,adunit,10,String,YES,
clickhouse,consolidated,ssp-dmn-stats-by-minute-aggregate-dist,id_app,11,Nullable(Int64),YES,
clickhouse,consolidated,ssp-dmn-stats-by-minute-aggregate-dist,bundle,12,Nullable(String),YES,
clickhouse,consolidated,ssp-dmn-stats-by-minute-aggregate-dist,bundle_numerico,13,Nullable(Int64),YES,
clickhouse,consolidated,ssp-dmn-stats-by-minute-aggregate-dist,channel,14,Nullable(String),YES,
clickhouse,consolidated,ssp-dmn-stats-by-minute-aggregate-dist,id_os,15,Int64,YES,
clickhouse,consolidated,ssp-dmn-stats-by-minute-aggregate-dist,inventory_type,16,Nullable(String),YES,
clickhouse,consolidated,ssp-dmn-stats-by-minute-aggregate-dist,country,17,String,YES,
clickhouse,consolidated,ssp-dmn-stats-by-minute-aggregate-dist,id_size,18,Nullable(Int64),YES,
clickhouse,consolidated,ssp-dmn-stats-by-minute-aggregate-dist,ad_size,19,String,YES,
clickhouse,consolidated,ssp-dmn-stats-by-minute-aggregate-dist,network_id,20,Int64,YES,
clickhouse,consolidated,ssp-dmn-stats-by-minute-aggregate-dist,network_name,21,Nullable(String),YES,
clickhouse,consolidated,ssp-dmn-stats-by-minute-aggregate-dist,network_key,22,Nullable(String),YES,
clickhouse,consolidated,ssp-dmn-stats-by-minute-aggregate-dist,json_data,23,Nullable(String),YES,
clickhouse,consolidated,ssp-dmn-stats-by-minute-aggregate-dist,requests_total,24,"AggregateFunction(sum, Int64)",YES,
clickhouse,consolidated,ssp-dmn-stats-by-minute-aggregate-dist,requests_uniques,25,"AggregateFunction(sum, Int64)",YES,
clickhouse,consolidated,ssp-dmn-stats-by-minute-aggregate-dist,delivery_network,26,"AggregateFunction(sum, Int64)",YES,
clickhouse,consolidated,ssp-dmn-stats-by-minute-aggregate-dist,delivery_network_rejected_ad,27,"AggregateFunction(sum, Int64)",YES,
clickhouse,consolidated,ssp-dmn-stats-by-minute-aggregate-dist,delivery_winner,28,"AggregateFunction(sum, Int64)",YES,
clickhouse,consolidated,ssp-dmn-stats-by-minute-aggregate-dist,delivery_cache,29,"AggregateFunction(sum, Int64)",YES,
clickhouse,consolidated,ssp-dmn-stats-by-minute-aggregate-dist,delivery_cache_winner,30,"AggregateFunction(sum, Int64)",YES,
clickhouse,consolidated,ssp-dmn-stats-by-minute-aggregate-dist,total_time_response,31,"AggregateFunction(sum, Int64)",YES,
clickhouse,consolidated,ssp-dmn-stats-by-minute-aggregate-dist,total_time_response_with_ad_direct,32,"AggregateFunction(sum, Int64)",YES,
clickhouse,consolidated,ssp-dmn-stats-by-minute-aggregate-dist,total_time_response_with_ad_cache,33,"AggregateFunction(sum, Int64)",YES,
clickhouse,consolidated,ssp-dmn-stats-by-minute-aggregate-dist,impressions_total,34,"AggregateFunction(uniqCombined64, Int64)",YES,
clickhouse,consolidated,ssp-dmn-stats-by-minute-aggregate-dist,impressions_direct,35,"AggregateFunction(uniqCombined64, Int64)",YES,
clickhouse,consolidated,ssp-dmn-stats-by-minute-aggregate-dist,impressions_cache,36,"AggregateFunction(uniqCombined64, Int64)",YES,
clickhouse,consolidated,ssp-dmn-stats-by-minute-aggregate-dist,price_publisher_in_request,37,"AggregateFunction(groupUniqArray, Tuple(Int64, Float64))",YES,
clickhouse,consolidated,ssp-dmn-stats-by-minute-aggregate-dist,price_publisher_from_dashboard,38,"AggregateFunction(groupUniqArray, Tuple(Int64, Float64))",YES,
clickhouse,consolidated,ssp-dmn-stats-by-minute-aggregate-dist,price_publisher_request_used,39,"AggregateFunction(groupUniqArray, Tuple(Int64, Float64))",YES,
clickhouse,consolidated,ssp-dmn-stats-by-minute-aggregate-dist,price_network_request,40,"AggregateFunction(groupUniqArray, Tuple(Int64, Float64))",YES,
clickhouse,consolidated,ssp-dmn-stats-by-minute-aggregate-dist,price_network_response_gross_total,41,"AggregateFunction(groupUniqArray, Tuple(Int64, Float64))",YES,
clickhouse,consolidated,ssp-dmn-stats-by-minute-aggregate-dist,price_network_response_net_total,42,"AggregateFunction(groupUniqArray, Tuple(Int64, Float64))",YES,
clickhouse,consolidated,ssp-dmn-stats-by-minute-aggregate-dist,price_publisher_response_total,43,"AggregateFunction(groupUniqArray, Tuple(Int64, Float64))",YES,
clickhouse,consolidated,ssp-dmn-stats-by-minute-aggregate-dist,price_network_response_gross_direct,44,"AggregateFunction(groupUniqArray, Tuple(Int64, Float64))",YES,
clickhouse,consolidated,ssp-dmn-stats-by-minute-aggregate-dist,price_network_response_net_direct,45,"AggregateFunction(groupUniqArray, Tuple(Int64, Float64))",YES,
clickhouse,consolidated,ssp-dmn-stats-by-minute-aggregate-dist,price_publisher_response_direct,46,"AggregateFunction(groupUniqArray, Tuple(Int64, Float64))",YES,
clickhouse,consolidated,ssp-dmn-stats-by-minute-aggregate-dist,price_network_response_gross_cache,47,"AggregateFunction(groupUniqArray, Tuple(Int64, Float64))",YES,
clickhouse,consolidated,ssp-dmn-stats-by-minute-aggregate-dist,price_network_response_net_cache,48,"AggregateFunction(groupUniqArray, Tuple(Int64, Float64))",YES,
clickhouse,consolidated,ssp-dmn-stats-by-minute-aggregate-dist,price_publisher_response_cache,49,"AggregateFunction(groupUniqArray, Tuple(Int64, Float64))",YES,
clickhouse,consolidated,ssp-dmn-stats-by-minute-aggregate-dist,v_quartiles_0,50,"AggregateFunction(uniqCombined64, Int64)",YES,
clickhouse,consolidated,ssp-dmn-stats-by-minute-aggregate-dist,v_quartiles_25,51,"AggregateFunction(uniqCombined64, Int64)",YES,
clickhouse,consolidated,ssp-dmn-stats-by-minute-aggregate-dist,v_quartiles_50,52,"AggregateFunction(uniqCombined64, Int64)",YES,
clickhouse,consolidated,ssp-dmn-stats-by-minute-aggregate-dist,v_quartiles_75,53,"AggregateFunction(uniqCombined64, Int64)",YES,
clickhouse,consolidated,ssp-dmn-stats-by-minute-aggregate-dist,v_quartiles_100,54,"AggregateFunction(uniqCombined64, Int64)",YES,
clickhouse,consolidated,ssp-dmn-stats-by-minute-aggregate-dist,clicks_total,55,"AggregateFunction(uniqCombined64, Int64)",YES,
clickhouse,consolidated,ssp-dmn-stats-by-minute-aggregate-dist,clicks_direct,56,"AggregateFunction(uniqCombined64, Int64)",YES,
clickhouse,consolidated,ssp-dmn-stats-by-minute-aggregate-dist,clicks_cache,57,"AggregateFunction(uniqCombined64, Int64)",YES,
clickhouse,consolidated,ssp-dmn-stats-by-minute-aggregate-impressions-mv,date,1,String,YES,
clickhouse,consolidated,ssp-dmn-stats-by-minute-aggregate-impressions-mv,hour,2,Int64,YES,
clickhouse,consolidated,ssp-dmn-stats-by-minute-aggregate-impressions-mv,minute,3,Int64,YES,
clickhouse,consolidated,ssp-dmn-stats-by-minute-aggregate-impressions-mv,datacenter,4,String,YES,
clickhouse,consolidated,ssp-dmn-stats-by-minute-aggregate-impressions-mv,canary,5,Bool,YES,
clickhouse,consolidated,ssp-dmn-stats-by-minute-aggregate-impressions-mv,endpoint,6,String,YES,
clickhouse,consolidated,ssp-dmn-stats-by-minute-aggregate-impressions-mv,endpoint_type,7,String,YES,
clickhouse,consolidated,ssp-dmn-stats-by-minute-aggregate-impressions-mv,mediation_connection,8,String,YES,
clickhouse,consolidated,ssp-dmn-stats-by-minute-aggregate-impressions-mv,id_user,9,Int64,YES,
clickhouse,consolidated,ssp-dmn-stats-by-minute-aggregate-impressions-mv,adunit,10,String,YES,
clickhouse,consolidated,ssp-dmn-stats-by-minute-aggregate-impressions-mv,id_app,11,Int64,YES,
clickhouse,consolidated,ssp-dmn-stats-by-minute-aggregate-impressions-mv,bundle,12,String,YES,
clickhouse,consolidated,ssp-dmn-stats-by-minute-aggregate-impressions-mv,bundle_numerico,13,Nullable(Int64),YES,
clickhouse,consolidated,ssp-dmn-stats-by-minute-aggregate-impressions-mv,channel,14,Nullable(String),YES,
clickhouse,consolidated,ssp-dmn-stats-by-minute-aggregate-impressions-mv,id_os,15,Int64,YES,
clickhouse,consolidated,ssp-dmn-stats-by-minute-aggregate-impressions-mv,inventory_type,16,String,YES,
clickhouse,consolidated,ssp-dmn-stats-by-minute-aggregate-impressions-mv,country,17,String,YES,
clickhouse,consolidated,ssp-dmn-stats-by-minute-aggregate-impressions-mv,id_size,18,Int64,YES,
clickhouse,consolidated,ssp-dmn-stats-by-minute-aggregate-impressions-mv,ad_size,19,String,YES,
clickhouse,consolidated,ssp-dmn-stats-by-minute-aggregate-impressions-mv,network_id,20,Int64,YES,
clickhouse,consolidated,ssp-dmn-stats-by-minute-aggregate-impressions-mv,network_name,21,String,YES,
clickhouse,consolidated,ssp-dmn-stats-by-minute-aggregate-impressions-mv,network_key,22,String,YES,
clickhouse,consolidated,ssp-dmn-stats-by-minute-aggregate-impressions-mv,json_data,23,String,YES,
clickhouse,consolidated,ssp-dmn-stats-by-minute-aggregate-impressions-mv,impressions_total,24,"AggregateFunction(uniqCombined64, Int64)",YES,
clickhouse,consolidated,ssp-dmn-stats-by-minute-aggregate-impressions-mv,impressions_direct,25,"AggregateFunction(uniqCombined64, Int64)",YES,
clickhouse,consolidated,ssp-dmn-stats-by-minute-aggregate-impressions-mv,impressions_cache,26,"AggregateFunction(uniqCombined64, Int64)",YES,
clickhouse,consolidated,ssp-dmn-stats-by-minute-aggregate-impressions-mv,price_publisher_in_request,27,"AggregateFunction(groupUniqArray, Tuple(Int64, Float64))",YES,
clickhouse,consolidated,ssp-dmn-stats-by-minute-aggregate-impressions-mv,price_publisher_from_dashboard,28,"AggregateFunction(groupUniqArray, Tuple(Int64, Float64))",YES,
clickhouse,consolidated,ssp-dmn-stats-by-minute-aggregate-impressions-mv,price_publisher_request_used,29,"AggregateFunction(groupUniqArray, Tuple(Int64, Float64))",YES,
clickhouse,consolidated,ssp-dmn-stats-by-minute-aggregate-impressions-mv,price_network_request,30,"AggregateFunction(groupUniqArray, Tuple(Int64, Float64))",YES,
clickhouse,consolidated,ssp-dmn-stats-by-minute-aggregate-impressions-mv,price_network_response_gross_total,31,"AggregateFunction(groupUniqArray, Tuple(Int64, Float64))",YES,
clickhouse,consolidated,ssp-dmn-stats-by-minute-aggregate-impressions-mv,price_network_response_net_total,32,"AggregateFunction(groupUniqArray, Tuple(Int64, Float64))",YES,
clickhouse,consolidated,ssp-dmn-stats-by-minute-aggregate-impressions-mv,price_publisher_response_total,33,"AggregateFunction(groupUniqArray, Tuple(Int64, Float64))",YES,
clickhouse,consolidated,ssp-dmn-stats-by-minute-aggregate-impressions-mv,price_network_response_gross_direct,34,"AggregateFunction(groupUniqArray, Tuple(Int64, Float64))",YES,
clickhouse,consolidated,ssp-dmn-stats-by-minute-aggregate-impressions-mv,price_network_response_net_direct,35,"AggregateFunction(groupUniqArray, Tuple(Int64, Float64))",YES,
clickhouse,consolidated,ssp-dmn-stats-by-minute-aggregate-impressions-mv,price_publisher_response_direct,36,"AggregateFunction(groupUniqArray, Tuple(Int64, Float64))",YES,
clickhouse,consolidated,ssp-dmn-stats-by-minute-aggregate-impressions-mv,price_network_response_gross_cache,37,"AggregateFunction(groupUniqArray, Tuple(Int64, Float64))",YES,
clickhouse,consolidated,ssp-dmn-stats-by-minute-aggregate-impressions-mv,price_network_response_net_cache,38,"AggregateFunction(groupUniqArray, Tuple(Int64, Float64))",YES,
clickhouse,consolidated,ssp-dmn-stats-by-minute-aggregate-impressions-mv,price_publisher_response_cache,39,"AggregateFunction(groupUniqArray, Tuple(Int64, Float64))",YES,
clickhouse,consolidated,ssp-dmn-stats-by-minute-aggregate-impressions-mv,v_quartiles_0,40,"AggregateFunction(uniqCombined64, Int64)",YES,
clickhouse,consolidated,ssp-dmn-stats-by-minute-aggregate-impressions-mv,v_quartiles_25,41,"AggregateFunction(uniqCombined64, Int64)",YES,
clickhouse,consolidated,ssp-dmn-stats-by-minute-aggregate-impressions-mv,v_quartiles_50,42,"AggregateFunction(uniqCombined64, Int64)",YES,
clickhouse,consolidated,ssp-dmn-stats-by-minute-aggregate-impressions-mv,v_quartiles_75,43,"AggregateFunction(uniqCombined64, Int64)",YES,
clickhouse,consolidated,ssp-dmn-stats-by-minute-aggregate-impressions-mv,v_quartiles_100,44,"AggregateFunction(uniqCombined64, Int64)",YES,
clickhouse,consolidated,ssp-dmn-stats-by-minute-aggregate-requests-mv,date,1,String,YES,
clickhouse,consolidated,ssp-dmn-stats-by-minute-aggregate-requests-mv,hour,2,Int64,YES,
clickhouse,consolidated,ssp-dmn-stats-by-minute-aggregate-requests-mv,minute,3,Int64,YES,
clickhouse,consolidated,ssp-dmn-stats-by-minute-aggregate-requests-mv,datacenter,4,String,YES,
clickhouse,consolidated,ssp-dmn-stats-by-minute-aggregate-requests-mv,canary,5,Bool,YES,
clickhouse,consolidated,ssp-dmn-stats-by-minute-aggregate-requests-mv,endpoint,6,String,YES,
clickhouse,consolidated,ssp-dmn-stats-by-minute-aggregate-requests-mv,endpoint_type,7,Nullable(String),YES,
clickhouse,consolidated,ssp-dmn-stats-by-minute-aggregate-requests-mv,mediation_connection,8,Nullable(String),YES,
clickhouse,consolidated,ssp-dmn-stats-by-minute-aggregate-requests-mv,id_user,9,Nullable(Int64),YES,
clickhouse,consolidated,ssp-dmn-stats-by-minute-aggregate-requests-mv,adunit,10,String,YES,
clickhouse,consolidated,ssp-dmn-stats-by-minute-aggregate-requests-mv,id_app,11,Nullable(Int64),YES,
clickhouse,consolidated,ssp-dmn-stats-by-minute-aggregate-requests-mv,bundle,12,Nullable(String),YES,
clickhouse,consolidated,ssp-dmn-stats-by-minute-aggregate-requests-mv,bundle_numerico,13,Nullable(Int64),YES,
clickhouse,consolidated,ssp-dmn-stats-by-minute-aggregate-requests-mv,channel,14,Nullable(String),YES,
clickhouse,consolidated,ssp-dmn-stats-by-minute-aggregate-requests-mv,id_os,15,Int64,YES,
clickhouse,consolidated,ssp-dmn-stats-by-minute-aggregate-requests-mv,inventory_type,16,Nullable(String),YES,
clickhouse,consolidated,ssp-dmn-stats-by-minute-aggregate-requests-mv,country,17,String,YES,
clickhouse,consolidated,ssp-dmn-stats-by-minute-aggregate-requests-mv,id_size,18,Nullable(Int64),YES,
clickhouse,consolidated,ssp-dmn-stats-by-minute-aggregate-requests-mv,ad_size,19,String,YES,
clickhouse,consolidated,ssp-dmn-stats-by-minute-aggregate-requests-mv,network_id,20,Int64,YES,
clickhouse,consolidated,ssp-dmn-stats-by-minute-aggregate-requests-mv,network_name,21,Nullable(String),YES,
clickhouse,consolidated,ssp-dmn-stats-by-minute-aggregate-requests-mv,network_key,22,Nullable(String),YES,
clickhouse,consolidated,ssp-dmn-stats-by-minute-aggregate-requests-mv,json_data,23,Nullable(String),YES,
clickhouse,consolidated,ssp-dmn-stats-by-minute-aggregate-requests-mv,requests_total,24,"AggregateFunction(sum, Int64)",YES,
clickhouse,consolidated,ssp-dmn-stats-by-minute-aggregate-requests-mv,requests_uniques,25,"AggregateFunction(sum, Int64)",YES,
clickhouse,consolidated,ssp-dmn-stats-by-minute-to-hour-finally-mv,date,1,String,YES,
clickhouse,consolidated,ssp-dmn-stats-by-minute-to-hour-finally-mv,hour,2,Int64,YES,
clickhouse,consolidated,ssp-dmn-stats-by-minute-to-hour-finally-mv,datacenter,3,String,YES,
clickhouse,consolidated,ssp-dmn-stats-by-minute-to-hour-finally-mv,canary,4,Bool,YES,
clickhouse,consolidated,ssp-dmn-stats-by-minute-to-hour-finally-mv,endpoint,5,String,YES,
clickhouse,consolidated,ssp-dmn-stats-by-minute-to-hour-finally-mv,endpoint_type,6,Nullable(String),YES,
clickhouse,consolidated,ssp-dmn-stats-by-minute-to-hour-finally-mv,mediation_connection,7,Nullable(String),YES,
clickhouse,consolidated,ssp-dmn-stats-by-minute-to-hour-finally-mv,id_user,8,Nullable(Int64),YES,
clickhouse,consolidated,ssp-dmn-stats-by-minute-to-hour-finally-mv,adunit,9,String,YES,
clickhouse,consolidated,ssp-dmn-stats-by-minute-to-hour-finally-mv,id_app,10,Nullable(Int64),YES,
clickhouse,consolidated,ssp-dmn-stats-by-minute-to-hour-finally-mv,bundle,11,Nullable(String),YES,
clickhouse,consolidated,ssp-dmn-stats-by-minute-to-hour-finally-mv,bundle_numerico,12,Nullable(Int64),YES,
clickhouse,consolidated,ssp-dmn-stats-by-minute-to-hour-finally-mv,channel,13,Nullable(String),YES,
clickhouse,consolidated,ssp-dmn-stats-by-minute-to-hour-finally-mv,id_os,14,Int64,YES,
clickhouse,consolidated,ssp-dmn-stats-by-minute-to-hour-finally-mv,inventory_type,15,Nullable(String),YES,
clickhouse,consolidated,ssp-dmn-stats-by-minute-to-hour-finally-mv,country,16,String,YES,
clickhouse,consolidated,ssp-dmn-stats-by-minute-to-hour-finally-mv,id_size,17,Nullable(Int64),YES,
clickhouse,consolidated,ssp-dmn-stats-by-minute-to-hour-finally-mv,ad_size,18,String,YES,
clickhouse,consolidated,ssp-dmn-stats-by-minute-to-hour-finally-mv,network_id,19,Int64,YES,
clickhouse,consolidated,ssp-dmn-stats-by-minute-to-hour-finally-mv,network_name,20,Nullable(String),YES,
clickhouse,consolidated,ssp-dmn-stats-by-minute-to-hour-finally-mv,network_key,21,Nullable(String),YES,
clickhouse,consolidated,ssp-dmn-stats-by-minute-to-hour-finally-mv,json_data,22,Nullable(String),YES,
clickhouse,consolidated,ssp-dmn-stats-by-minute-to-hour-finally-mv,requests_total,23,UInt32,YES,
clickhouse,consolidated,ssp-dmn-stats-by-minute-to-hour-finally-mv,requests_uniques,24,UInt32,YES,
clickhouse,consolidated,ssp-dmn-stats-by-minute-to-hour-finally-mv,delivery_network,25,UInt32,YES,
clickhouse,consolidated,ssp-dmn-stats-by-minute-to-hour-finally-mv,delivery_network_rejected_ad,26,UInt32,YES,
clickhouse,consolidated,ssp-dmn-stats-by-minute-to-hour-finally-mv,delivery_winner,27,UInt32,YES,
clickhouse,consolidated,ssp-dmn-stats-by-minute-to-hour-finally-mv,delivery_cache,28,UInt32,YES,
clickhouse,consolidated,ssp-dmn-stats-by-minute-to-hour-finally-mv,delivery_cache_winner,29,UInt32,YES,
clickhouse,consolidated,ssp-dmn-stats-by-minute-to-hour-finally-mv,total_time_response,30,UInt32,YES,
clickhouse,consolidated,ssp-dmn-stats-by-minute-to-hour-finally-mv,total_time_response_with_ad_direct,31,UInt32,YES,
clickhouse,consolidated,ssp-dmn-stats-by-minute-to-hour-finally-mv,total_time_response_with_ad_cache,32,UInt32,YES,
clickhouse,consolidated,ssp-dmn-stats-by-minute-to-hour-finally-mv,impressions_total,33,UInt32,YES,
clickhouse,consolidated,ssp-dmn-stats-by-minute-to-hour-finally-mv,impressions_direct,34,UInt32,YES,
clickhouse,consolidated,ssp-dmn-stats-by-minute-to-hour-finally-mv,impressions_cache,35,UInt32,YES,
clickhouse,consolidated,ssp-dmn-stats-by-minute-to-hour-finally-mv,price_publisher_in_request,36,Float32,YES,
clickhouse,consolidated,ssp-dmn-stats-by-minute-to-hour-finally-mv,price_publisher_from_dashboard,37,Float32,YES,
clickhouse,consolidated,ssp-dmn-stats-by-minute-to-hour-finally-mv,price_publisher_request_used,38,Float32,YES,
clickhouse,consolidated,ssp-dmn-stats-by-minute-to-hour-finally-mv,price_network_request,39,Float32,YES,
clickhouse,consolidated,ssp-dmn-stats-by-minute-to-hour-finally-mv,price_network_response_gross_total,40,Float32,YES,
clickhouse,consolidated,ssp-dmn-stats-by-minute-to-hour-finally-mv,price_network_response_net_total,41,Float32,YES,
clickhouse,consolidated,ssp-dmn-stats-by-minute-to-hour-finally-mv,price_publisher_response_total,42,Float32,YES,
clickhouse,consolidated,ssp-dmn-stats-by-minute-to-hour-finally-mv,price_network_response_gross_direct,43,Float32,YES,
clickhouse,consolidated,ssp-dmn-stats-by-minute-to-hour-finally-mv,price_network_response_net_direct,44,Float32,YES,
clickhouse,consolidated,ssp-dmn-stats-by-minute-to-hour-finally-mv,price_publisher_response_direct,45,Float32,YES,
clickhouse,consolidated,ssp-dmn-stats-by-minute-to-hour-finally-mv,price_network_response_gross_cache,46,Float32,YES,
clickhouse,consolidated,ssp-dmn-stats-by-minute-to-hour-finally-mv,price_network_response_net_cache,47,Float32,YES,
clickhouse,consolidated,ssp-dmn-stats-by-minute-to-hour-finally-mv,price_publisher_response_cache,48,Float32,YES,
clickhouse,consolidated,ssp-dmn-stats-by-minute-to-hour-finally-mv,v_quartiles_0,49,UInt32,YES,
clickhouse,consolidated,ssp-dmn-stats-by-minute-to-hour-finally-mv,v_quartiles_25,50,UInt32,YES,
clickhouse,consolidated,ssp-dmn-stats-by-minute-to-hour-finally-mv,v_quartiles_50,51,UInt32,YES,
clickhouse,consolidated,ssp-dmn-stats-by-minute-to-hour-finally-mv,v_quartiles_75,52,UInt32,YES,
clickhouse,consolidated,ssp-dmn-stats-by-minute-to-hour-finally-mv,v_quartiles_100,53,UInt32,YES,
clickhouse,consolidated,ssp-dmn-stats-by-minute-to-hour-finally-mv,clicks_total,54,UInt32,YES,
clickhouse,consolidated,ssp-dmn-stats-by-minute-to-hour-finally-mv,clicks_direct,55,UInt32,YES,
clickhouse,consolidated,ssp-dmn-stats-by-minute-to-hour-finally-mv,clicks_cache,56,UInt32,YES,
clickhouse,consolidated,ssp-dmn-stats-by-minute-to-hour-finally-mv,updated_at,57,DateTime64(3),YES,
clickhouse,consolidated,ssp-limit-network-lnabcs-finally,datacenter,1,LowCardinality(String),YES,
clickhouse,consolidated,ssp-limit-network-lnabcs-finally,id_network,2,UInt32,YES,PRI
clickhouse,consolidated,ssp-limit-network-lnabcs-finally,endpoint,3,String,YES,PRI
clickhouse,consolidated,ssp-limit-network-lnabcs-finally,adunit,4,String,YES,PRI
clickhouse,consolidated,ssp-limit-network-lnabcs-finally,bundle,5,String,YES,PRI
clickhouse,consolidated,ssp-limit-network-lnabcs-finally,channel,6,String,YES,
clickhouse,consolidated,ssp-limit-network-lnabcs-finally,id_size,7,UInt32,YES,PRI
clickhouse,consolidated,ssp-limit-network-lnabcs-finally,id_size_alternative_forced,8,UInt32,YES,
clickhouse,consolidated,ssp-limit-network-lnabcs-finally,country,9,LowCardinality(String),YES,PRI
clickhouse,consolidated,ssp-limit-network-lnabcs-finally,combo_extra_id,10,String,YES,
clickhouse,consolidated,ssp-limit-network-lnabcs-finally,ts,11,DateTime64(3),YES,
clickhouse,consolidated,ssp-limit-network-lnabcs-finally,publisher_processed_requests,12,Nullable(String),YES,
clickhouse,consolidated,ssp-limit-network-lnabcs-finally,requests,13,UInt64,YES,
clickhouse,consolidated,ssp-limit-network-lnabcs-finally,deliveries,14,UInt64,YES,
clickhouse,consolidated,ssp-limit-network-lnabcs-finally,impressions,15,UInt64,YES,
clickhouse,consolidated,ssp-limit-network-lnabcs-finally,lim,16,"Decimal(11, 10)",YES,
clickhouse,consolidated,ssp-limit-network-lnabcs-finally,lim_cnf_file,17,"Decimal(11, 10)",YES,
clickhouse,consolidated,ssp-limit-network-lnabcs-finally,ts_line_creation,18,DateTime64(3),YES,
clickhouse,consolidated,ssp-limit-network-lnabcs-finally,ts_last_live_data,19,DateTime64(3),YES,
clickhouse,consolidated,ssp-limit-network-lnabcs-finally,last_live_hours,20,Nullable(UInt64),YES,
clickhouse,consolidated,ssp-limit-network-lnabcs-finally,ts_last_limit,21,Nullable(DateTime64(3)),YES,
clickhouse,consolidated,ssp-limit-network-lnabcs-finally,ts_last_block,22,Nullable(DateTime64(3)),YES,
clickhouse,consolidated,ssp-limit-network-lnabcs-finally,ts_last_block_end,23,Nullable(DateTime64(3)),YES,
clickhouse,consolidated,ssp-limit-network-lnabcs-finally,ts_force_reactivation_start,24,Nullable(DateTime64(3)),YES,
clickhouse,consolidated,ssp-limit-network-lnabcs-finally,rcpm,25,"Decimal(10, 6)",YES,
clickhouse,consolidated,ssp-limit-network-lnabcs-finally,rcpm_tx,26,"Decimal(10, 6)",YES,
clickhouse,consolidated,ssp-limit-network-lnabcs-finally,rcpm_restriction,27,"Decimal(10, 6)",YES,
clickhouse,consolidated,ssp-limit-network-lnabcs-finally,verbose_limit_reason,28,Nullable(String),YES,
clickhouse,consolidated,ssp-limit-network-lnabcs-finally,verbose_limit_rule,29,Nullable(String),YES,
clickhouse,consolidated,ssp-limit-network-lnabcs-finally,block_step,30,UInt64,YES,
clickhouse,consolidated,ssp-limit-network-lnabcs-finally,reactivation_step,31,UInt64,YES,
clickhouse,consolidated,ssp-limit-network-lnabcs-finally,test_combo_petitioner,32,Nullable(String),YES,
clickhouse,consolidated,ssp-limit-network-lnabcs-finally,test_combo_retries,33,UInt16,YES,
clickhouse,consolidated,ssp-limit-network-lnabcs-finally,__deleted,34,String,YES,
clickhouse,consolidated,ssp-limit-network-lnabcs-finally,updated_at,35,DateTime64(3),YES,
clickhouse,consolidated,ssp-limit-network-lnabcs-finally,city_hash,36,UInt64,YES,PRI
clickhouse,consolidated,ssp-limit-network-lnabcs-finally-dist,datacenter,1,LowCardinality(String),YES,
clickhouse,consolidated,ssp-limit-network-lnabcs-finally-dist,id_network,2,UInt32,YES,
clickhouse,consolidated,ssp-limit-network-lnabcs-finally-dist,endpoint,3,String,YES,
clickhouse,consolidated,ssp-limit-network-lnabcs-finally-dist,adunit,4,String,YES,
clickhouse,consolidated,ssp-limit-network-lnabcs-finally-dist,bundle,5,String,YES,
clickhouse,consolidated,ssp-limit-network-lnabcs-finally-dist,channel,6,String,YES,
clickhouse,consolidated,ssp-limit-network-lnabcs-finally-dist,id_size,7,UInt32,YES,
clickhouse,consolidated,ssp-limit-network-lnabcs-finally-dist,id_size_alternative_forced,8,UInt32,YES,
clickhouse,consolidated,ssp-limit-network-lnabcs-finally-dist,country,9,LowCardinality(String),YES,
clickhouse,consolidated,ssp-limit-network-lnabcs-finally-dist,combo_extra_id,10,String,YES,
clickhouse,consolidated,ssp-limit-network-lnabcs-finally-dist,ts,11,DateTime64(3),YES,
clickhouse,consolidated,ssp-limit-network-lnabcs-finally-dist,publisher_processed_requests,12,Nullable(String),YES,
clickhouse,consolidated,ssp-limit-network-lnabcs-finally-dist,requests,13,UInt64,YES,
clickhouse,consolidated,ssp-limit-network-lnabcs-finally-dist,deliveries,14,UInt64,YES,
clickhouse,consolidated,ssp-limit-network-lnabcs-finally-dist,impressions,15,UInt64,YES,
clickhouse,consolidated,ssp-limit-network-lnabcs-finally-dist,lim,16,"Decimal(11, 10)",YES,
clickhouse,consolidated,ssp-limit-network-lnabcs-finally-dist,lim_cnf_file,17,"Decimal(11, 10)",YES,
clickhouse,consolidated,ssp-limit-network-lnabcs-finally-dist,ts_line_creation,18,DateTime64(3),YES,
clickhouse,consolidated,ssp-limit-network-lnabcs-finally-dist,ts_last_live_data,19,DateTime64(3),YES,
clickhouse,consolidated,ssp-limit-network-lnabcs-finally-dist,last_live_hours,20,Nullable(UInt64),YES,
clickhouse,consolidated,ssp-limit-network-lnabcs-finally-dist,ts_last_limit,21,Nullable(DateTime64(3)),YES,
clickhouse,consolidated,ssp-limit-network-lnabcs-finally-dist,ts_last_block,22,Nullable(DateTime64(3)),YES,
clickhouse,consolidated,ssp-limit-network-lnabcs-finally-dist,ts_last_block_end,23,Nullable(DateTime64(3)),YES,
clickhouse,consolidated,ssp-limit-network-lnabcs-finally-dist,ts_force_reactivation_start,24,Nullable(DateTime64(3)),YES,
clickhouse,consolidated,ssp-limit-network-lnabcs-finally-dist,rcpm,25,"Decimal(10, 6)",YES,
clickhouse,consolidated,ssp-limit-network-lnabcs-finally-dist,rcpm_tx,26,"Decimal(10, 6)",YES,
clickhouse,consolidated,ssp-limit-network-lnabcs-finally-dist,rcpm_restriction,27,"Decimal(10, 6)",YES,
clickhouse,consolidated,ssp-limit-network-lnabcs-finally-dist,verbose_limit_reason,28,Nullable(String),YES,
clickhouse,consolidated,ssp-limit-network-lnabcs-finally-dist,verbose_limit_rule,29,Nullable(String),YES,
clickhouse,consolidated,ssp-limit-network-lnabcs-finally-dist,block_step,30,UInt64,YES,
clickhouse,consolidated,ssp-limit-network-lnabcs-finally-dist,reactivation_step,31,UInt64,YES,
clickhouse,consolidated,ssp-limit-network-lnabcs-finally-dist,test_combo_petitioner,32,Nullable(String),YES,
clickhouse,consolidated,ssp-limit-network-lnabcs-finally-dist,test_combo_retries,33,UInt16,YES,
clickhouse,consolidated,ssp-limit-network-lnabcs-finally-dist,__deleted,34,String,YES,
clickhouse,consolidated,ssp-limit-network-lnabcs-finally-dist,updated_at,35,DateTime64(3),YES,
clickhouse,consolidated,ssp-limit-network-lnabcs-finally-dist,city_hash,36,UInt64,YES,
clickhouse,consolidated,ssp-limit-network-lnabcs-finally-mv,datacenter,1,LowCardinality(String),YES,
clickhouse,consolidated,ssp-limit-network-lnabcs-finally-mv,id_network,2,UInt32,YES,
clickhouse,consolidated,ssp-limit-network-lnabcs-finally-mv,endpoint,3,String,YES,
clickhouse,consolidated,ssp-limit-network-lnabcs-finally-mv,adunit,4,String,YES,
clickhouse,consolidated,ssp-limit-network-lnabcs-finally-mv,bundle,5,String,YES,
clickhouse,consolidated,ssp-limit-network-lnabcs-finally-mv,channel,6,String,YES,
clickhouse,consolidated,ssp-limit-network-lnabcs-finally-mv,id_size,7,UInt32,YES,
clickhouse,consolidated,ssp-limit-network-lnabcs-finally-mv,id_size_alternative_forced,8,UInt32,YES,
clickhouse,consolidated,ssp-limit-network-lnabcs-finally-mv,country,9,LowCardinality(String),YES,
clickhouse,consolidated,ssp-limit-network-lnabcs-finally-mv,combo_extra_id,10,String,YES,
clickhouse,consolidated,ssp-limit-network-lnabcs-finally-mv,ts,11,DateTime64(3),YES,
clickhouse,consolidated,ssp-limit-network-lnabcs-finally-mv,publisher_processed_requests,12,Nullable(String),YES,
clickhouse,consolidated,ssp-limit-network-lnabcs-finally-mv,requests,13,UInt64,YES,
clickhouse,consolidated,ssp-limit-network-lnabcs-finally-mv,deliveries,14,UInt64,YES,
clickhouse,consolidated,ssp-limit-network-lnabcs-finally-mv,impressions,15,UInt64,YES,
clickhouse,consolidated,ssp-limit-network-lnabcs-finally-mv,lim,16,"Decimal(11, 10)",YES,
clickhouse,consolidated,ssp-limit-network-lnabcs-finally-mv,lim_cnf_file,17,"Decimal(11, 10)",YES,
clickhouse,consolidated,ssp-limit-network-lnabcs-finally-mv,ts_line_creation,18,DateTime64(3),YES,
clickhouse,consolidated,ssp-limit-network-lnabcs-finally-mv,ts_last_live_data,19,DateTime64(3),YES,
clickhouse,consolidated,ssp-limit-network-lnabcs-finally-mv,last_live_hours,20,Nullable(UInt64),YES,
clickhouse,consolidated,ssp-limit-network-lnabcs-finally-mv,ts_last_limit,21,Nullable(DateTime64(3)),YES,
clickhouse,consolidated,ssp-limit-network-lnabcs-finally-mv,ts_last_block,22,Nullable(DateTime64(3)),YES,
clickhouse,consolidated,ssp-limit-network-lnabcs-finally-mv,ts_last_block_end,23,Nullable(DateTime64(3)),YES,
clickhouse,consolidated,ssp-limit-network-lnabcs-finally-mv,ts_force_reactivation_start,24,Nullable(DateTime64(3)),YES,
clickhouse,consolidated,ssp-limit-network-lnabcs-finally-mv,rcpm,25,"Decimal(10, 6)",YES,
clickhouse,consolidated,ssp-limit-network-lnabcs-finally-mv,rcpm_tx,26,"Decimal(10, 6)",YES,
clickhouse,consolidated,ssp-limit-network-lnabcs-finally-mv,rcpm_restriction,27,"Decimal(10, 6)",YES,
clickhouse,consolidated,ssp-limit-network-lnabcs-finally-mv,verbose_limit_reason,28,Nullable(String),YES,
clickhouse,consolidated,ssp-limit-network-lnabcs-finally-mv,verbose_limit_rule,29,Nullable(String),YES,
clickhouse,consolidated,ssp-limit-network-lnabcs-finally-mv,block_step,30,UInt64,YES,
clickhouse,consolidated,ssp-limit-network-lnabcs-finally-mv,reactivation_step,31,UInt64,YES,
clickhouse,consolidated,ssp-limit-network-lnabcs-finally-mv,test_combo_petitioner,32,Nullable(String),YES,
clickhouse,consolidated,ssp-limit-network-lnabcs-finally-mv,test_combo_retries,33,UInt16,YES,
clickhouse,consolidated,ssp-limit-network-lnabcs-finally-mv,__deleted,34,String,YES,
clickhouse,consolidated,ssp-limit-network-lnabcs-finally-mv,updated_at,35,DateTime64(3),YES,
clickhouse,consolidated,ssp-limit-network-lnabcs-freezer-finally,datacenter,1,LowCardinality(String),YES,
clickhouse,consolidated,ssp-limit-network-lnabcs-freezer-finally,id_network,2,UInt32,YES,PRI
clickhouse,consolidated,ssp-limit-network-lnabcs-freezer-finally,endpoint,3,String,YES,PRI
clickhouse,consolidated,ssp-limit-network-lnabcs-freezer-finally,adunit,4,String,YES,PRI
clickhouse,consolidated,ssp-limit-network-lnabcs-freezer-finally,bundle,5,String,YES,PRI
clickhouse,consolidated,ssp-limit-network-lnabcs-freezer-finally,channel,6,String,YES,
clickhouse,consolidated,ssp-limit-network-lnabcs-freezer-finally,id_size,7,UInt32,YES,PRI
clickhouse,consolidated,ssp-limit-network-lnabcs-freezer-finally,id_size_alternative_forced,8,UInt32,YES,
clickhouse,consolidated,ssp-limit-network-lnabcs-freezer-finally,country,9,LowCardinality(String),YES,PRI
clickhouse,consolidated,ssp-limit-network-lnabcs-freezer-finally,combo_extra_id,10,String,YES,
clickhouse,consolidated,ssp-limit-network-lnabcs-freezer-finally,ts_freeze,11,DateTime64(3),YES,
clickhouse,consolidated,ssp-limit-network-lnabcs-freezer-finally,publisher_processed_requests,12,String,YES,
clickhouse,consolidated,ssp-limit-network-lnabcs-freezer-finally,last_live_hours,13,UInt64,YES,
clickhouse,consolidated,ssp-limit-network-lnabcs-freezer-finally,rcpm,14,"Decimal(10, 6)",YES,
clickhouse,consolidated,ssp-limit-network-lnabcs-freezer-finally,rcpm_tx,15,"Decimal(10, 6)",YES,
clickhouse,consolidated,ssp-limit-network-lnabcs-freezer-finally,rcpm_restriction,16,"Decimal(10, 6)",YES,
clickhouse,consolidated,ssp-limit-network-lnabcs-freezer-finally,ts_combo_creation,17,DateTime64(3),YES,
clickhouse,consolidated,ssp-limit-network-lnabcs-freezer-finally,ts_last_block_end,18,DateTime64(3),YES,
clickhouse,consolidated,ssp-limit-network-lnabcs-freezer-finally,block_step,19,UInt64,YES,
clickhouse,consolidated,ssp-limit-network-lnabcs-freezer-finally,__deleted,20,String,YES,
clickhouse,consolidated,ssp-limit-network-lnabcs-freezer-finally,updated_at,21,DateTime64(3),YES,
clickhouse,consolidated,ssp-limit-network-lnabcs-freezer-finally,city_hash,22,UInt64,YES,PRI
clickhouse,consolidated,ssp-limit-network-lnabcs-freezer-finally-dist,datacenter,1,LowCardinality(String),YES,
clickhouse,consolidated,ssp-limit-network-lnabcs-freezer-finally-dist,id_network,2,UInt32,YES,
clickhouse,consolidated,ssp-limit-network-lnabcs-freezer-finally-dist,endpoint,3,String,YES,
clickhouse,consolidated,ssp-limit-network-lnabcs-freezer-finally-dist,adunit,4,String,YES,
clickhouse,consolidated,ssp-limit-network-lnabcs-freezer-finally-dist,bundle,5,String,YES,
clickhouse,consolidated,ssp-limit-network-lnabcs-freezer-finally-dist,channel,6,String,YES,
clickhouse,consolidated,ssp-limit-network-lnabcs-freezer-finally-dist,id_size,7,UInt32,YES,
clickhouse,consolidated,ssp-limit-network-lnabcs-freezer-finally-dist,id_size_alternative_forced,8,UInt32,YES,
clickhouse,consolidated,ssp-limit-network-lnabcs-freezer-finally-dist,country,9,LowCardinality(String),YES,
clickhouse,consolidated,ssp-limit-network-lnabcs-freezer-finally-dist,combo_extra_id,10,String,YES,
clickhouse,consolidated,ssp-limit-network-lnabcs-freezer-finally-dist,ts_freeze,11,DateTime64(3),YES,
clickhouse,consolidated,ssp-limit-network-lnabcs-freezer-finally-dist,publisher_processed_requests,12,String,YES,
clickhouse,consolidated,ssp-limit-network-lnabcs-freezer-finally-dist,last_live_hours,13,UInt64,YES,
clickhouse,consolidated,ssp-limit-network-lnabcs-freezer-finally-dist,rcpm,14,"Decimal(10, 6)",YES,
clickhouse,consolidated,ssp-limit-network-lnabcs-freezer-finally-dist,rcpm_tx,15,"Decimal(10, 6)",YES,
clickhouse,consolidated,ssp-limit-network-lnabcs-freezer-finally-dist,rcpm_restriction,16,"Decimal(10, 6)",YES,
clickhouse,consolidated,ssp-limit-network-lnabcs-freezer-finally-dist,ts_combo_creation,17,DateTime64(3),YES,
clickhouse,consolidated,ssp-limit-network-lnabcs-freezer-finally-dist,ts_last_block_end,18,DateTime64(3),YES,
clickhouse,consolidated,ssp-limit-network-lnabcs-freezer-finally-dist,block_step,19,UInt64,YES,
clickhouse,consolidated,ssp-limit-network-lnabcs-freezer-finally-dist,__deleted,20,String,YES,
clickhouse,consolidated,ssp-limit-network-lnabcs-freezer-finally-dist,updated_at,21,DateTime64(3),YES,
clickhouse,consolidated,ssp-limit-network-lnabcs-freezer-finally-dist,city_hash,22,UInt64,YES,
clickhouse,consolidated,ssp-limit-network-lnabcs-freezer-finally-mv,datacenter,1,LowCardinality(String),YES,
clickhouse,consolidated,ssp-limit-network-lnabcs-freezer-finally-mv,id_network,2,UInt32,YES,
clickhouse,consolidated,ssp-limit-network-lnabcs-freezer-finally-mv,endpoint,3,String,YES,
clickhouse,consolidated,ssp-limit-network-lnabcs-freezer-finally-mv,adunit,4,String,YES,
clickhouse,consolidated,ssp-limit-network-lnabcs-freezer-finally-mv,bundle,5,String,YES,
clickhouse,consolidated,ssp-limit-network-lnabcs-freezer-finally-mv,channel,6,String,YES,
clickhouse,consolidated,ssp-limit-network-lnabcs-freezer-finally-mv,id_size,7,UInt32,YES,
clickhouse,consolidated,ssp-limit-network-lnabcs-freezer-finally-mv,id_size_alternative_forced,8,UInt32,YES,
clickhouse,consolidated,ssp-limit-network-lnabcs-freezer-finally-mv,country,9,LowCardinality(String),YES,
clickhouse,consolidated,ssp-limit-network-lnabcs-freezer-finally-mv,combo_extra_id,10,String,YES,
clickhouse,consolidated,ssp-limit-network-lnabcs-freezer-finally-mv,ts_freeze,11,DateTime64(3),YES,
clickhouse,consolidated,ssp-limit-network-lnabcs-freezer-finally-mv,publisher_processed_requests,12,String,YES,
clickhouse,consolidated,ssp-limit-network-lnabcs-freezer-finally-mv,last_live_hours,13,UInt64,YES,
clickhouse,consolidated,ssp-limit-network-lnabcs-freezer-finally-mv,rcpm,14,"Decimal(10, 6)",YES,
clickhouse,consolidated,ssp-limit-network-lnabcs-freezer-finally-mv,rcpm_tx,15,"Decimal(10, 6)",YES,
clickhouse,consolidated,ssp-limit-network-lnabcs-freezer-finally-mv,rcpm_restriction,16,"Decimal(10, 6)",YES,
clickhouse,consolidated,ssp-limit-network-lnabcs-freezer-finally-mv,ts_combo_creation,17,DateTime64(3),YES,
clickhouse,consolidated,ssp-limit-network-lnabcs-freezer-finally-mv,ts_last_block_end,18,DateTime64(3),YES,
clickhouse,consolidated,ssp-limit-network-lnabcs-freezer-finally-mv,block_step,19,UInt64,YES,
clickhouse,consolidated,ssp-limit-network-lnabcs-freezer-finally-mv,__deleted,20,String,YES,
clickhouse,consolidated,ssp-limit-network-lnabcs-freezer-finally-mv,updated_at,21,DateTime64(3),YES,
clickhouse,consolidated,ssp-pub-stats-by-day-aggregate-finally,date,1,Date,YES,PRI
clickhouse,consolidated,ssp-pub-stats-by-day-aggregate-finally,datacenter,2,LowCardinality(String),YES,PRI
clickhouse,consolidated,ssp-pub-stats-by-day-aggregate-finally,canary,3,Bool,YES,
clickhouse,consolidated,ssp-pub-stats-by-day-aggregate-finally,endpoint,4,String,YES,PRI
clickhouse,consolidated,ssp-pub-stats-by-day-aggregate-finally,endpoint_type,5,LowCardinality(String),YES,
clickhouse,consolidated,ssp-pub-stats-by-day-aggregate-finally,mediation_connection,6,LowCardinality(String),YES,
clickhouse,consolidated,ssp-pub-stats-by-day-aggregate-finally,id_user,7,UInt32,YES,
clickhouse,consolidated,ssp-pub-stats-by-day-aggregate-finally,adunit,8,String,YES,PRI
clickhouse,consolidated,ssp-pub-stats-by-day-aggregate-finally,id_app,9,UInt32,YES,
clickhouse,consolidated,ssp-pub-stats-by-day-aggregate-finally,bundle,10,String,YES,PRI
clickhouse,consolidated,ssp-pub-stats-by-day-aggregate-finally,bundle_numerico,11,UInt64,YES,
clickhouse,consolidated,ssp-pub-stats-by-day-aggregate-finally,channel,12,String,YES,
clickhouse,consolidated,ssp-pub-stats-by-day-aggregate-finally,id_os,13,UInt8,YES,
clickhouse,consolidated,ssp-pub-stats-by-day-aggregate-finally,inventory_type,14,LowCardinality(String),YES,
clickhouse,consolidated,ssp-pub-stats-by-day-aggregate-finally,country,15,LowCardinality(String),YES,PRI
clickhouse,consolidated,ssp-pub-stats-by-day-aggregate-finally,id_size,16,UInt8,YES,PRI
clickhouse,consolidated,ssp-pub-stats-by-day-aggregate-finally,ad_size,17,LowCardinality(String),YES,
clickhouse,consolidated,ssp-pub-stats-by-day-aggregate-finally,json_data,18,String,YES,
clickhouse,consolidated,ssp-pub-stats-by-day-aggregate-finally,requests_accepted,19,UInt32,YES,
clickhouse,consolidated,ssp-pub-stats-by-day-aggregate-finally,requests_rejected,20,UInt32,YES,
clickhouse,consolidated,ssp-pub-stats-by-day-aggregate-finally,requests_bad,21,UInt32,YES,
clickhouse,consolidated,ssp-pub-stats-by-day-aggregate-finally,requests_test,22,UInt32,YES,
clickhouse,consolidated,ssp-pub-stats-by-day-aggregate-finally,deliveries_total,23,UInt32,YES,
clickhouse,consolidated,ssp-pub-stats-by-day-aggregate-finally,deliveries_direct,24,UInt32,YES,
clickhouse,consolidated,ssp-pub-stats-by-day-aggregate-finally,deliveries_cache,25,UInt32,YES,
clickhouse,consolidated,ssp-pub-stats-by-day-aggregate-finally,total_time_response_ad_total,26,UInt32,YES,
clickhouse,consolidated,ssp-pub-stats-by-day-aggregate-finally,total_time_response_ad_direct,27,UInt32,YES,
clickhouse,consolidated,ssp-pub-stats-by-day-aggregate-finally,total_time_response_ad_cache,28,UInt32,YES,
clickhouse,consolidated,ssp-pub-stats-by-day-aggregate-finally,impressions_total,29,UInt32,YES,
clickhouse,consolidated,ssp-pub-stats-by-day-aggregate-finally,impressions_direct,30,UInt32,YES,
clickhouse,consolidated,ssp-pub-stats-by-day-aggregate-finally,impressions_cache,31,UInt32,YES,
clickhouse,consolidated,ssp-pub-stats-by-day-aggregate-finally,price_publisher_in_request,32,Float32,YES,
clickhouse,consolidated,ssp-pub-stats-by-day-aggregate-finally,price_publisher_from_dashboard,33,Float32,YES,
clickhouse,consolidated,ssp-pub-stats-by-day-aggregate-finally,price_publisher_request_used,34,Float32,YES,
clickhouse,consolidated,ssp-pub-stats-by-day-aggregate-finally,price_network_response_net_total,35,Float32,YES,
clickhouse,consolidated,ssp-pub-stats-by-day-aggregate-finally,price_publisher_response_total,36,Float32,YES,
clickhouse,consolidated,ssp-pub-stats-by-day-aggregate-finally,price_network_response_net_direct,37,Float32,YES,
clickhouse,consolidated,ssp-pub-stats-by-day-aggregate-finally,price_publisher_response_direct,38,Float32,YES,
clickhouse,consolidated,ssp-pub-stats-by-day-aggregate-finally,price_network_response_net_cache,39,Float32,YES,
clickhouse,consolidated,ssp-pub-stats-by-day-aggregate-finally,price_publisher_response_cache,40,Float32,YES,
clickhouse,consolidated,ssp-pub-stats-by-day-aggregate-finally,v_quartiles_0,41,UInt32,YES,
clickhouse,consolidated,ssp-pub-stats-by-day-aggregate-finally,v_quartiles_25,42,UInt32,YES,
clickhouse,consolidated,ssp-pub-stats-by-day-aggregate-finally,v_quartiles_50,43,UInt32,YES,
clickhouse,consolidated,ssp-pub-stats-by-day-aggregate-finally,v_quartiles_75,44,UInt32,YES,
clickhouse,consolidated,ssp-pub-stats-by-day-aggregate-finally,v_quartiles_100,45,UInt32,YES,
clickhouse,consolidated,ssp-pub-stats-by-day-aggregate-finally,clicks_total,46,UInt32,YES,
clickhouse,consolidated,ssp-pub-stats-by-day-aggregate-finally,clicks_direct,47,UInt32,YES,
clickhouse,consolidated,ssp-pub-stats-by-day-aggregate-finally,clicks_cache,48,UInt32,YES,
clickhouse,consolidated,ssp-pub-stats-by-day-aggregate-finally,updated_at,49,DateTime64(3),YES,
clickhouse,consolidated,ssp-pub-stats-by-day-aggregate-finally,city_hash,50,UInt64,YES,PRI
clickhouse,consolidated,ssp-pub-stats-by-day-aggregate-finally-dist,date,1,Date,YES,
clickhouse,consolidated,ssp-pub-stats-by-day-aggregate-finally-dist,datacenter,2,LowCardinality(String),YES,
clickhouse,consolidated,ssp-pub-stats-by-day-aggregate-finally-dist,canary,3,Bool,YES,
clickhouse,consolidated,ssp-pub-stats-by-day-aggregate-finally-dist,endpoint,4,String,YES,
clickhouse,consolidated,ssp-pub-stats-by-day-aggregate-finally-dist,endpoint_type,5,LowCardinality(String),YES,
clickhouse,consolidated,ssp-pub-stats-by-day-aggregate-finally-dist,mediation_connection,6,LowCardinality(String),YES,
clickhouse,consolidated,ssp-pub-stats-by-day-aggregate-finally-dist,id_user,7,UInt32,YES,
clickhouse,consolidated,ssp-pub-stats-by-day-aggregate-finally-dist,adunit,8,String,YES,
clickhouse,consolidated,ssp-pub-stats-by-day-aggregate-finally-dist,id_app,9,UInt32,YES,
clickhouse,consolidated,ssp-pub-stats-by-day-aggregate-finally-dist,bundle,10,String,YES,
clickhouse,consolidated,ssp-pub-stats-by-day-aggregate-finally-dist,bundle_numerico,11,UInt64,YES,
clickhouse,consolidated,ssp-pub-stats-by-day-aggregate-finally-dist,channel,12,String,YES,
clickhouse,consolidated,ssp-pub-stats-by-day-aggregate-finally-dist,id_os,13,UInt8,YES,
clickhouse,consolidated,ssp-pub-stats-by-day-aggregate-finally-dist,inventory_type,14,LowCardinality(String),YES,
clickhouse,consolidated,ssp-pub-stats-by-day-aggregate-finally-dist,country,15,LowCardinality(String),YES,
clickhouse,consolidated,ssp-pub-stats-by-day-aggregate-finally-dist,id_size,16,UInt8,YES,
clickhouse,consolidated,ssp-pub-stats-by-day-aggregate-finally-dist,ad_size,17,LowCardinality(String),YES,
clickhouse,consolidated,ssp-pub-stats-by-day-aggregate-finally-dist,json_data,18,String,YES,
clickhouse,consolidated,ssp-pub-stats-by-day-aggregate-finally-dist,requests_accepted,19,UInt32,YES,
clickhouse,consolidated,ssp-pub-stats-by-day-aggregate-finally-dist,requests_rejected,20,UInt32,YES,
clickhouse,consolidated,ssp-pub-stats-by-day-aggregate-finally-dist,requests_bad,21,UInt32,YES,
clickhouse,consolidated,ssp-pub-stats-by-day-aggregate-finally-dist,requests_test,22,UInt32,YES,
clickhouse,consolidated,ssp-pub-stats-by-day-aggregate-finally-dist,deliveries_total,23,UInt32,YES,
clickhouse,consolidated,ssp-pub-stats-by-day-aggregate-finally-dist,deliveries_direct,24,UInt32,YES,
clickhouse,consolidated,ssp-pub-stats-by-day-aggregate-finally-dist,deliveries_cache,25,UInt32,YES,
clickhouse,consolidated,ssp-pub-stats-by-day-aggregate-finally-dist,total_time_response_ad_total,26,UInt32,YES,
clickhouse,consolidated,ssp-pub-stats-by-day-aggregate-finally-dist,total_time_response_ad_direct,27,UInt32,YES,
clickhouse,consolidated,ssp-pub-stats-by-day-aggregate-finally-dist,total_time_response_ad_cache,28,UInt32,YES,
clickhouse,consolidated,ssp-pub-stats-by-day-aggregate-finally-dist,impressions_total,29,UInt32,YES,
clickhouse,consolidated,ssp-pub-stats-by-day-aggregate-finally-dist,impressions_direct,30,UInt32,YES,
clickhouse,consolidated,ssp-pub-stats-by-day-aggregate-finally-dist,impressions_cache,31,UInt32,YES,
clickhouse,consolidated,ssp-pub-stats-by-day-aggregate-finally-dist,price_publisher_in_request,32,Float32,YES,
clickhouse,consolidated,ssp-pub-stats-by-day-aggregate-finally-dist,price_publisher_from_dashboard,33,Float32,YES,
clickhouse,consolidated,ssp-pub-stats-by-day-aggregate-finally-dist,price_publisher_request_used,34,Float32,YES,
clickhouse,consolidated,ssp-pub-stats-by-day-aggregate-finally-dist,price_network_response_net_total,35,Float32,YES,
clickhouse,consolidated,ssp-pub-stats-by-day-aggregate-finally-dist,price_publisher_response_total,36,Float32,YES,
clickhouse,consolidated,ssp-pub-stats-by-day-aggregate-finally-dist,price_network_response_net_direct,37,Float32,YES,
clickhouse,consolidated,ssp-pub-stats-by-day-aggregate-finally-dist,price_publisher_response_direct,38,Float32,YES,
clickhouse,consolidated,ssp-pub-stats-by-day-aggregate-finally-dist,price_network_response_net_cache,39,Float32,YES,
clickhouse,consolidated,ssp-pub-stats-by-day-aggregate-finally-dist,price_publisher_response_cache,40,Float32,YES,
clickhouse,consolidated,ssp-pub-stats-by-day-aggregate-finally-dist,v_quartiles_0,41,UInt32,YES,
clickhouse,consolidated,ssp-pub-stats-by-day-aggregate-finally-dist,v_quartiles_25,42,UInt32,YES,
clickhouse,consolidated,ssp-pub-stats-by-day-aggregate-finally-dist,v_quartiles_50,43,UInt32,YES,
clickhouse,consolidated,ssp-pub-stats-by-day-aggregate-finally-dist,v_quartiles_75,44,UInt32,YES,
clickhouse,consolidated,ssp-pub-stats-by-day-aggregate-finally-dist,v_quartiles_100,45,UInt32,YES,
clickhouse,consolidated,ssp-pub-stats-by-day-aggregate-finally-dist,clicks_total,46,UInt32,YES,
clickhouse,consolidated,ssp-pub-stats-by-day-aggregate-finally-dist,clicks_direct,47,UInt32,YES,
clickhouse,consolidated,ssp-pub-stats-by-day-aggregate-finally-dist,clicks_cache,48,UInt32,YES,
clickhouse,consolidated,ssp-pub-stats-by-day-aggregate-finally-dist,updated_at,49,DateTime64(3),YES,
clickhouse,consolidated,ssp-pub-stats-by-day-aggregate-finally-dist,city_hash,50,UInt64,YES,
clickhouse,consolidated,ssp-pub-stats-by-hour-aggregate-finally,date,1,Date,YES,PRI
clickhouse,consolidated,ssp-pub-stats-by-hour-aggregate-finally,hour,2,UInt8,YES,PRI
clickhouse,consolidated,ssp-pub-stats-by-hour-aggregate-finally,datacenter,3,LowCardinality(String),YES,PRI
clickhouse,consolidated,ssp-pub-stats-by-hour-aggregate-finally,canary,4,Bool,YES,
clickhouse,consolidated,ssp-pub-stats-by-hour-aggregate-finally,endpoint,5,String,YES,PRI
clickhouse,consolidated,ssp-pub-stats-by-hour-aggregate-finally,endpoint_type,6,LowCardinality(String),YES,
clickhouse,consolidated,ssp-pub-stats-by-hour-aggregate-finally,mediation_connection,7,LowCardinality(String),YES,
clickhouse,consolidated,ssp-pub-stats-by-hour-aggregate-finally,id_user,8,UInt32,YES,
clickhouse,consolidated,ssp-pub-stats-by-hour-aggregate-finally,adunit,9,String,YES,PRI
clickhouse,consolidated,ssp-pub-stats-by-hour-aggregate-finally,id_app,10,UInt32,YES,
clickhouse,consolidated,ssp-pub-stats-by-hour-aggregate-finally,bundle,11,String,YES,PRI
clickhouse,consolidated,ssp-pub-stats-by-hour-aggregate-finally,bundle_numerico,12,UInt64,YES,
clickhouse,consolidated,ssp-pub-stats-by-hour-aggregate-finally,channel,13,String,YES,
clickhouse,consolidated,ssp-pub-stats-by-hour-aggregate-finally,id_os,14,UInt8,YES,
clickhouse,consolidated,ssp-pub-stats-by-hour-aggregate-finally,inventory_type,15,LowCardinality(String),YES,
clickhouse,consolidated,ssp-pub-stats-by-hour-aggregate-finally,country,16,LowCardinality(String),YES,PRI
clickhouse,consolidated,ssp-pub-stats-by-hour-aggregate-finally,id_size,17,UInt8,YES,PRI
clickhouse,consolidated,ssp-pub-stats-by-hour-aggregate-finally,ad_size,18,LowCardinality(String),YES,
clickhouse,consolidated,ssp-pub-stats-by-hour-aggregate-finally,json_data,19,String,YES,
clickhouse,consolidated,ssp-pub-stats-by-hour-aggregate-finally,requests_accepted,20,UInt32,YES,
clickhouse,consolidated,ssp-pub-stats-by-hour-aggregate-finally,requests_rejected,21,UInt32,YES,
clickhouse,consolidated,ssp-pub-stats-by-hour-aggregate-finally,requests_bad,22,UInt32,YES,
clickhouse,consolidated,ssp-pub-stats-by-hour-aggregate-finally,requests_test,23,UInt32,YES,
clickhouse,consolidated,ssp-pub-stats-by-hour-aggregate-finally,deliveries_total,24,UInt32,YES,
clickhouse,consolidated,ssp-pub-stats-by-hour-aggregate-finally,deliveries_direct,25,UInt32,YES,
clickhouse,consolidated,ssp-pub-stats-by-hour-aggregate-finally,deliveries_cache,26,UInt32,YES,
clickhouse,consolidated,ssp-pub-stats-by-hour-aggregate-finally,total_time_response_ad_total,27,UInt32,YES,
clickhouse,consolidated,ssp-pub-stats-by-hour-aggregate-finally,total_time_response_ad_direct,28,UInt32,YES,
clickhouse,consolidated,ssp-pub-stats-by-hour-aggregate-finally,total_time_response_ad_cache,29,UInt32,YES,
clickhouse,consolidated,ssp-pub-stats-by-hour-aggregate-finally,impressions_total,30,UInt32,YES,
clickhouse,consolidated,ssp-pub-stats-by-hour-aggregate-finally,impressions_direct,31,UInt32,YES,
clickhouse,consolidated,ssp-pub-stats-by-hour-aggregate-finally,impressions_cache,32,UInt32,YES,
clickhouse,consolidated,ssp-pub-stats-by-hour-aggregate-finally,price_publisher_in_request,33,Float32,YES,
clickhouse,consolidated,ssp-pub-stats-by-hour-aggregate-finally,price_publisher_from_dashboard,34,Float32,YES,
clickhouse,consolidated,ssp-pub-stats-by-hour-aggregate-finally,price_publisher_request_used,35,Float32,YES,
clickhouse,consolidated,ssp-pub-stats-by-hour-aggregate-finally,price_network_response_net_total,36,Float32,YES,
clickhouse,consolidated,ssp-pub-stats-by-hour-aggregate-finally,price_publisher_response_total,37,Float32,YES,
clickhouse,consolidated,ssp-pub-stats-by-hour-aggregate-finally,price_network_response_net_direct,38,Float32,YES,
clickhouse,consolidated,ssp-pub-stats-by-hour-aggregate-finally,price_publisher_response_direct,39,Float32,YES,
clickhouse,consolidated,ssp-pub-stats-by-hour-aggregate-finally,price_network_response_net_cache,40,Float32,YES,
clickhouse,consolidated,ssp-pub-stats-by-hour-aggregate-finally,price_publisher_response_cache,41,Float32,YES,
clickhouse,consolidated,ssp-pub-stats-by-hour-aggregate-finally,v_quartiles_0,42,UInt32,YES,
clickhouse,consolidated,ssp-pub-stats-by-hour-aggregate-finally,v_quartiles_25,43,UInt32,YES,
clickhouse,consolidated,ssp-pub-stats-by-hour-aggregate-finally,v_quartiles_50,44,UInt32,YES,
clickhouse,consolidated,ssp-pub-stats-by-hour-aggregate-finally,v_quartiles_75,45,UInt32,YES,
clickhouse,consolidated,ssp-pub-stats-by-hour-aggregate-finally,v_quartiles_100,46,UInt32,YES,
clickhouse,consolidated,ssp-pub-stats-by-hour-aggregate-finally,clicks_total,47,UInt32,YES,
clickhouse,consolidated,ssp-pub-stats-by-hour-aggregate-finally,clicks_direct,48,UInt32,YES,
clickhouse,consolidated,ssp-pub-stats-by-hour-aggregate-finally,clicks_cache,49,UInt32,YES,
clickhouse,consolidated,ssp-pub-stats-by-hour-aggregate-finally,updated_at,50,DateTime64(3),YES,
clickhouse,consolidated,ssp-pub-stats-by-hour-aggregate-finally,city_hash,51,UInt64,YES,PRI
clickhouse,consolidated,ssp-pub-stats-by-hour-aggregate-finally-dist,date,1,Date,YES,
clickhouse,consolidated,ssp-pub-stats-by-hour-aggregate-finally-dist,hour,2,UInt8,YES,
clickhouse,consolidated,ssp-pub-stats-by-hour-aggregate-finally-dist,datacenter,3,LowCardinality(String),YES,
clickhouse,consolidated,ssp-pub-stats-by-hour-aggregate-finally-dist,canary,4,Bool,YES,
clickhouse,consolidated,ssp-pub-stats-by-hour-aggregate-finally-dist,endpoint,5,String,YES,
clickhouse,consolidated,ssp-pub-stats-by-hour-aggregate-finally-dist,endpoint_type,6,LowCardinality(String),YES,
clickhouse,consolidated,ssp-pub-stats-by-hour-aggregate-finally-dist,mediation_connection,7,LowCardinality(String),YES,
clickhouse,consolidated,ssp-pub-stats-by-hour-aggregate-finally-dist,id_user,8,UInt32,YES,
clickhouse,consolidated,ssp-pub-stats-by-hour-aggregate-finally-dist,adunit,9,String,YES,
clickhouse,consolidated,ssp-pub-stats-by-hour-aggregate-finally-dist,id_app,10,UInt32,YES,
clickhouse,consolidated,ssp-pub-stats-by-hour-aggregate-finally-dist,bundle,11,String,YES,
clickhouse,consolidated,ssp-pub-stats-by-hour-aggregate-finally-dist,bundle_numerico,12,UInt64,YES,
clickhouse,consolidated,ssp-pub-stats-by-hour-aggregate-finally-dist,channel,13,String,YES,
clickhouse,consolidated,ssp-pub-stats-by-hour-aggregate-finally-dist,id_os,14,UInt8,YES,
clickhouse,consolidated,ssp-pub-stats-by-hour-aggregate-finally-dist,inventory_type,15,LowCardinality(String),YES,
clickhouse,consolidated,ssp-pub-stats-by-hour-aggregate-finally-dist,country,16,LowCardinality(String),YES,
clickhouse,consolidated,ssp-pub-stats-by-hour-aggregate-finally-dist,id_size,17,UInt8,YES,
clickhouse,consolidated,ssp-pub-stats-by-hour-aggregate-finally-dist,ad_size,18,LowCardinality(String),YES,
clickhouse,consolidated,ssp-pub-stats-by-hour-aggregate-finally-dist,json_data,19,String,YES,
clickhouse,consolidated,ssp-pub-stats-by-hour-aggregate-finally-dist,requests_accepted,20,UInt32,YES,
clickhouse,consolidated,ssp-pub-stats-by-hour-aggregate-finally-dist,requests_rejected,21,UInt32,YES,
clickhouse,consolidated,ssp-pub-stats-by-hour-aggregate-finally-dist,requests_bad,22,UInt32,YES,
clickhouse,consolidated,ssp-pub-stats-by-hour-aggregate-finally-dist,requests_test,23,UInt32,YES,
clickhouse,consolidated,ssp-pub-stats-by-hour-aggregate-finally-dist,deliveries_total,24,UInt32,YES,
clickhouse,consolidated,ssp-pub-stats-by-hour-aggregate-finally-dist,deliveries_direct,25,UInt32,YES,
clickhouse,consolidated,ssp-pub-stats-by-hour-aggregate-finally-dist,deliveries_cache,26,UInt32,YES,
clickhouse,consolidated,ssp-pub-stats-by-hour-aggregate-finally-dist,total_time_response_ad_total,27,UInt32,YES,
clickhouse,consolidated,ssp-pub-stats-by-hour-aggregate-finally-dist,total_time_response_ad_direct,28,UInt32,YES,
clickhouse,consolidated,ssp-pub-stats-by-hour-aggregate-finally-dist,total_time_response_ad_cache,29,UInt32,YES,
clickhouse,consolidated,ssp-pub-stats-by-hour-aggregate-finally-dist,impressions_total,30,UInt32,YES,
clickhouse,consolidated,ssp-pub-stats-by-hour-aggregate-finally-dist,impressions_direct,31,UInt32,YES,
clickhouse,consolidated,ssp-pub-stats-by-hour-aggregate-finally-dist,impressions_cache,32,UInt32,YES,
clickhouse,consolidated,ssp-pub-stats-by-hour-aggregate-finally-dist,price_publisher_in_request,33,Float32,YES,
clickhouse,consolidated,ssp-pub-stats-by-hour-aggregate-finally-dist,price_publisher_from_dashboard,34,Float32,YES,
clickhouse,consolidated,ssp-pub-stats-by-hour-aggregate-finally-dist,price_publisher_request_used,35,Float32,YES,
clickhouse,consolidated,ssp-pub-stats-by-hour-aggregate-finally-dist,price_network_response_net_total,36,Float32,YES,
clickhouse,consolidated,ssp-pub-stats-by-hour-aggregate-finally-dist,price_publisher_response_total,37,Float32,YES,
clickhouse,consolidated,ssp-pub-stats-by-hour-aggregate-finally-dist,price_network_response_net_direct,38,Float32,YES,
clickhouse,consolidated,ssp-pub-stats-by-hour-aggregate-finally-dist,price_publisher_response_direct,39,Float32,YES,
clickhouse,consolidated,ssp-pub-stats-by-hour-aggregate-finally-dist,price_network_response_net_cache,40,Float32,YES,
clickhouse,consolidated,ssp-pub-stats-by-hour-aggregate-finally-dist,price_publisher_response_cache,41,Float32,YES,
clickhouse,consolidated,ssp-pub-stats-by-hour-aggregate-finally-dist,v_quartiles_0,42,UInt32,YES,
clickhouse,consolidated,ssp-pub-stats-by-hour-aggregate-finally-dist,v_quartiles_25,43,UInt32,YES,
clickhouse,consolidated,ssp-pub-stats-by-hour-aggregate-finally-dist,v_quartiles_50,44,UInt32,YES,
clickhouse,consolidated,ssp-pub-stats-by-hour-aggregate-finally-dist,v_quartiles_75,45,UInt32,YES,
clickhouse,consolidated,ssp-pub-stats-by-hour-aggregate-finally-dist,v_quartiles_100,46,UInt32,YES,
clickhouse,consolidated,ssp-pub-stats-by-hour-aggregate-finally-dist,clicks_total,47,UInt32,YES,
clickhouse,consolidated,ssp-pub-stats-by-hour-aggregate-finally-dist,clicks_direct,48,UInt32,YES,
clickhouse,consolidated,ssp-pub-stats-by-hour-aggregate-finally-dist,clicks_cache,49,UInt32,YES,
clickhouse,consolidated,ssp-pub-stats-by-hour-aggregate-finally-dist,updated_at,50,DateTime64(3),YES,
clickhouse,consolidated,ssp-pub-stats-by-hour-aggregate-finally-dist,city_hash,51,UInt64,YES,
clickhouse,consolidated,ssp-pub-stats-by-hour-to-day-finally-mv,date,1,Date,YES,
clickhouse,consolidated,ssp-pub-stats-by-hour-to-day-finally-mv,datacenter,2,LowCardinality(String),YES,
clickhouse,consolidated,ssp-pub-stats-by-hour-to-day-finally-mv,canary,3,Bool,YES,
clickhouse,consolidated,ssp-pub-stats-by-hour-to-day-finally-mv,endpoint,4,String,YES,
clickhouse,consolidated,ssp-pub-stats-by-hour-to-day-finally-mv,endpoint_type,5,LowCardinality(String),YES,
clickhouse,consolidated,ssp-pub-stats-by-hour-to-day-finally-mv,mediation_connection,6,LowCardinality(String),YES,
clickhouse,consolidated,ssp-pub-stats-by-hour-to-day-finally-mv,id_user,7,UInt32,YES,
clickhouse,consolidated,ssp-pub-stats-by-hour-to-day-finally-mv,adunit,8,String,YES,
clickhouse,consolidated,ssp-pub-stats-by-hour-to-day-finally-mv,id_app,9,UInt32,YES,
clickhouse,consolidated,ssp-pub-stats-by-hour-to-day-finally-mv,bundle,10,String,YES,
clickhouse,consolidated,ssp-pub-stats-by-hour-to-day-finally-mv,bundle_numerico,11,UInt64,YES,
clickhouse,consolidated,ssp-pub-stats-by-hour-to-day-finally-mv,channel,12,String,YES,
clickhouse,consolidated,ssp-pub-stats-by-hour-to-day-finally-mv,id_os,13,UInt8,YES,
clickhouse,consolidated,ssp-pub-stats-by-hour-to-day-finally-mv,inventory_type,14,LowCardinality(String),YES,
clickhouse,consolidated,ssp-pub-stats-by-hour-to-day-finally-mv,country,15,LowCardinality(String),YES,
clickhouse,consolidated,ssp-pub-stats-by-hour-to-day-finally-mv,id_size,16,UInt8,YES,
clickhouse,consolidated,ssp-pub-stats-by-hour-to-day-finally-mv,ad_size,17,LowCardinality(String),YES,
clickhouse,consolidated,ssp-pub-stats-by-hour-to-day-finally-mv,json_data,18,String,YES,
clickhouse,consolidated,ssp-pub-stats-by-hour-to-day-finally-mv,requests_accepted,19,UInt64,YES,
clickhouse,consolidated,ssp-pub-stats-by-hour-to-day-finally-mv,requests_rejected,20,UInt64,YES,
clickhouse,consolidated,ssp-pub-stats-by-hour-to-day-finally-mv,requests_bad,21,UInt64,YES,
clickhouse,consolidated,ssp-pub-stats-by-hour-to-day-finally-mv,requests_test,22,UInt64,YES,
clickhouse,consolidated,ssp-pub-stats-by-hour-to-day-finally-mv,deliveries_total,23,UInt64,YES,
clickhouse,consolidated,ssp-pub-stats-by-hour-to-day-finally-mv,deliveries_direct,24,UInt64,YES,
clickhouse,consolidated,ssp-pub-stats-by-hour-to-day-finally-mv,deliveries_cache,25,UInt64,YES,
clickhouse,consolidated,ssp-pub-stats-by-hour-to-day-finally-mv,total_time_response_ad_total,26,UInt64,YES,
clickhouse,consolidated,ssp-pub-stats-by-hour-to-day-finally-mv,total_time_response_ad_direct,27,UInt64,YES,
clickhouse,consolidated,ssp-pub-stats-by-hour-to-day-finally-mv,total_time_response_ad_cache,28,UInt64,YES,
clickhouse,consolidated,ssp-pub-stats-by-hour-to-day-finally-mv,impressions_total,29,UInt64,YES,
clickhouse,consolidated,ssp-pub-stats-by-hour-to-day-finally-mv,impressions_direct,30,UInt64,YES,
clickhouse,consolidated,ssp-pub-stats-by-hour-to-day-finally-mv,impressions_cache,31,UInt64,YES,
clickhouse,consolidated,ssp-pub-stats-by-hour-to-day-finally-mv,price_publisher_in_request,32,Float64,YES,
clickhouse,consolidated,ssp-pub-stats-by-hour-to-day-finally-mv,price_publisher_from_dashboard,33,Float64,YES,
clickhouse,consolidated,ssp-pub-stats-by-hour-to-day-finally-mv,price_publisher_request_used,34,Float64,YES,
clickhouse,consolidated,ssp-pub-stats-by-hour-to-day-finally-mv,price_network_response_net_total,35,Float64,YES,
clickhouse,consolidated,ssp-pub-stats-by-hour-to-day-finally-mv,price_publisher_response_total,36,Float64,YES,
clickhouse,consolidated,ssp-pub-stats-by-hour-to-day-finally-mv,price_network_response_net_direct,37,Float64,YES,
clickhouse,consolidated,ssp-pub-stats-by-hour-to-day-finally-mv,price_publisher_response_direct,38,Float64,YES,
clickhouse,consolidated,ssp-pub-stats-by-hour-to-day-finally-mv,price_network_response_net_cache,39,Float64,YES,
clickhouse,consolidated,ssp-pub-stats-by-hour-to-day-finally-mv,price_publisher_response_cache,40,Float64,YES,
clickhouse,consolidated,ssp-pub-stats-by-hour-to-day-finally-mv,v_quartiles_0,41,UInt64,YES,
clickhouse,consolidated,ssp-pub-stats-by-hour-to-day-finally-mv,v_quartiles_25,42,UInt64,YES,
clickhouse,consolidated,ssp-pub-stats-by-hour-to-day-finally-mv,v_quartiles_50,43,UInt64,YES,
clickhouse,consolidated,ssp-pub-stats-by-hour-to-day-finally-mv,v_quartiles_75,44,UInt64,YES,
clickhouse,consolidated,ssp-pub-stats-by-hour-to-day-finally-mv,v_quartiles_100,45,UInt64,YES,
clickhouse,consolidated,ssp-pub-stats-by-hour-to-day-finally-mv,clicks_total,46,UInt64,YES,
clickhouse,consolidated,ssp-pub-stats-by-hour-to-day-finally-mv,clicks_direct,47,UInt64,YES,
clickhouse,consolidated,ssp-pub-stats-by-hour-to-day-finally-mv,clicks_cache,48,UInt64,YES,
clickhouse,consolidated,ssp-pub-stats-by-hour-to-day-finally-mv,updated_at,49,DateTime64(3),YES,
clickhouse,consolidated,ssp-pub-stats-by-minute-aggregate,date,1,String,YES,PRI
clickhouse,consolidated,ssp-pub-stats-by-minute-aggregate,hour,2,Int64,YES,PRI
clickhouse,consolidated,ssp-pub-stats-by-minute-aggregate,minute,3,Int64,YES,PRI
clickhouse,consolidated,ssp-pub-stats-by-minute-aggregate,datacenter,4,String,YES,PRI
clickhouse,consolidated,ssp-pub-stats-by-minute-aggregate,canary,5,Bool,YES,PRI
clickhouse,consolidated,ssp-pub-stats-by-minute-aggregate,endpoint,6,String,YES,PRI
clickhouse,consolidated,ssp-pub-stats-by-minute-aggregate,endpoint_type,7,String,YES,PRI
clickhouse,consolidated,ssp-pub-stats-by-minute-aggregate,mediation_connection,8,String,YES,PRI
clickhouse,consolidated,ssp-pub-stats-by-minute-aggregate,id_user,9,Int64,YES,PRI
clickhouse,consolidated,ssp-pub-stats-by-minute-aggregate,adunit,10,String,YES,PRI
clickhouse,consolidated,ssp-pub-stats-by-minute-aggregate,id_app,11,Int64,YES,PRI
clickhouse,consolidated,ssp-pub-stats-by-minute-aggregate,bundle,12,String,YES,PRI
clickhouse,consolidated,ssp-pub-stats-by-minute-aggregate,bundle_numerico,13,Nullable(Int64),YES,PRI
clickhouse,consolidated,ssp-pub-stats-by-minute-aggregate,channel,14,Nullable(String),YES,PRI
clickhouse,consolidated,ssp-pub-stats-by-minute-aggregate,id_os,15,Int64,YES,PRI
clickhouse,consolidated,ssp-pub-stats-by-minute-aggregate,inventory_type,16,String,YES,PRI
clickhouse,consolidated,ssp-pub-stats-by-minute-aggregate,country,17,String,YES,PRI
clickhouse,consolidated,ssp-pub-stats-by-minute-aggregate,id_size,18,Int64,YES,PRI
clickhouse,consolidated,ssp-pub-stats-by-minute-aggregate,ad_size,19,String,YES,PRI
clickhouse,consolidated,ssp-pub-stats-by-minute-aggregate,json_data,20,String,YES,PRI
clickhouse,consolidated,ssp-pub-stats-by-minute-aggregate,requests_accepted,21,"AggregateFunction(sum, Int64)",YES,
clickhouse,consolidated,ssp-pub-stats-by-minute-aggregate,requests_rejected,22,"AggregateFunction(sum, Int64)",YES,
clickhouse,consolidated,ssp-pub-stats-by-minute-aggregate,requests_bad,23,"AggregateFunction(sum, Int64)",YES,
clickhouse,consolidated,ssp-pub-stats-by-minute-aggregate,requests_test,24,"AggregateFunction(sum, Int64)",YES,
clickhouse,consolidated,ssp-pub-stats-by-minute-aggregate,deliveries_total,25,"AggregateFunction(sum, Int64)",YES,
clickhouse,consolidated,ssp-pub-stats-by-minute-aggregate,deliveries_direct,26,"AggregateFunction(sum, Int64)",YES,
clickhouse,consolidated,ssp-pub-stats-by-minute-aggregate,deliveries_cache,27,"AggregateFunction(sum, Int64)",YES,
clickhouse,consolidated,ssp-pub-stats-by-minute-aggregate,total_time_response_ad_total,28,"AggregateFunction(sum, Int64)",YES,
clickhouse,consolidated,ssp-pub-stats-by-minute-aggregate,total_time_response_ad_direct,29,"AggregateFunction(sum, Int64)",YES,
clickhouse,consolidated,ssp-pub-stats-by-minute-aggregate,total_time_response_ad_cache,30,"AggregateFunction(sum, Int64)",YES,
clickhouse,consolidated,ssp-pub-stats-by-minute-aggregate,impressions_total,31,"AggregateFunction(uniqCombined64, Int64)",YES,
clickhouse,consolidated,ssp-pub-stats-by-minute-aggregate,impressions_direct,32,"AggregateFunction(uniqCombined64, Int64)",YES,
clickhouse,consolidated,ssp-pub-stats-by-minute-aggregate,impressions_cache,33,"AggregateFunction(uniqCombined64, Int64)",YES,
clickhouse,consolidated,ssp-pub-stats-by-minute-aggregate,price_publisher_in_request,34,"AggregateFunction(groupUniqArray, Tuple(Int64, Float64))",YES,
clickhouse,consolidated,ssp-pub-stats-by-minute-aggregate,price_publisher_from_dashboard,35,"AggregateFunction(groupUniqArray, Tuple(Int64, Float64))",YES,
clickhouse,consolidated,ssp-pub-stats-by-minute-aggregate,price_publisher_request_used,36,"AggregateFunction(groupUniqArray, Tuple(Int64, Float64))",YES,
clickhouse,consolidated,ssp-pub-stats-by-minute-aggregate,price_network_response_net_total,37,"AggregateFunction(groupUniqArray, Tuple(Int64, Float64))",YES,
clickhouse,consolidated,ssp-pub-stats-by-minute-aggregate,price_publisher_response_total,38,"AggregateFunction(groupUniqArray, Tuple(Int64, Float64))",YES,
clickhouse,consolidated,ssp-pub-stats-by-minute-aggregate,price_network_response_net_direct,39,"AggregateFunction(groupUniqArray, Tuple(Int64, Float64))",YES,
clickhouse,consolidated,ssp-pub-stats-by-minute-aggregate,price_publisher_response_direct,40,"AggregateFunction(groupUniqArray, Tuple(Int64, Float64))",YES,
clickhouse,consolidated,ssp-pub-stats-by-minute-aggregate,price_network_response_net_cache,41,"AggregateFunction(groupUniqArray, Tuple(Int64, Float64))",YES,
clickhouse,consolidated,ssp-pub-stats-by-minute-aggregate,price_publisher_response_cache,42,"AggregateFunction(groupUniqArray, Tuple(Int64, Float64))",YES,
clickhouse,consolidated,ssp-pub-stats-by-minute-aggregate,v_quartiles_0,43,"AggregateFunction(uniqCombined64, Int64)",YES,
clickhouse,consolidated,ssp-pub-stats-by-minute-aggregate,v_quartiles_25,44,"AggregateFunction(uniqCombined64, Int64)",YES,
clickhouse,consolidated,ssp-pub-stats-by-minute-aggregate,v_quartiles_50,45,"AggregateFunction(uniqCombined64, Int64)",YES,
clickhouse,consolidated,ssp-pub-stats-by-minute-aggregate,v_quartiles_75,46,"AggregateFunction(uniqCombined64, Int64)",YES,
clickhouse,consolidated,ssp-pub-stats-by-minute-aggregate,v_quartiles_100,47,"AggregateFunction(uniqCombined64, Int64)",YES,
clickhouse,consolidated,ssp-pub-stats-by-minute-aggregate,clicks_total,48,"AggregateFunction(uniqCombined64, Int64)",YES,
clickhouse,consolidated,ssp-pub-stats-by-minute-aggregate,clicks_direct,49,"AggregateFunction(uniqCombined64, Int64)",YES,
clickhouse,consolidated,ssp-pub-stats-by-minute-aggregate,clicks_cache,50,"AggregateFunction(uniqCombined64, Int64)",YES,
clickhouse,consolidated,ssp-pub-stats-by-minute-aggregate-clicks-mv,date,1,String,YES,
clickhouse,consolidated,ssp-pub-stats-by-minute-aggregate-clicks-mv,hour,2,Int64,YES,
clickhouse,consolidated,ssp-pub-stats-by-minute-aggregate-clicks-mv,minute,3,Int64,YES,
clickhouse,consolidated,ssp-pub-stats-by-minute-aggregate-clicks-mv,datacenter,4,String,YES,
clickhouse,consolidated,ssp-pub-stats-by-minute-aggregate-clicks-mv,canary,5,Bool,YES,
clickhouse,consolidated,ssp-pub-stats-by-minute-aggregate-clicks-mv,endpoint,6,String,YES,
clickhouse,consolidated,ssp-pub-stats-by-minute-aggregate-clicks-mv,endpoint_type,7,String,YES,
clickhouse,consolidated,ssp-pub-stats-by-minute-aggregate-clicks-mv,mediation_connection,8,String,YES,
clickhouse,consolidated,ssp-pub-stats-by-minute-aggregate-clicks-mv,id_user,9,Int64,YES,
clickhouse,consolidated,ssp-pub-stats-by-minute-aggregate-clicks-mv,adunit,10,String,YES,
clickhouse,consolidated,ssp-pub-stats-by-minute-aggregate-clicks-mv,id_app,11,Int64,YES,
clickhouse,consolidated,ssp-pub-stats-by-minute-aggregate-clicks-mv,bundle,12,String,YES,
clickhouse,consolidated,ssp-pub-stats-by-minute-aggregate-clicks-mv,bundle_numerico,13,Nullable(Int64),YES,
clickhouse,consolidated,ssp-pub-stats-by-minute-aggregate-clicks-mv,channel,14,Nullable(String),YES,
clickhouse,consolidated,ssp-pub-stats-by-minute-aggregate-clicks-mv,id_os,15,Int64,YES,
clickhouse,consolidated,ssp-pub-stats-by-minute-aggregate-clicks-mv,inventory_type,16,String,YES,
clickhouse,consolidated,ssp-pub-stats-by-minute-aggregate-clicks-mv,country,17,String,YES,
clickhouse,consolidated,ssp-pub-stats-by-minute-aggregate-clicks-mv,id_size,18,Int64,YES,
clickhouse,consolidated,ssp-pub-stats-by-minute-aggregate-clicks-mv,ad_size,19,String,YES,
clickhouse,consolidated,ssp-pub-stats-by-minute-aggregate-clicks-mv,json_data,20,String,YES,
clickhouse,consolidated,ssp-pub-stats-by-minute-aggregate-clicks-mv,clicks_total,21,"AggregateFunction(uniqCombined64, Int64)",YES,
clickhouse,consolidated,ssp-pub-stats-by-minute-aggregate-clicks-mv,clicks_direct,22,"AggregateFunction(uniqCombined64, Int64)",YES,
clickhouse,consolidated,ssp-pub-stats-by-minute-aggregate-clicks-mv,clicks_cache,23,"AggregateFunction(uniqCombined64, Int64)",YES,
clickhouse,consolidated,ssp-pub-stats-by-minute-aggregate-deliveries-mv,date,1,String,YES,
clickhouse,consolidated,ssp-pub-stats-by-minute-aggregate-deliveries-mv,hour,2,Int64,YES,
clickhouse,consolidated,ssp-pub-stats-by-minute-aggregate-deliveries-mv,minute,3,Int64,YES,
clickhouse,consolidated,ssp-pub-stats-by-minute-aggregate-deliveries-mv,datacenter,4,String,YES,
clickhouse,consolidated,ssp-pub-stats-by-minute-aggregate-deliveries-mv,canary,5,Bool,YES,
clickhouse,consolidated,ssp-pub-stats-by-minute-aggregate-deliveries-mv,endpoint,6,String,YES,
clickhouse,consolidated,ssp-pub-stats-by-minute-aggregate-deliveries-mv,endpoint_type,7,String,YES,
clickhouse,consolidated,ssp-pub-stats-by-minute-aggregate-deliveries-mv,mediation_connection,8,String,YES,
clickhouse,consolidated,ssp-pub-stats-by-minute-aggregate-deliveries-mv,id_user,9,Int64,YES,
clickhouse,consolidated,ssp-pub-stats-by-minute-aggregate-deliveries-mv,adunit,10,String,YES,
clickhouse,consolidated,ssp-pub-stats-by-minute-aggregate-deliveries-mv,id_app,11,Int64,YES,
clickhouse,consolidated,ssp-pub-stats-by-minute-aggregate-deliveries-mv,bundle,12,String,YES,
clickhouse,consolidated,ssp-pub-stats-by-minute-aggregate-deliveries-mv,bundle_numerico,13,Nullable(Int64),YES,
clickhouse,consolidated,ssp-pub-stats-by-minute-aggregate-deliveries-mv,channel,14,Nullable(String),YES,
clickhouse,consolidated,ssp-pub-stats-by-minute-aggregate-deliveries-mv,id_os,15,Int64,YES,
clickhouse,consolidated,ssp-pub-stats-by-minute-aggregate-deliveries-mv,inventory_type,16,String,YES,
clickhouse,consolidated,ssp-pub-stats-by-minute-aggregate-deliveries-mv,country,17,String,YES,
clickhouse,consolidated,ssp-pub-stats-by-minute-aggregate-deliveries-mv,id_size,18,Int64,YES,
clickhouse,consolidated,ssp-pub-stats-by-minute-aggregate-deliveries-mv,ad_size,19,String,YES,
clickhouse,consolidated,ssp-pub-stats-by-minute-aggregate-deliveries-mv,json_data,20,Nullable(String),YES,
clickhouse,consolidated,ssp-pub-stats-by-minute-aggregate-deliveries-mv,deliveries_total,21,"AggregateFunction(sum, Int64)",YES,
clickhouse,consolidated,ssp-pub-stats-by-minute-aggregate-deliveries-mv,deliveries_direct,22,"AggregateFunction(sumIf, Int64, UInt8)",YES,
clickhouse,consolidated,ssp-pub-stats-by-minute-aggregate-deliveries-mv,deliveries_cache,23,"AggregateFunction(sumIf, Int64, UInt8)",YES,
clickhouse,consolidated,ssp-pub-stats-by-minute-aggregate-deliveries-mv,total_time_response_ad_total,24,"AggregateFunction(sum, Int64)",YES,
clickhouse,consolidated,ssp-pub-stats-by-minute-aggregate-deliveries-mv,total_time_response_ad_direct,25,"AggregateFunction(sumIf, Int64, UInt8)",YES,
clickhouse,consolidated,ssp-pub-stats-by-minute-aggregate-deliveries-mv,total_time_response_ad_cache,26,"AggregateFunction(sumIf, Int64, UInt8)",YES,
clickhouse,consolidated,ssp-pub-stats-by-minute-aggregate-dist,date,1,String,YES,
clickhouse,consolidated,ssp-pub-stats-by-minute-aggregate-dist,hour,2,Int64,YES,
clickhouse,consolidated,ssp-pub-stats-by-minute-aggregate-dist,minute,3,Int64,YES,
clickhouse,consolidated,ssp-pub-stats-by-minute-aggregate-dist,datacenter,4,String,YES,
clickhouse,consolidated,ssp-pub-stats-by-minute-aggregate-dist,canary,5,Bool,YES,
clickhouse,consolidated,ssp-pub-stats-by-minute-aggregate-dist,endpoint,6,String,YES,
clickhouse,consolidated,ssp-pub-stats-by-minute-aggregate-dist,endpoint_type,7,String,YES,
clickhouse,consolidated,ssp-pub-stats-by-minute-aggregate-dist,mediation_connection,8,String,YES,
clickhouse,consolidated,ssp-pub-stats-by-minute-aggregate-dist,id_user,9,Int64,YES,
clickhouse,consolidated,ssp-pub-stats-by-minute-aggregate-dist,adunit,10,String,YES,
clickhouse,consolidated,ssp-pub-stats-by-minute-aggregate-dist,id_app,11,Int64,YES,
clickhouse,consolidated,ssp-pub-stats-by-minute-aggregate-dist,bundle,12,String,YES,
clickhouse,consolidated,ssp-pub-stats-by-minute-aggregate-dist,bundle_numerico,13,Nullable(Int64),YES,
clickhouse,consolidated,ssp-pub-stats-by-minute-aggregate-dist,channel,14,Nullable(String),YES,
clickhouse,consolidated,ssp-pub-stats-by-minute-aggregate-dist,id_os,15,Int64,YES,
clickhouse,consolidated,ssp-pub-stats-by-minute-aggregate-dist,inventory_type,16,String,YES,
clickhouse,consolidated,ssp-pub-stats-by-minute-aggregate-dist,country,17,String,YES,
clickhouse,consolidated,ssp-pub-stats-by-minute-aggregate-dist,id_size,18,Int64,YES,
clickhouse,consolidated,ssp-pub-stats-by-minute-aggregate-dist,ad_size,19,String,YES,
clickhouse,consolidated,ssp-pub-stats-by-minute-aggregate-dist,json_data,20,String,YES,
clickhouse,consolidated,ssp-pub-stats-by-minute-aggregate-dist,requests_accepted,21,"AggregateFunction(sum, Int64)",YES,
clickhouse,consolidated,ssp-pub-stats-by-minute-aggregate-dist,requests_rejected,22,"AggregateFunction(sum, Int64)",YES,
clickhouse,consolidated,ssp-pub-stats-by-minute-aggregate-dist,requests_bad,23,"AggregateFunction(sum, Int64)",YES,
clickhouse,consolidated,ssp-pub-stats-by-minute-aggregate-dist,requests_test,24,"AggregateFunction(sum, Int64)",YES,
clickhouse,consolidated,ssp-pub-stats-by-minute-aggregate-dist,deliveries_total,25,"AggregateFunction(sum, Int64)",YES,
clickhouse,consolidated,ssp-pub-stats-by-minute-aggregate-dist,deliveries_direct,26,"AggregateFunction(sum, Int64)",YES,
clickhouse,consolidated,ssp-pub-stats-by-minute-aggregate-dist,deliveries_cache,27,"AggregateFunction(sum, Int64)",YES,
clickhouse,consolidated,ssp-pub-stats-by-minute-aggregate-dist,total_time_response_ad_total,28,"AggregateFunction(sum, Int64)",YES,
clickhouse,consolidated,ssp-pub-stats-by-minute-aggregate-dist,total_time_response_ad_direct,29,"AggregateFunction(sum, Int64)",YES,
clickhouse,consolidated,ssp-pub-stats-by-minute-aggregate-dist,total_time_response_ad_cache,30,"AggregateFunction(sum, Int64)",YES,
clickhouse,consolidated,ssp-pub-stats-by-minute-aggregate-dist,impressions_total,31,"AggregateFunction(uniqCombined64, Int64)",YES,
clickhouse,consolidated,ssp-pub-stats-by-minute-aggregate-dist,impressions_direct,32,"AggregateFunction(uniqCombined64, Int64)",YES,
clickhouse,consolidated,ssp-pub-stats-by-minute-aggregate-dist,impressions_cache,33,"AggregateFunction(uniqCombined64, Int64)",YES,
clickhouse,consolidated,ssp-pub-stats-by-minute-aggregate-dist,price_publisher_in_request,34,"AggregateFunction(groupUniqArray, Tuple(Int64, Float64))",YES,
clickhouse,consolidated,ssp-pub-stats-by-minute-aggregate-dist,price_publisher_from_dashboard,35,"AggregateFunction(groupUniqArray, Tuple(Int64, Float64))",YES,
clickhouse,consolidated,ssp-pub-stats-by-minute-aggregate-dist,price_publisher_request_used,36,"AggregateFunction(groupUniqArray, Tuple(Int64, Float64))",YES,
clickhouse,consolidated,ssp-pub-stats-by-minute-aggregate-dist,price_network_response_net_total,37,"AggregateFunction(groupUniqArray, Tuple(Int64, Float64))",YES,
clickhouse,consolidated,ssp-pub-stats-by-minute-aggregate-dist,price_publisher_response_total,38,"AggregateFunction(groupUniqArray, Tuple(Int64, Float64))",YES,
clickhouse,consolidated,ssp-pub-stats-by-minute-aggregate-dist,price_network_response_net_direct,39,"AggregateFunction(groupUniqArray, Tuple(Int64, Float64))",YES,
clickhouse,consolidated,ssp-pub-stats-by-minute-aggregate-dist,price_publisher_response_direct,40,"AggregateFunction(groupUniqArray, Tuple(Int64, Float64))",YES,
clickhouse,consolidated,ssp-pub-stats-by-minute-aggregate-dist,price_network_response_net_cache,41,"AggregateFunction(groupUniqArray, Tuple(Int64, Float64))",YES,
clickhouse,consolidated,ssp-pub-stats-by-minute-aggregate-dist,price_publisher_response_cache,42,"AggregateFunction(groupUniqArray, Tuple(Int64, Float64))",YES,
clickhouse,consolidated,ssp-pub-stats-by-minute-aggregate-dist,v_quartiles_0,43,"AggregateFunction(uniqCombined64, Int64)",YES,
clickhouse,consolidated,ssp-pub-stats-by-minute-aggregate-dist,v_quartiles_25,44,"AggregateFunction(uniqCombined64, Int64)",YES,
clickhouse,consolidated,ssp-pub-stats-by-minute-aggregate-dist,v_quartiles_50,45,"AggregateFunction(uniqCombined64, Int64)",YES,
clickhouse,consolidated,ssp-pub-stats-by-minute-aggregate-dist,v_quartiles_75,46,"AggregateFunction(uniqCombined64, Int64)",YES,
clickhouse,consolidated,ssp-pub-stats-by-minute-aggregate-dist,v_quartiles_100,47,"AggregateFunction(uniqCombined64, Int64)",YES,
clickhouse,consolidated,ssp-pub-stats-by-minute-aggregate-dist,clicks_total,48,"AggregateFunction(uniqCombined64, Int64)",YES,
clickhouse,consolidated,ssp-pub-stats-by-minute-aggregate-dist,clicks_direct,49,"AggregateFunction(uniqCombined64, Int64)",YES,
clickhouse,consolidated,ssp-pub-stats-by-minute-aggregate-dist,clicks_cache,50,"AggregateFunction(uniqCombined64, Int64)",YES,
clickhouse,consolidated,ssp-pub-stats-by-minute-aggregate-impressions-mv,date,1,String,YES,
clickhouse,consolidated,ssp-pub-stats-by-minute-aggregate-impressions-mv,hour,2,Int64,YES,
clickhouse,consolidated,ssp-pub-stats-by-minute-aggregate-impressions-mv,minute,3,Int64,YES,
clickhouse,consolidated,ssp-pub-stats-by-minute-aggregate-impressions-mv,datacenter,4,String,YES,
clickhouse,consolidated,ssp-pub-stats-by-minute-aggregate-impressions-mv,canary,5,Bool,YES,
clickhouse,consolidated,ssp-pub-stats-by-minute-aggregate-impressions-mv,endpoint,6,String,YES,
clickhouse,consolidated,ssp-pub-stats-by-minute-aggregate-impressions-mv,endpoint_type,7,String,YES,
clickhouse,consolidated,ssp-pub-stats-by-minute-aggregate-impressions-mv,mediation_connection,8,String,YES,
clickhouse,consolidated,ssp-pub-stats-by-minute-aggregate-impressions-mv,id_user,9,Int64,YES,
clickhouse,consolidated,ssp-pub-stats-by-minute-aggregate-impressions-mv,adunit,10,String,YES,
clickhouse,consolidated,ssp-pub-stats-by-minute-aggregate-impressions-mv,id_app,11,Int64,YES,
clickhouse,consolidated,ssp-pub-stats-by-minute-aggregate-impressions-mv,bundle,12,String,YES,
clickhouse,consolidated,ssp-pub-stats-by-minute-aggregate-impressions-mv,bundle_numerico,13,Nullable(Int64),YES,
clickhouse,consolidated,ssp-pub-stats-by-minute-aggregate-impressions-mv,channel,14,Nullable(String),YES,
clickhouse,consolidated,ssp-pub-stats-by-minute-aggregate-impressions-mv,id_os,15,Int64,YES,
clickhouse,consolidated,ssp-pub-stats-by-minute-aggregate-impressions-mv,inventory_type,16,String,YES,
clickhouse,consolidated,ssp-pub-stats-by-minute-aggregate-impressions-mv,country,17,String,YES,
clickhouse,consolidated,ssp-pub-stats-by-minute-aggregate-impressions-mv,id_size,18,Int64,YES,
clickhouse,consolidated,ssp-pub-stats-by-minute-aggregate-impressions-mv,ad_size,19,String,YES,
clickhouse,consolidated,ssp-pub-stats-by-minute-aggregate-impressions-mv,json_data,20,String,YES,
clickhouse,consolidated,ssp-pub-stats-by-minute-aggregate-impressions-mv,impressions_total,21,"AggregateFunction(uniqCombined64, Int64)",YES,
clickhouse,consolidated,ssp-pub-stats-by-minute-aggregate-impressions-mv,impressions_direct,22,"AggregateFunction(uniqCombined64, Int64)",YES,
clickhouse,consolidated,ssp-pub-stats-by-minute-aggregate-impressions-mv,impressions_cache,23,"AggregateFunction(uniqCombined64, Int64)",YES,
clickhouse,consolidated,ssp-pub-stats-by-minute-aggregate-impressions-mv,price_publisher_in_request,24,"AggregateFunction(groupUniqArray, Tuple(Int64, Float64))",YES,
clickhouse,consolidated,ssp-pub-stats-by-minute-aggregate-impressions-mv,price_publisher_from_dashboard,25,"AggregateFunction(groupUniqArray, Tuple(Int64, Float64))",YES,
clickhouse,consolidated,ssp-pub-stats-by-minute-aggregate-impressions-mv,price_publisher_request_used,26,"AggregateFunction(groupUniqArray, Tuple(Int64, Float64))",YES,
clickhouse,consolidated,ssp-pub-stats-by-minute-aggregate-impressions-mv,price_network_response_net_total,27,"AggregateFunction(groupUniqArray, Tuple(Int64, Float64))",YES,
clickhouse,consolidated,ssp-pub-stats-by-minute-aggregate-impressions-mv,price_publisher_response_total,28,"AggregateFunction(groupUniqArray, Tuple(Int64, Float64))",YES,
clickhouse,consolidated,ssp-pub-stats-by-minute-aggregate-impressions-mv,price_network_response_net_direct,29,"AggregateFunction(groupUniqArray, Tuple(Int64, Float64))",YES,
clickhouse,consolidated,ssp-pub-stats-by-minute-aggregate-impressions-mv,price_publisher_response_direct,30,"AggregateFunction(groupUniqArray, Tuple(Int64, Float64))",YES,
clickhouse,consolidated,ssp-pub-stats-by-minute-aggregate-impressions-mv,price_network_response_net_cache,31,"AggregateFunction(groupUniqArray, Tuple(Int64, Float64))",YES,
clickhouse,consolidated,ssp-pub-stats-by-minute-aggregate-impressions-mv,price_publisher_response_cache,32,"AggregateFunction(groupUniqArray, Tuple(Int64, Float64))",YES,
clickhouse,consolidated,ssp-pub-stats-by-minute-aggregate-impressions-mv,v_quartiles_0,33,"AggregateFunction(uniqCombined64, Int64)",YES,
clickhouse,consolidated,ssp-pub-stats-by-minute-aggregate-impressions-mv,v_quartiles_25,34,"AggregateFunction(uniqCombined64, Int64)",YES,
clickhouse,consolidated,ssp-pub-stats-by-minute-aggregate-impressions-mv,v_quartiles_50,35,"AggregateFunction(uniqCombined64, Int64)",YES,
clickhouse,consolidated,ssp-pub-stats-by-minute-aggregate-impressions-mv,v_quartiles_75,36,"AggregateFunction(uniqCombined64, Int64)",YES,
clickhouse,consolidated,ssp-pub-stats-by-minute-aggregate-impressions-mv,v_quartiles_100,37,"AggregateFunction(uniqCombined64, Int64)",YES,
clickhouse,consolidated,ssp-pub-stats-by-minute-aggregate-requests-mv,date,1,String,YES,
clickhouse,consolidated,ssp-pub-stats-by-minute-aggregate-requests-mv,hour,2,Int64,YES,
clickhouse,consolidated,ssp-pub-stats-by-minute-aggregate-requests-mv,minute,3,Int64,YES,
clickhouse,consolidated,ssp-pub-stats-by-minute-aggregate-requests-mv,datacenter,4,String,YES,
clickhouse,consolidated,ssp-pub-stats-by-minute-aggregate-requests-mv,canary,5,Bool,YES,
clickhouse,consolidated,ssp-pub-stats-by-minute-aggregate-requests-mv,endpoint,6,String,YES,
clickhouse,consolidated,ssp-pub-stats-by-minute-aggregate-requests-mv,endpoint_type,7,String,YES,
clickhouse,consolidated,ssp-pub-stats-by-minute-aggregate-requests-mv,mediation_connection,8,String,YES,
clickhouse,consolidated,ssp-pub-stats-by-minute-aggregate-requests-mv,id_user,9,Int64,YES,
clickhouse,consolidated,ssp-pub-stats-by-minute-aggregate-requests-mv,adunit,10,String,YES,
clickhouse,consolidated,ssp-pub-stats-by-minute-aggregate-requests-mv,id_app,11,Int64,YES,
clickhouse,consolidated,ssp-pub-stats-by-minute-aggregate-requests-mv,bundle,12,String,YES,
clickhouse,consolidated,ssp-pub-stats-by-minute-aggregate-requests-mv,bundle_numerico,13,Nullable(Int64),YES,
clickhouse,consolidated,ssp-pub-stats-by-minute-aggregate-requests-mv,channel,14,Nullable(String),YES,
clickhouse,consolidated,ssp-pub-stats-by-minute-aggregate-requests-mv,id_os,15,Int64,YES,
clickhouse,consolidated,ssp-pub-stats-by-minute-aggregate-requests-mv,inventory_type,16,String,YES,
clickhouse,consolidated,ssp-pub-stats-by-minute-aggregate-requests-mv,country,17,String,YES,
clickhouse,consolidated,ssp-pub-stats-by-minute-aggregate-requests-mv,id_size,18,Int64,YES,
clickhouse,consolidated,ssp-pub-stats-by-minute-aggregate-requests-mv,ad_size,19,String,YES,
clickhouse,consolidated,ssp-pub-stats-by-minute-aggregate-requests-mv,json_data,20,String,YES,
clickhouse,consolidated,ssp-pub-stats-by-minute-aggregate-requests-mv,requests_accepted,21,"AggregateFunction(sum, Int64)",YES,
clickhouse,consolidated,ssp-pub-stats-by-minute-aggregate-requests-mv,requests_rejected,22,"AggregateFunction(sum, Int64)",YES,
clickhouse,consolidated,ssp-pub-stats-by-minute-aggregate-requests-mv,requests_bad,23,"AggregateFunction(sum, Int64)",YES,
clickhouse,consolidated,ssp-pub-stats-by-minute-aggregate-requests-mv,requests_test,24,"AggregateFunction(sum, Int64)",YES,
clickhouse,consolidated,ssp-pub-stats-by-minute-to-hour-finally-mv,date,1,Date,YES,
clickhouse,consolidated,ssp-pub-stats-by-minute-to-hour-finally-mv,hour,2,UInt8,YES,
clickhouse,consolidated,ssp-pub-stats-by-minute-to-hour-finally-mv,datacenter,3,String,YES,
clickhouse,consolidated,ssp-pub-stats-by-minute-to-hour-finally-mv,canary,4,Bool,YES,
clickhouse,consolidated,ssp-pub-stats-by-minute-to-hour-finally-mv,endpoint,5,String,YES,
clickhouse,consolidated,ssp-pub-stats-by-minute-to-hour-finally-mv,endpoint_type,6,String,YES,
clickhouse,consolidated,ssp-pub-stats-by-minute-to-hour-finally-mv,mediation_connection,7,String,YES,
clickhouse,consolidated,ssp-pub-stats-by-minute-to-hour-finally-mv,id_user,8,UInt32,YES,
clickhouse,consolidated,ssp-pub-stats-by-minute-to-hour-finally-mv,adunit,9,String,YES,
clickhouse,consolidated,ssp-pub-stats-by-minute-to-hour-finally-mv,id_app,10,UInt32,YES,
clickhouse,consolidated,ssp-pub-stats-by-minute-to-hour-finally-mv,bundle,11,String,YES,
clickhouse,consolidated,ssp-pub-stats-by-minute-to-hour-finally-mv,bundle_numerico,12,UInt64,YES,
clickhouse,consolidated,ssp-pub-stats-by-minute-to-hour-finally-mv,channel,13,Nullable(String),YES,
clickhouse,consolidated,ssp-pub-stats-by-minute-to-hour-finally-mv,id_os,14,UInt8,YES,
clickhouse,consolidated,ssp-pub-stats-by-minute-to-hour-finally-mv,inventory_type,15,String,YES,
clickhouse,consolidated,ssp-pub-stats-by-minute-to-hour-finally-mv,country,16,String,YES,
clickhouse,consolidated,ssp-pub-stats-by-minute-to-hour-finally-mv,id_size,17,UInt8,YES,
clickhouse,consolidated,ssp-pub-stats-by-minute-to-hour-finally-mv,ad_size,18,String,YES,
clickhouse,consolidated,ssp-pub-stats-by-minute-to-hour-finally-mv,json_data,19,String,YES,
clickhouse,consolidated,ssp-pub-stats-by-minute-to-hour-finally-mv,requests_accepted,20,UInt32,YES,
clickhouse,consolidated,ssp-pub-stats-by-minute-to-hour-finally-mv,requests_rejected,21,UInt32,YES,
clickhouse,consolidated,ssp-pub-stats-by-minute-to-hour-finally-mv,requests_bad,22,UInt32,YES,
clickhouse,consolidated,ssp-pub-stats-by-minute-to-hour-finally-mv,requests_test,23,UInt32,YES,
clickhouse,consolidated,ssp-pub-stats-by-minute-to-hour-finally-mv,deliveries_total,24,UInt32,YES,
clickhouse,consolidated,ssp-pub-stats-by-minute-to-hour-finally-mv,deliveries_direct,25,UInt32,YES,
clickhouse,consolidated,ssp-pub-stats-by-minute-to-hour-finally-mv,deliveries_cache,26,UInt32,YES,
clickhouse,consolidated,ssp-pub-stats-by-minute-to-hour-finally-mv,total_time_response_ad_total,27,UInt32,YES,
clickhouse,consolidated,ssp-pub-stats-by-minute-to-hour-finally-mv,total_time_response_ad_direct,28,UInt32,YES,
clickhouse,consolidated,ssp-pub-stats-by-minute-to-hour-finally-mv,total_time_response_ad_cache,29,UInt32,YES,
clickhouse,consolidated,ssp-pub-stats-by-minute-to-hour-finally-mv,impressions_total,30,UInt32,YES,
clickhouse,consolidated,ssp-pub-stats-by-minute-to-hour-finally-mv,impressions_direct,31,UInt32,YES,
clickhouse,consolidated,ssp-pub-stats-by-minute-to-hour-finally-mv,impressions_cache,32,UInt32,YES,
clickhouse,consolidated,ssp-pub-stats-by-minute-to-hour-finally-mv,price_publisher_in_request,33,Float32,YES,
clickhouse,consolidated,ssp-pub-stats-by-minute-to-hour-finally-mv,price_publisher_from_dashboard,34,Float32,YES,
clickhouse,consolidated,ssp-pub-stats-by-minute-to-hour-finally-mv,price_publisher_request_used,35,Float32,YES,
clickhouse,consolidated,ssp-pub-stats-by-minute-to-hour-finally-mv,price_network_response_net_total,36,Float32,YES,
clickhouse,consolidated,ssp-pub-stats-by-minute-to-hour-finally-mv,price_publisher_response_total,37,Float32,YES,
clickhouse,consolidated,ssp-pub-stats-by-minute-to-hour-finally-mv,price_network_response_net_direct,38,Float32,YES,
clickhouse,consolidated,ssp-pub-stats-by-minute-to-hour-finally-mv,price_publisher_response_direct,39,Float32,YES,
clickhouse,consolidated,ssp-pub-stats-by-minute-to-hour-finally-mv,price_network_response_net_cache,40,Float32,YES,
clickhouse,consolidated,ssp-pub-stats-by-minute-to-hour-finally-mv,price_publisher_response_cache,41,Float32,YES,
clickhouse,consolidated,ssp-pub-stats-by-minute-to-hour-finally-mv,v_quartiles_0,42,UInt32,YES,
clickhouse,consolidated,ssp-pub-stats-by-minute-to-hour-finally-mv,v_quartiles_25,43,UInt32,YES,
clickhouse,consolidated,ssp-pub-stats-by-minute-to-hour-finally-mv,v_quartiles_50,44,UInt32,YES,
clickhouse,consolidated,ssp-pub-stats-by-minute-to-hour-finally-mv,v_quartiles_75,45,UInt32,YES,
clickhouse,consolidated,ssp-pub-stats-by-minute-to-hour-finally-mv,v_quartiles_100,46,UInt32,YES,
clickhouse,consolidated,ssp-pub-stats-by-minute-to-hour-finally-mv,clicks_total,47,UInt32,YES,
clickhouse,consolidated,ssp-pub-stats-by-minute-to-hour-finally-mv,clicks_direct,48,UInt32,YES,
clickhouse,consolidated,ssp-pub-stats-by-minute-to-hour-finally-mv,clicks_cache,49,UInt32,YES,
clickhouse,consolidated,ssp-pub-stats-by-minute-to-hour-finally-mv,updated_at,50,DateTime64(3),YES,
clickhouse,normalized,data_ingestion_control,source_table,1,LowCardinality(String),YES,PRI
clickhouse,normalized,data_ingestion_control,kafka_partition_id,2,Int32,YES,PRI
clickhouse,normalized,data_ingestion_control,last_ingested_at,3,"SimpleAggregateFunction(max, DateTime)",YES,
clickhouse,normalized,data_ingestion_control_dist,source_table,1,LowCardinality(String),YES,
clickhouse,normalized,data_ingestion_control_dist,kafka_partition_id,2,Int32,YES,
clickhouse,normalized,data_ingestion_control_dist,last_ingested_at,3,"SimpleAggregateFunction(max, DateTime)",YES,
clickhouse,normalized,fpo_optimal_floors,date,1,Date,YES,PRI
clickhouse,normalized,fpo_optimal_floors,combo_id,2,String,YES,PRI
clickhouse,normalized,fpo_optimal_floors,hour,3,UInt8,YES,PRI
clickhouse,normalized,fpo_optimal_floors,optimal_floor,4,Nullable(Float32),YES,
clickhouse,normalized,fpo_optimal_floors,confidence,5,Float32,YES,
clickhouse,normalized,fpo_optimal_floors,exploration_rate,6,Float32,YES,
clickhouse,normalized,fpo_optimal_floors,exploration_range,7,Float32,YES,
clickhouse,normalized,fpo_optimal_floors,total_requests,8,UInt64,YES,
clickhouse,normalized,fpo_optimal_floors,valid_floors,9,UInt32,YES,
clickhouse,normalized,fpo_optimal_floors,fallback_used,10,Bool,YES,
clickhouse,normalized,fpo_optimal_floors,fallback_level,11,Nullable(String),YES,
clickhouse,normalized,fpo_optimal_floors,processing_time_ms,12,Float32,YES,
clickhouse,normalized,fpo_optimal_floors_dist,date,1,Date,YES,
clickhouse,normalized,fpo_optimal_floors_dist,combo_id,2,String,YES,
clickhouse,normalized,fpo_optimal_floors_dist,hour,3,UInt8,YES,
clickhouse,normalized,fpo_optimal_floors_dist,optimal_floor,4,Nullable(Float32),YES,
clickhouse,normalized,fpo_optimal_floors_dist,confidence,5,Float32,YES,
clickhouse,normalized,fpo_optimal_floors_dist,exploration_rate,6,Float32,YES,
clickhouse,normalized,fpo_optimal_floors_dist,exploration_range,7,Float32,YES,
clickhouse,normalized,fpo_optimal_floors_dist,total_requests,8,UInt64,YES,
clickhouse,normalized,fpo_optimal_floors_dist,valid_floors,9,UInt32,YES,
clickhouse,normalized,fpo_optimal_floors_dist,fallback_used,10,Bool,YES,
clickhouse,normalized,fpo_optimal_floors_dist,fallback_level,11,Nullable(String),YES,
clickhouse,normalized,fpo_optimal_floors_dist,processing_time_ms,12,Float32,YES,
clickhouse,normalized,fpo_stats,date,1,Date,YES,PRI
clickhouse,normalized,fpo_stats,id_req,2,Int64,YES,
clickhouse,normalized,fpo_stats,adunit,3,String,YES,PRI
clickhouse,normalized,fpo_stats,ad_size,4,String,YES,PRI
clickhouse,normalized,fpo_stats,country,5,String,YES,PRI
clickhouse,normalized,fpo_stats,bundle,6,String,YES,
clickhouse,normalized,fpo_stats,timestamp,7,Int64,YES,
clickhouse,normalized,fpo_stats,elevator_type,8,Nullable(String),YES,
clickhouse,normalized,fpo_stats,elevator_tag,9,String,YES,
clickhouse,normalized,fpo_stats,elevator_algo,10,String,YES,
clickhouse,normalized,fpo_stats,eabt_origin,11,String,YES,
clickhouse,normalized,fpo_stats,eabt_price,12,Float64,YES,
clickhouse,normalized,fpo_stats,json_data,13,String,YES,
clickhouse,normalized,fpo_stats,floor_publisher_in_request,14,Float64,YES,
clickhouse,normalized,fpo_stats,floor_dashboard,15,Float64,YES,
clickhouse,normalized,fpo_stats,floor_price,16,Float64,YES,
clickhouse,normalized,fpo_stats,deliveries,17,UInt64,YES,
clickhouse,normalized,fpo_stats,delivery_response_publisher,18,Float64,YES,
clickhouse,normalized,fpo_stats,delivery_response_network_gross,19,Float64,YES,
clickhouse,normalized,fpo_stats,impressions,20,UInt8,YES,
clickhouse,normalized,fpo_stats,revenue,21,Float64,YES,
clickhouse,normalized,fpo_stats,is_elevator_delivery,22,Nullable(Bool),YES,
clickhouse,normalized,fpo_stats,tops_origin_type,23,Nullable(String),YES,
clickhouse,normalized,fpo_stats,json_prices,24,String,YES,
clickhouse,normalized,fpo_stats,delivery_json_data,25,String,YES,
clickhouse,normalized,fpo_stats,delivery_json_cache,26,String,YES,
clickhouse,normalized,fpo_stats,revenue_publisher,27,Float64,YES,
clickhouse,normalized,fpo_stats_dist,date,1,Date,YES,
clickhouse,normalized,fpo_stats_dist,id_req,2,Int64,YES,
clickhouse,normalized,fpo_stats_dist,adunit,3,String,YES,
clickhouse,normalized,fpo_stats_dist,ad_size,4,String,YES,
clickhouse,normalized,fpo_stats_dist,country,5,String,YES,
clickhouse,normalized,fpo_stats_dist,bundle,6,String,YES,
clickhouse,normalized,fpo_stats_dist,timestamp,7,Int64,YES,
clickhouse,normalized,fpo_stats_dist,elevator_type,8,Nullable(String),YES,
clickhouse,normalized,fpo_stats_dist,elevator_tag,9,String,YES,
clickhouse,normalized,fpo_stats_dist,elevator_algo,10,String,YES,
clickhouse,normalized,fpo_stats_dist,eabt_origin,11,String,YES,
clickhouse,normalized,fpo_stats_dist,eabt_price,12,Float64,YES,
clickhouse,normalized,fpo_stats_dist,json_data,13,String,YES,
clickhouse,normalized,fpo_stats_dist,floor_publisher_in_request,14,Float64,YES,
clickhouse,normalized,fpo_stats_dist,floor_dashboard,15,Float64,YES,
clickhouse,normalized,fpo_stats_dist,floor_price,16,Float64,YES,
clickhouse,normalized,fpo_stats_dist,deliveries,17,UInt64,YES,
clickhouse,normalized,fpo_stats_dist,delivery_response_publisher,18,Float64,YES,
clickhouse,normalized,fpo_stats_dist,delivery_response_network_gross,19,Float64,YES,
clickhouse,normalized,fpo_stats_dist,impressions,20,UInt8,YES,
clickhouse,normalized,fpo_stats_dist,revenue,21,Float64,YES,
clickhouse,normalized,fpo_stats_dist,is_elevator_delivery,22,Nullable(Bool),YES,
clickhouse,normalized,fpo_stats_dist,tops_origin_type,23,Nullable(String),YES,
clickhouse,normalized,fpo_stats_dist,json_prices,24,String,YES,
clickhouse,normalized,fpo_stats_dist,delivery_json_data,25,String,YES,
clickhouse,normalized,fpo_stats_dist,delivery_json_cache,26,String,YES,
clickhouse,normalized,fpo_stats_dist,revenue_publisher,27,Float64,YES,
clickhouse,normalized,internal-services-logs-normalized,ev_ver,1,UInt8,YES,
clickhouse,normalized,internal-services-logs-normalized,date,2,Date,YES,
clickhouse,normalized,internal-services-logs-normalized,hour,3,UInt8,YES,
clickhouse,normalized,internal-services-logs-normalized,producer,4,LowCardinality(String),YES,PRI
clickhouse,normalized,internal-services-logs-normalized,id_log,5,LowCardinality(String),YES,PRI
clickhouse,normalized,internal-services-logs-normalized,level,6,UInt8,YES,
clickhouse,normalized,internal-services-logs-normalized,datacenter,7,LowCardinality(String),YES,PRI
clickhouse,normalized,internal-services-logs-normalized,hostname,8,String,YES,
clickhouse,normalized,internal-services-logs-normalized,canary,9,Bool,YES,
clickhouse,normalized,internal-services-logs-normalized,json_data,10,String,YES,
clickhouse,normalized,internal-services-logs-normalized,extra,11,String,YES,
clickhouse,normalized,internal-services-logs-normalized,count,12,UInt64,YES,
clickhouse,normalized,internal-services-logs-normalized-dist,ev_ver,1,UInt8,YES,
clickhouse,normalized,internal-services-logs-normalized-dist,date,2,Date,YES,
clickhouse,normalized,internal-services-logs-normalized-dist,hour,3,UInt8,YES,
clickhouse,normalized,internal-services-logs-normalized-dist,producer,4,LowCardinality(String),YES,
clickhouse,normalized,internal-services-logs-normalized-dist,id_log,5,LowCardinality(String),YES,
clickhouse,normalized,internal-services-logs-normalized-dist,level,6,UInt8,YES,
clickhouse,normalized,internal-services-logs-normalized-dist,datacenter,7,LowCardinality(String),YES,
clickhouse,normalized,internal-services-logs-normalized-dist,hostname,8,String,YES,
clickhouse,normalized,internal-services-logs-normalized-dist,canary,9,Bool,YES,
clickhouse,normalized,internal-services-logs-normalized-dist,json_data,10,String,YES,
clickhouse,normalized,internal-services-logs-normalized-dist,extra,11,String,YES,
clickhouse,normalized,internal-services-logs-normalized-dist,count,12,UInt64,YES,
clickhouse,normalized,internal-services-logs-normalized-mv,ev_ver,1,UInt8,YES,
clickhouse,normalized,internal-services-logs-normalized-mv,date,2,Date,YES,
clickhouse,normalized,internal-services-logs-normalized-mv,hour,3,UInt8,YES,
clickhouse,normalized,internal-services-logs-normalized-mv,producer,4,LowCardinality(String),YES,
clickhouse,normalized,internal-services-logs-normalized-mv,id_log,5,LowCardinality(String),YES,
clickhouse,normalized,internal-services-logs-normalized-mv,level,6,UInt8,YES,
clickhouse,normalized,internal-services-logs-normalized-mv,datacenter,7,LowCardinality(String),YES,
clickhouse,normalized,internal-services-logs-normalized-mv,hostname,8,String,YES,
clickhouse,normalized,internal-services-logs-normalized-mv,canary,9,Bool,YES,
clickhouse,normalized,internal-services-logs-normalized-mv,json_data,10,String,YES,
clickhouse,normalized,internal-services-logs-normalized-mv,extra,11,String,YES,
clickhouse,normalized,internal-services-logs-normalized-mv,count,12,Int64,YES,
clickhouse,normalized,mv_refresh_ingestion_control_ssp-dmn-deliveries-aggregate-normalized,source_table,1,String,YES,
clickhouse,normalized,mv_refresh_ingestion_control_ssp-dmn-deliveries-aggregate-normalized,kafka_partition_id,2,Nullable(Int32),YES,
clickhouse,normalized,mv_refresh_ingestion_control_ssp-dmn-deliveries-aggregate-normalized,last_ingested_at,3,DateTime,YES,
clickhouse,normalized,mv_refresh_ingestion_control_ssp-dmn-requests-aggregate-normalized,source_table,1,String,YES,
clickhouse,normalized,mv_refresh_ingestion_control_ssp-dmn-requests-aggregate-normalized,kafka_partition_id,2,Nullable(Int32),YES,
clickhouse,normalized,mv_refresh_ingestion_control_ssp-dmn-requests-aggregate-normalized,last_ingested_at,3,DateTime,YES,
clickhouse,normalized,mv_refresh_ingestion_control_ssp-impressions-dup-v1-normalized,source_table,1,String,YES,
clickhouse,normalized,mv_refresh_ingestion_control_ssp-impressions-dup-v1-normalized,kafka_partition_id,2,Nullable(Int32),YES,
clickhouse,normalized,mv_refresh_ingestion_control_ssp-impressions-dup-v1-normalized,last_ingested_at,3,Nullable(DateTime),YES,
clickhouse,normalized,mv_refresh_ingestion_control_ssp-impressions-validated-v1-normalized,source_table,1,String,YES,
clickhouse,normalized,mv_refresh_ingestion_control_ssp-impressions-validated-v1-normalized,kafka_partition_id,2,Nullable(Int32),YES,
clickhouse,normalized,mv_refresh_ingestion_control_ssp-impressions-validated-v1-normalized,last_ingested_at,3,Nullable(DateTime),YES,
clickhouse,normalized,mv_refresh_ingestion_control_ssp-pub-deliveries-normalized,source_table,1,String,YES,
clickhouse,normalized,mv_refresh_ingestion_control_ssp-pub-deliveries-normalized,kafka_partition_id,2,Nullable(Int32),YES,
clickhouse,normalized,mv_refresh_ingestion_control_ssp-pub-deliveries-normalized,last_ingested_at,3,DateTime,YES,
clickhouse,normalized,mv_refresh_ingestion_control_ssp-pub-requests-aggregate-normalized,source_table,1,String,YES,
clickhouse,normalized,mv_refresh_ingestion_control_ssp-pub-requests-aggregate-normalized,kafka_partition_id,2,Nullable(Int32),YES,
clickhouse,normalized,mv_refresh_ingestion_control_ssp-pub-requests-aggregate-normalized,last_ingested_at,3,DateTime,YES,
clickhouse,normalized,mv_refresh_ingestion_control_ssp-pub-requests-normalized,source_table,1,String,YES,
clickhouse,normalized,mv_refresh_ingestion_control_ssp-pub-requests-normalized,kafka_partition_id,2,Nullable(Int32),YES,
clickhouse,normalized,mv_refresh_ingestion_control_ssp-pub-requests-normalized,last_ingested_at,3,DateTime,YES,
clickhouse,normalized,ssp-check-ad-plugin-normalized,ts_request,1,DateTime64(3),YES,
clickhouse,normalized,ssp-check-ad-plugin-normalized,ts_delivery_ad,2,DateTime64(3),YES,
clickhouse,normalized,ssp-check-ad-plugin-normalized,ts_impression,3,Nullable(DateTime64(3)),YES,
clickhouse,normalized,ssp-check-ad-plugin-normalized,ttl,4,Int64,YES,
clickhouse,normalized,ssp-check-ad-plugin-normalized,id_request,5,Int64,YES,
clickhouse,normalized,ssp-check-ad-plugin-normalized,code,6,Nullable(String),YES,
clickhouse,normalized,ssp-check-ad-plugin-normalized,subid_request,7,Nullable(Int64),YES,
clickhouse,normalized,ssp-check-ad-plugin-normalized,datacenter,8,String,YES,PRI
clickhouse,normalized,ssp-check-ad-plugin-normalized,canary,9,Bool,YES,
clickhouse,normalized,ssp-check-ad-plugin-normalized,ad_format,10,String,YES,
clickhouse,normalized,ssp-check-ad-plugin-normalized,ad_markup,11,String,YES,
clickhouse,normalized,ssp-check-ad-plugin-normalized,track_type,12,String,YES,
clickhouse,normalized,ssp-check-ad-plugin-normalized,user_id,13,Int64,YES,
clickhouse,normalized,ssp-check-ad-plugin-normalized,endpoint,14,String,YES,
clickhouse,normalized,ssp-check-ad-plugin-normalized,endpoint_type,15,String,YES,
clickhouse,normalized,ssp-check-ad-plugin-normalized,mediation_connection,16,String,YES,
clickhouse,normalized,ssp-check-ad-plugin-normalized,adunit,17,String,YES,
clickhouse,normalized,ssp-check-ad-plugin-normalized,id_app,18,Int64,YES,
clickhouse,normalized,ssp-check-ad-plugin-normalized,id_size,19,Int64,YES,
clickhouse,normalized,ssp-check-ad-plugin-normalized,ad_size,20,String,YES,PRI
clickhouse,normalized,ssp-check-ad-plugin-normalized,bundle,21,String,YES,
clickhouse,normalized,ssp-check-ad-plugin-normalized,bundle_numerico,22,Nullable(Int64),YES,
clickhouse,normalized,ssp-check-ad-plugin-normalized,channel,23,Nullable(String),YES,
clickhouse,normalized,ssp-check-ad-plugin-normalized,bundle_impression,24,Nullable(String),YES,
clickhouse,normalized,ssp-check-ad-plugin-normalized,inventory_type,25,String,YES,
clickhouse,normalized,ssp-check-ad-plugin-normalized,country,26,String,YES,
clickhouse,normalized,ssp-check-ad-plugin-normalized,network_id,27,Int64,YES,
clickhouse,normalized,ssp-check-ad-plugin-normalized,network_name,28,String,YES,
clickhouse,normalized,ssp-check-ad-plugin-normalized,network_key,29,String,YES,
clickhouse,normalized,ssp-check-ad-plugin-normalized,ip,30,String,YES,
clickhouse,normalized,ssp-check-ad-plugin-normalized,ipv6,31,String,YES,
clickhouse,normalized,ssp-check-ad-plugin-normalized,ip_impression,32,Nullable(String),YES,
clickhouse,normalized,ssp-check-ad-plugin-normalized,ua_request,33,String,YES,
clickhouse,normalized,ssp-check-ad-plugin-normalized,ua_impression,34,Nullable(String),YES,
clickhouse,normalized,ssp-check-ad-plugin-normalized,json_data,35,String,YES,
clickhouse,normalized,ssp-check-ad-plugin-normalized,json_device,36,String,YES,
clickhouse,normalized,ssp-check-ad-plugin-normalized,json_prices,37,String,YES,
clickhouse,normalized,ssp-check-ad-plugin-normalized,price_network_response_gross,38,Float32,YES,
clickhouse,normalized,ssp-check-ad-plugin-normalized,price_network_response_net,39,Float32,YES,
clickhouse,normalized,ssp-check-ad-plugin-normalized,price_publisher_response,40,Float32,YES,
clickhouse,normalized,ssp-check-ad-plugin-normalized,json_qa,41,String,YES,
clickhouse,normalized,ssp-check-ad-plugin-normalized,json_cache,42,String,YES,
clickhouse,normalized,ssp-check-ad-plugin-normalized,video_length,43,Nullable(Int64),YES,
clickhouse,normalized,ssp-check-ad-plugin-normalized,json_extra,44,String,YES,
clickhouse,normalized,ssp-check-ad-plugin-normalized,referer,45,Nullable(String),YES,
clickhouse,normalized,ssp-check-ad-plugin-normalized,hostname,46,String,YES,
clickhouse,normalized,ssp-check-ad-plugin-normalized,domain_pixel,47,String,YES,
clickhouse,normalized,ssp-check-ad-plugin-normalized,code_error,48,Nullable(String),YES,
clickhouse,normalized,ssp-check-ad-plugin-normalized,message_error,49,Nullable(String),YES,
clickhouse,normalized,ssp-check-ad-plugin-normalized,id_os,50,Int64,YES,PRI
clickhouse,normalized,ssp-check-ad-plugin-normalized,ttl_tappx,51,Int64,YES,
clickhouse,normalized,ssp-check-ad-plugin-normalized,kafka_partition_id,52,Nullable(Int32),YES,
clickhouse,normalized,ssp-check-ad-plugin-normalized-dist,ts_request,1,DateTime64(3),YES,
clickhouse,normalized,ssp-check-ad-plugin-normalized-dist,ts_delivery_ad,2,DateTime64(3),YES,
clickhouse,normalized,ssp-check-ad-plugin-normalized-dist,ts_impression,3,Nullable(DateTime64(3)),YES,
clickhouse,normalized,ssp-check-ad-plugin-normalized-dist,ttl,4,Int64,YES,
clickhouse,normalized,ssp-check-ad-plugin-normalized-dist,id_request,5,Int64,YES,
clickhouse,normalized,ssp-check-ad-plugin-normalized-dist,code,6,Nullable(String),YES,
clickhouse,normalized,ssp-check-ad-plugin-normalized-dist,subid_request,7,Nullable(Int64),YES,
clickhouse,normalized,ssp-check-ad-plugin-normalized-dist,datacenter,8,String,YES,
clickhouse,normalized,ssp-check-ad-plugin-normalized-dist,canary,9,Bool,YES,
clickhouse,normalized,ssp-check-ad-plugin-normalized-dist,ad_format,10,String,YES,
clickhouse,normalized,ssp-check-ad-plugin-normalized-dist,ad_markup,11,String,YES,
clickhouse,normalized,ssp-check-ad-plugin-normalized-dist,track_type,12,String,YES,
clickhouse,normalized,ssp-check-ad-plugin-normalized-dist,user_id,13,Int64,YES,
clickhouse,normalized,ssp-check-ad-plugin-normalized-dist,endpoint,14,String,YES,
clickhouse,normalized,ssp-check-ad-plugin-normalized-dist,endpoint_type,15,String,YES,
clickhouse,normalized,ssp-check-ad-plugin-normalized-dist,mediation_connection,16,String,YES,
clickhouse,normalized,ssp-check-ad-plugin-normalized-dist,adunit,17,String,YES,
clickhouse,normalized,ssp-check-ad-plugin-normalized-dist,id_app,18,Int64,YES,
clickhouse,normalized,ssp-check-ad-plugin-normalized-dist,id_size,19,Int64,YES,
clickhouse,normalized,ssp-check-ad-plugin-normalized-dist,ad_size,20,String,YES,
clickhouse,normalized,ssp-check-ad-plugin-normalized-dist,bundle,21,String,YES,
clickhouse,normalized,ssp-check-ad-plugin-normalized-dist,bundle_numerico,22,Nullable(Int64),YES,
clickhouse,normalized,ssp-check-ad-plugin-normalized-dist,channel,23,Nullable(String),YES,
clickhouse,normalized,ssp-check-ad-plugin-normalized-dist,bundle_impression,24,Nullable(String),YES,
clickhouse,normalized,ssp-check-ad-plugin-normalized-dist,inventory_type,25,String,YES,
clickhouse,normalized,ssp-check-ad-plugin-normalized-dist,country,26,String,YES,
clickhouse,normalized,ssp-check-ad-plugin-normalized-dist,network_id,27,Int64,YES,
clickhouse,normalized,ssp-check-ad-plugin-normalized-dist,network_name,28,String,YES,
clickhouse,normalized,ssp-check-ad-plugin-normalized-dist,network_key,29,String,YES,
clickhouse,normalized,ssp-check-ad-plugin-normalized-dist,ip,30,String,YES,
clickhouse,normalized,ssp-check-ad-plugin-normalized-dist,ipv6,31,String,YES,
clickhouse,normalized,ssp-check-ad-plugin-normalized-dist,ip_impression,32,Nullable(String),YES,
clickhouse,normalized,ssp-check-ad-plugin-normalized-dist,ua_request,33,String,YES,
clickhouse,normalized,ssp-check-ad-plugin-normalized-dist,ua_impression,34,Nullable(String),YES,
clickhouse,normalized,ssp-check-ad-plugin-normalized-dist,json_data,35,String,YES,
clickhouse,normalized,ssp-check-ad-plugin-normalized-dist,json_device,36,String,YES,
clickhouse,normalized,ssp-check-ad-plugin-normalized-dist,json_prices,37,String,YES,
clickhouse,normalized,ssp-check-ad-plugin-normalized-dist,price_network_response_gross,38,Float32,YES,
clickhouse,normalized,ssp-check-ad-plugin-normalized-dist,price_network_response_net,39,Float32,YES,
clickhouse,normalized,ssp-check-ad-plugin-normalized-dist,price_publisher_response,40,Float32,YES,
clickhouse,normalized,ssp-check-ad-plugin-normalized-dist,json_qa,41,String,YES,
clickhouse,normalized,ssp-check-ad-plugin-normalized-dist,json_cache,42,String,YES,
clickhouse,normalized,ssp-check-ad-plugin-normalized-dist,video_length,43,Nullable(Int64),YES,
clickhouse,normalized,ssp-check-ad-plugin-normalized-dist,json_extra,44,String,YES,
clickhouse,normalized,ssp-check-ad-plugin-normalized-dist,referer,45,Nullable(String),YES,
clickhouse,normalized,ssp-check-ad-plugin-normalized-dist,hostname,46,String,YES,
clickhouse,normalized,ssp-check-ad-plugin-normalized-dist,domain_pixel,47,String,YES,
clickhouse,normalized,ssp-check-ad-plugin-normalized-dist,code_error,48,Nullable(String),YES,
clickhouse,normalized,ssp-check-ad-plugin-normalized-dist,message_error,49,Nullable(String),YES,
clickhouse,normalized,ssp-check-ad-plugin-normalized-dist,id_os,50,Int64,YES,
clickhouse,normalized,ssp-check-ad-plugin-normalized-dist,ttl_tappx,51,Int64,YES,
clickhouse,normalized,ssp-check-ad-plugin-normalized-dist,kafka_partition_id,52,Nullable(Int32),YES,
clickhouse,normalized,ssp-check-ad-plugin-normalized-mv,ts_request,1,DateTime64(3),YES,
clickhouse,normalized,ssp-check-ad-plugin-normalized-mv,ts_delivery_ad,2,DateTime64(3),YES,
clickhouse,normalized,ssp-check-ad-plugin-normalized-mv,ts_impression,3,Nullable(DateTime64(3)),YES,
clickhouse,normalized,ssp-check-ad-plugin-normalized-mv,ttl,4,Int64,YES,
clickhouse,normalized,ssp-check-ad-plugin-normalized-mv,id_request,5,Int64,YES,
clickhouse,normalized,ssp-check-ad-plugin-normalized-mv,code,6,Nullable(String),YES,
clickhouse,normalized,ssp-check-ad-plugin-normalized-mv,subid_request,7,Nullable(Int64),YES,
clickhouse,normalized,ssp-check-ad-plugin-normalized-mv,datacenter,8,String,YES,
clickhouse,normalized,ssp-check-ad-plugin-normalized-mv,canary,9,Bool,YES,
clickhouse,normalized,ssp-check-ad-plugin-normalized-mv,ad_format,10,String,YES,
clickhouse,normalized,ssp-check-ad-plugin-normalized-mv,ad_markup,11,String,YES,
clickhouse,normalized,ssp-check-ad-plugin-normalized-mv,track_type,12,String,YES,
clickhouse,normalized,ssp-check-ad-plugin-normalized-mv,user_id,13,Int64,YES,
clickhouse,normalized,ssp-check-ad-plugin-normalized-mv,endpoint,14,String,YES,
clickhouse,normalized,ssp-check-ad-plugin-normalized-mv,endpoint_type,15,String,YES,
clickhouse,normalized,ssp-check-ad-plugin-normalized-mv,mediation_connection,16,String,YES,
clickhouse,normalized,ssp-check-ad-plugin-normalized-mv,adunit,17,String,YES,
clickhouse,normalized,ssp-check-ad-plugin-normalized-mv,id_app,18,Int64,YES,
clickhouse,normalized,ssp-check-ad-plugin-normalized-mv,id_size,19,Int64,YES,
clickhouse,normalized,ssp-check-ad-plugin-normalized-mv,ad_size,20,String,YES,
clickhouse,normalized,ssp-check-ad-plugin-normalized-mv,bundle,21,String,YES,
clickhouse,normalized,ssp-check-ad-plugin-normalized-mv,bundle_numerico,22,Nullable(Int64),YES,
clickhouse,normalized,ssp-check-ad-plugin-normalized-mv,channel,23,Nullable(String),YES,
clickhouse,normalized,ssp-check-ad-plugin-normalized-mv,bundle_impression,24,Nullable(String),YES,
clickhouse,normalized,ssp-check-ad-plugin-normalized-mv,inventory_type,25,String,YES,
clickhouse,normalized,ssp-check-ad-plugin-normalized-mv,country,26,String,YES,
clickhouse,normalized,ssp-check-ad-plugin-normalized-mv,network_id,27,Int64,YES,
clickhouse,normalized,ssp-check-ad-plugin-normalized-mv,network_name,28,String,YES,
clickhouse,normalized,ssp-check-ad-plugin-normalized-mv,network_key,29,String,YES,
clickhouse,normalized,ssp-check-ad-plugin-normalized-mv,ip,30,String,YES,
clickhouse,normalized,ssp-check-ad-plugin-normalized-mv,ipv6,31,String,YES,
clickhouse,normalized,ssp-check-ad-plugin-normalized-mv,ip_impression,32,Nullable(String),YES,
clickhouse,normalized,ssp-check-ad-plugin-normalized-mv,ua_request,33,String,YES,
clickhouse,normalized,ssp-check-ad-plugin-normalized-mv,ua_impression,34,Nullable(String),YES,
clickhouse,normalized,ssp-check-ad-plugin-normalized-mv,json_data,35,String,YES,
clickhouse,normalized,ssp-check-ad-plugin-normalized-mv,json_device,36,String,YES,
clickhouse,normalized,ssp-check-ad-plugin-normalized-mv,json_prices,37,String,YES,
clickhouse,normalized,ssp-check-ad-plugin-normalized-mv,price_network_response_gross,38,Float32,YES,
clickhouse,normalized,ssp-check-ad-plugin-normalized-mv,price_network_response_net,39,Float32,YES,
clickhouse,normalized,ssp-check-ad-plugin-normalized-mv,price_publisher_response,40,Float32,YES,
clickhouse,normalized,ssp-check-ad-plugin-normalized-mv,json_qa,41,String,YES,
clickhouse,normalized,ssp-check-ad-plugin-normalized-mv,json_cache,42,String,YES,
clickhouse,normalized,ssp-check-ad-plugin-normalized-mv,video_length,43,Nullable(Int64),YES,
clickhouse,normalized,ssp-check-ad-plugin-normalized-mv,json_extra,44,String,YES,
clickhouse,normalized,ssp-check-ad-plugin-normalized-mv,referer,45,Nullable(String),YES,
clickhouse,normalized,ssp-check-ad-plugin-normalized-mv,hostname,46,String,YES,
clickhouse,normalized,ssp-check-ad-plugin-normalized-mv,domain_pixel,47,String,YES,
clickhouse,normalized,ssp-check-ad-plugin-normalized-mv,code_error,48,Nullable(String),YES,
clickhouse,normalized,ssp-check-ad-plugin-normalized-mv,message_error,49,Nullable(String),YES,
clickhouse,normalized,ssp-check-ad-plugin-normalized-mv,id_os,50,Int64,YES,
clickhouse,normalized,ssp-check-ad-plugin-normalized-mv,ttl_tappx,51,Int64,YES,
clickhouse,normalized,ssp-check-ad-plugin-normalized-mv,kafka_partition_id,52,Nullable(Int32),YES,
clickhouse,normalized,ssp-clicks-dup-v1-normalized,ts_request,1,DateTime64(3),YES,
clickhouse,normalized,ssp-clicks-dup-v1-normalized,ts_delivery_ad,2,DateTime64(3),YES,
clickhouse,normalized,ssp-clicks-dup-v1-normalized,ts_click,3,Nullable(DateTime64(3)),YES,
clickhouse,normalized,ssp-clicks-dup-v1-normalized,ttl,4,Int64,YES,
clickhouse,normalized,ssp-clicks-dup-v1-normalized,id_request,5,Int64,YES,
clickhouse,normalized,ssp-clicks-dup-v1-normalized,subid_request,6,Nullable(Int64),YES,
clickhouse,normalized,ssp-clicks-dup-v1-normalized,datacenter,7,String,YES,PRI
clickhouse,normalized,ssp-clicks-dup-v1-normalized,canary,8,Bool,YES,
clickhouse,normalized,ssp-clicks-dup-v1-normalized,ad_format,9,String,YES,
clickhouse,normalized,ssp-clicks-dup-v1-normalized,ad_markup,10,String,YES,
clickhouse,normalized,ssp-clicks-dup-v1-normalized,track_type,11,String,YES,
clickhouse,normalized,ssp-clicks-dup-v1-normalized,user_id,12,Int64,YES,
clickhouse,normalized,ssp-clicks-dup-v1-normalized,endpoint,13,String,YES,
clickhouse,normalized,ssp-clicks-dup-v1-normalized,endpoint_type,14,String,YES,
clickhouse,normalized,ssp-clicks-dup-v1-normalized,mediation_connection,15,String,YES,
clickhouse,normalized,ssp-clicks-dup-v1-normalized,adunit,16,String,YES,
clickhouse,normalized,ssp-clicks-dup-v1-normalized,id_app,17,Int64,YES,
clickhouse,normalized,ssp-clicks-dup-v1-normalized,id_size,18,Int64,YES,
clickhouse,normalized,ssp-clicks-dup-v1-normalized,ad_size,19,String,YES,PRI
clickhouse,normalized,ssp-clicks-dup-v1-normalized,bundle,20,String,YES,
clickhouse,normalized,ssp-clicks-dup-v1-normalized,bundle_numerico,21,Nullable(Int64),YES,
clickhouse,normalized,ssp-clicks-dup-v1-normalized,channel,22,Nullable(String),YES,
clickhouse,normalized,ssp-clicks-dup-v1-normalized,bundle_click,23,Nullable(String),YES,
clickhouse,normalized,ssp-clicks-dup-v1-normalized,inventory_type,24,String,YES,
clickhouse,normalized,ssp-clicks-dup-v1-normalized,country,25,String,YES,
clickhouse,normalized,ssp-clicks-dup-v1-normalized,network_id,26,Int64,YES,
clickhouse,normalized,ssp-clicks-dup-v1-normalized,network_name,27,String,YES,
clickhouse,normalized,ssp-clicks-dup-v1-normalized,network_key,28,String,YES,
clickhouse,normalized,ssp-clicks-dup-v1-normalized,ip,29,String,YES,
clickhouse,normalized,ssp-clicks-dup-v1-normalized,ipv6,30,String,YES,
clickhouse,normalized,ssp-clicks-dup-v1-normalized,ip_click,31,Nullable(String),YES,
clickhouse,normalized,ssp-clicks-dup-v1-normalized,ua_request,32,String,YES,
clickhouse,normalized,ssp-clicks-dup-v1-normalized,ua_click,33,Nullable(String),YES,
clickhouse,normalized,ssp-clicks-dup-v1-normalized,json_data,34,String,YES,
clickhouse,normalized,ssp-clicks-dup-v1-normalized,json_device,35,String,YES,
clickhouse,normalized,ssp-clicks-dup-v1-normalized,json_prices,36,String,YES,
clickhouse,normalized,ssp-clicks-dup-v1-normalized,price_network_response_gross,37,Float32,YES,
clickhouse,normalized,ssp-clicks-dup-v1-normalized,price_network_response_net,38,Float32,YES,
clickhouse,normalized,ssp-clicks-dup-v1-normalized,price_publisher_response,39,Float32,YES,
clickhouse,normalized,ssp-clicks-dup-v1-normalized,json_qa,40,String,YES,
clickhouse,normalized,ssp-clicks-dup-v1-normalized,json_cache,41,String,YES,
clickhouse,normalized,ssp-clicks-dup-v1-normalized,video_length,42,Nullable(Int64),YES,
clickhouse,normalized,ssp-clicks-dup-v1-normalized,json_extra,43,String,YES,
clickhouse,normalized,ssp-clicks-dup-v1-normalized,referer,44,Nullable(String),YES,
clickhouse,normalized,ssp-clicks-dup-v1-normalized,hostname,45,String,YES,
clickhouse,normalized,ssp-clicks-dup-v1-normalized,domain_pixel,46,String,YES,
clickhouse,normalized,ssp-clicks-dup-v1-normalized,code_error,47,Nullable(String),YES,
clickhouse,normalized,ssp-clicks-dup-v1-normalized,message_error,48,Nullable(String),YES,
clickhouse,normalized,ssp-clicks-dup-v1-normalized,id_os,49,Int64,YES,PRI
clickhouse,normalized,ssp-clicks-dup-v1-normalized,ttl_tappx,50,Int64,YES,
clickhouse,normalized,ssp-clicks-dup-v1-normalized,kafka_partition_id,51,Nullable(Int32),YES,
clickhouse,normalized,ssp-clicks-dup-v1-normalized-dist,ts_request,1,DateTime64(3),YES,
clickhouse,normalized,ssp-clicks-dup-v1-normalized-dist,ts_delivery_ad,2,DateTime64(3),YES,
clickhouse,normalized,ssp-clicks-dup-v1-normalized-dist,ts_click,3,Nullable(DateTime64(3)),YES,
clickhouse,normalized,ssp-clicks-dup-v1-normalized-dist,ttl,4,Int64,YES,
clickhouse,normalized,ssp-clicks-dup-v1-normalized-dist,id_request,5,Int64,YES,
clickhouse,normalized,ssp-clicks-dup-v1-normalized-dist,subid_request,6,Nullable(Int64),YES,
clickhouse,normalized,ssp-clicks-dup-v1-normalized-dist,datacenter,7,String,YES,
clickhouse,normalized,ssp-clicks-dup-v1-normalized-dist,canary,8,Bool,YES,
clickhouse,normalized,ssp-clicks-dup-v1-normalized-dist,ad_format,9,String,YES,
clickhouse,normalized,ssp-clicks-dup-v1-normalized-dist,ad_markup,10,String,YES,
clickhouse,normalized,ssp-clicks-dup-v1-normalized-dist,track_type,11,String,YES,
clickhouse,normalized,ssp-clicks-dup-v1-normalized-dist,user_id,12,Int64,YES,
clickhouse,normalized,ssp-clicks-dup-v1-normalized-dist,endpoint,13,String,YES,
clickhouse,normalized,ssp-clicks-dup-v1-normalized-dist,endpoint_type,14,String,YES,
clickhouse,normalized,ssp-clicks-dup-v1-normalized-dist,mediation_connection,15,String,YES,
clickhouse,normalized,ssp-clicks-dup-v1-normalized-dist,adunit,16,String,YES,
clickhouse,normalized,ssp-clicks-dup-v1-normalized-dist,id_app,17,Int64,YES,
clickhouse,normalized,ssp-clicks-dup-v1-normalized-dist,id_size,18,Int64,YES,
clickhouse,normalized,ssp-clicks-dup-v1-normalized-dist,ad_size,19,String,YES,
clickhouse,normalized,ssp-clicks-dup-v1-normalized-dist,bundle,20,String,YES,
clickhouse,normalized,ssp-clicks-dup-v1-normalized-dist,bundle_numerico,21,Nullable(Int64),YES,
clickhouse,normalized,ssp-clicks-dup-v1-normalized-dist,channel,22,Nullable(String),YES,
clickhouse,normalized,ssp-clicks-dup-v1-normalized-dist,bundle_click,23,Nullable(String),YES,
clickhouse,normalized,ssp-clicks-dup-v1-normalized-dist,inventory_type,24,String,YES,
clickhouse,normalized,ssp-clicks-dup-v1-normalized-dist,country,25,String,YES,
clickhouse,normalized,ssp-clicks-dup-v1-normalized-dist,network_id,26,Int64,YES,
clickhouse,normalized,ssp-clicks-dup-v1-normalized-dist,network_name,27,String,YES,
clickhouse,normalized,ssp-clicks-dup-v1-normalized-dist,network_key,28,String,YES,
clickhouse,normalized,ssp-clicks-dup-v1-normalized-dist,ip,29,String,YES,
clickhouse,normalized,ssp-clicks-dup-v1-normalized-dist,ipv6,30,String,YES,
clickhouse,normalized,ssp-clicks-dup-v1-normalized-dist,ip_click,31,Nullable(String),YES,
clickhouse,normalized,ssp-clicks-dup-v1-normalized-dist,ua_request,32,String,YES,
clickhouse,normalized,ssp-clicks-dup-v1-normalized-dist,ua_click,33,Nullable(String),YES,
clickhouse,normalized,ssp-clicks-dup-v1-normalized-dist,json_data,34,String,YES,
clickhouse,normalized,ssp-clicks-dup-v1-normalized-dist,json_device,35,String,YES,
clickhouse,normalized,ssp-clicks-dup-v1-normalized-dist,json_prices,36,String,YES,
clickhouse,normalized,ssp-clicks-dup-v1-normalized-dist,price_network_response_gross,37,Float32,YES,
clickhouse,normalized,ssp-clicks-dup-v1-normalized-dist,price_network_response_net,38,Float32,YES,
clickhouse,normalized,ssp-clicks-dup-v1-normalized-dist,price_publisher_response,39,Float32,YES,
clickhouse,normalized,ssp-clicks-dup-v1-normalized-dist,json_qa,40,String,YES,
clickhouse,normalized,ssp-clicks-dup-v1-normalized-dist,json_cache,41,String,YES,
clickhouse,normalized,ssp-clicks-dup-v1-normalized-dist,video_length,42,Nullable(Int64),YES,
clickhouse,normalized,ssp-clicks-dup-v1-normalized-dist,json_extra,43,String,YES,
clickhouse,normalized,ssp-clicks-dup-v1-normalized-dist,referer,44,Nullable(String),YES,
clickhouse,normalized,ssp-clicks-dup-v1-normalized-dist,hostname,45,String,YES,
clickhouse,normalized,ssp-clicks-dup-v1-normalized-dist,domain_pixel,46,String,YES,
clickhouse,normalized,ssp-clicks-dup-v1-normalized-dist,code_error,47,Nullable(String),YES,
clickhouse,normalized,ssp-clicks-dup-v1-normalized-dist,message_error,48,Nullable(String),YES,
clickhouse,normalized,ssp-clicks-dup-v1-normalized-dist,id_os,49,Int64,YES,
clickhouse,normalized,ssp-clicks-dup-v1-normalized-dist,ttl_tappx,50,Int64,YES,
clickhouse,normalized,ssp-clicks-dup-v1-normalized-dist,kafka_partition_id,51,Nullable(Int32),YES,
clickhouse,normalized,ssp-clicks-dup-v1-normalized-mv,ts_request,1,DateTime64(3),YES,
clickhouse,normalized,ssp-clicks-dup-v1-normalized-mv,ts_delivery_ad,2,DateTime64(3),YES,
clickhouse,normalized,ssp-clicks-dup-v1-normalized-mv,ts_click,3,Nullable(DateTime64(3)),YES,
clickhouse,normalized,ssp-clicks-dup-v1-normalized-mv,ttl,4,Int64,YES,
clickhouse,normalized,ssp-clicks-dup-v1-normalized-mv,id_request,5,Int64,YES,
clickhouse,normalized,ssp-clicks-dup-v1-normalized-mv,subid_request,6,Nullable(Int64),YES,
clickhouse,normalized,ssp-clicks-dup-v1-normalized-mv,datacenter,7,String,YES,
clickhouse,normalized,ssp-clicks-dup-v1-normalized-mv,canary,8,Bool,YES,
clickhouse,normalized,ssp-clicks-dup-v1-normalized-mv,ad_format,9,String,YES,
clickhouse,normalized,ssp-clicks-dup-v1-normalized-mv,ad_markup,10,String,YES,
clickhouse,normalized,ssp-clicks-dup-v1-normalized-mv,track_type,11,String,YES,
clickhouse,normalized,ssp-clicks-dup-v1-normalized-mv,user_id,12,Int64,YES,
clickhouse,normalized,ssp-clicks-dup-v1-normalized-mv,endpoint,13,String,YES,
clickhouse,normalized,ssp-clicks-dup-v1-normalized-mv,endpoint_type,14,String,YES,
clickhouse,normalized,ssp-clicks-dup-v1-normalized-mv,mediation_connection,15,String,YES,
clickhouse,normalized,ssp-clicks-dup-v1-normalized-mv,adunit,16,String,YES,
clickhouse,normalized,ssp-clicks-dup-v1-normalized-mv,id_app,17,Int64,YES,
clickhouse,normalized,ssp-clicks-dup-v1-normalized-mv,id_size,18,Int64,YES,
clickhouse,normalized,ssp-clicks-dup-v1-normalized-mv,ad_size,19,String,YES,
clickhouse,normalized,ssp-clicks-dup-v1-normalized-mv,bundle,20,String,YES,
clickhouse,normalized,ssp-clicks-dup-v1-normalized-mv,bundle_numerico,21,Nullable(Int64),YES,
clickhouse,normalized,ssp-clicks-dup-v1-normalized-mv,channel,22,Nullable(String),YES,
clickhouse,normalized,ssp-clicks-dup-v1-normalized-mv,bundle_click,23,Nullable(String),YES,
clickhouse,normalized,ssp-clicks-dup-v1-normalized-mv,inventory_type,24,String,YES,
clickhouse,normalized,ssp-clicks-dup-v1-normalized-mv,country,25,String,YES,
clickhouse,normalized,ssp-clicks-dup-v1-normalized-mv,network_id,26,Int64,YES,
clickhouse,normalized,ssp-clicks-dup-v1-normalized-mv,network_name,27,String,YES,
clickhouse,normalized,ssp-clicks-dup-v1-normalized-mv,network_key,28,String,YES,
clickhouse,normalized,ssp-clicks-dup-v1-normalized-mv,ip,29,String,YES,
clickhouse,normalized,ssp-clicks-dup-v1-normalized-mv,ipv6,30,String,YES,
clickhouse,normalized,ssp-clicks-dup-v1-normalized-mv,ip_click,31,Nullable(String),YES,
clickhouse,normalized,ssp-clicks-dup-v1-normalized-mv,ua_request,32,String,YES,
clickhouse,normalized,ssp-clicks-dup-v1-normalized-mv,ua_click,33,Nullable(String),YES,
clickhouse,normalized,ssp-clicks-dup-v1-normalized-mv,json_data,34,String,YES,
clickhouse,normalized,ssp-clicks-dup-v1-normalized-mv,json_device,35,String,YES,
clickhouse,normalized,ssp-clicks-dup-v1-normalized-mv,json_prices,36,String,YES,
clickhouse,normalized,ssp-clicks-dup-v1-normalized-mv,price_network_response_gross,37,Float32,YES,
clickhouse,normalized,ssp-clicks-dup-v1-normalized-mv,price_network_response_net,38,Float32,YES,
clickhouse,normalized,ssp-clicks-dup-v1-normalized-mv,price_publisher_response,39,Float32,YES,
clickhouse,normalized,ssp-clicks-dup-v1-normalized-mv,json_qa,40,String,YES,
clickhouse,normalized,ssp-clicks-dup-v1-normalized-mv,json_cache,41,String,YES,
clickhouse,normalized,ssp-clicks-dup-v1-normalized-mv,video_length,42,Nullable(Int64),YES,
clickhouse,normalized,ssp-clicks-dup-v1-normalized-mv,json_extra,43,String,YES,
clickhouse,normalized,ssp-clicks-dup-v1-normalized-mv,referer,44,Nullable(String),YES,
clickhouse,normalized,ssp-clicks-dup-v1-normalized-mv,hostname,45,String,YES,
clickhouse,normalized,ssp-clicks-dup-v1-normalized-mv,domain_pixel,46,String,YES,
clickhouse,normalized,ssp-clicks-dup-v1-normalized-mv,code_error,47,Nullable(String),YES,
clickhouse,normalized,ssp-clicks-dup-v1-normalized-mv,message_error,48,Nullable(String),YES,
clickhouse,normalized,ssp-clicks-dup-v1-normalized-mv,id_os,49,Int64,YES,
clickhouse,normalized,ssp-clicks-dup-v1-normalized-mv,ttl_tappx,50,Int64,YES,
clickhouse,normalized,ssp-clicks-dup-v1-normalized-mv,kafka_partition_id,51,Nullable(Int32),YES,
clickhouse,normalized,ssp-clicks-timeout-v1-normalized,ts_request,1,DateTime64(3),YES,
clickhouse,normalized,ssp-clicks-timeout-v1-normalized,ts_delivery_ad,2,DateTime64(3),YES,
clickhouse,normalized,ssp-clicks-timeout-v1-normalized,ts_click,3,Nullable(DateTime64(3)),YES,
clickhouse,normalized,ssp-clicks-timeout-v1-normalized,ttl,4,Int64,YES,
clickhouse,normalized,ssp-clicks-timeout-v1-normalized,id_request,5,Int64,YES,
clickhouse,normalized,ssp-clicks-timeout-v1-normalized,subid_request,6,Nullable(Int64),YES,
clickhouse,normalized,ssp-clicks-timeout-v1-normalized,datacenter,7,String,YES,PRI
clickhouse,normalized,ssp-clicks-timeout-v1-normalized,canary,8,Bool,YES,
clickhouse,normalized,ssp-clicks-timeout-v1-normalized,ad_format,9,String,YES,
clickhouse,normalized,ssp-clicks-timeout-v1-normalized,ad_markup,10,String,YES,
clickhouse,normalized,ssp-clicks-timeout-v1-normalized,track_type,11,String,YES,
clickhouse,normalized,ssp-clicks-timeout-v1-normalized,user_id,12,Int64,YES,
clickhouse,normalized,ssp-clicks-timeout-v1-normalized,endpoint,13,String,YES,
clickhouse,normalized,ssp-clicks-timeout-v1-normalized,endpoint_type,14,String,YES,
clickhouse,normalized,ssp-clicks-timeout-v1-normalized,mediation_connection,15,String,YES,
clickhouse,normalized,ssp-clicks-timeout-v1-normalized,adunit,16,String,YES,
clickhouse,normalized,ssp-clicks-timeout-v1-normalized,id_app,17,Int64,YES,
clickhouse,normalized,ssp-clicks-timeout-v1-normalized,id_size,18,Int64,YES,
clickhouse,normalized,ssp-clicks-timeout-v1-normalized,ad_size,19,String,YES,PRI
clickhouse,normalized,ssp-clicks-timeout-v1-normalized,bundle,20,String,YES,
clickhouse,normalized,ssp-clicks-timeout-v1-normalized,bundle_numerico,21,Nullable(Int64),YES,
clickhouse,normalized,ssp-clicks-timeout-v1-normalized,channel,22,Nullable(String),YES,
clickhouse,normalized,ssp-clicks-timeout-v1-normalized,bundle_click,23,Nullable(String),YES,
clickhouse,normalized,ssp-clicks-timeout-v1-normalized,inventory_type,24,String,YES,
clickhouse,normalized,ssp-clicks-timeout-v1-normalized,country,25,String,YES,
clickhouse,normalized,ssp-clicks-timeout-v1-normalized,network_id,26,Int64,YES,
clickhouse,normalized,ssp-clicks-timeout-v1-normalized,network_name,27,String,YES,
clickhouse,normalized,ssp-clicks-timeout-v1-normalized,network_key,28,String,YES,
clickhouse,normalized,ssp-clicks-timeout-v1-normalized,ip,29,String,YES,
clickhouse,normalized,ssp-clicks-timeout-v1-normalized,ipv6,30,String,YES,
clickhouse,normalized,ssp-clicks-timeout-v1-normalized,ip_click,31,Nullable(String),YES,
clickhouse,normalized,ssp-clicks-timeout-v1-normalized,ua_request,32,String,YES,
clickhouse,normalized,ssp-clicks-timeout-v1-normalized,ua_click,33,Nullable(String),YES,
clickhouse,normalized,ssp-clicks-timeout-v1-normalized,json_data,34,String,YES,
clickhouse,normalized,ssp-clicks-timeout-v1-normalized,json_device,35,String,YES,
clickhouse,normalized,ssp-clicks-timeout-v1-normalized,json_prices,36,String,YES,
clickhouse,normalized,ssp-clicks-timeout-v1-normalized,price_network_response_gross,37,Float32,YES,
clickhouse,normalized,ssp-clicks-timeout-v1-normalized,price_network_response_net,38,Float32,YES,
clickhouse,normalized,ssp-clicks-timeout-v1-normalized,price_publisher_response,39,Float32,YES,
clickhouse,normalized,ssp-clicks-timeout-v1-normalized,json_qa,40,String,YES,
clickhouse,normalized,ssp-clicks-timeout-v1-normalized,json_cache,41,String,YES,
clickhouse,normalized,ssp-clicks-timeout-v1-normalized,video_length,42,Nullable(Int64),YES,
clickhouse,normalized,ssp-clicks-timeout-v1-normalized,json_extra,43,String,YES,
clickhouse,normalized,ssp-clicks-timeout-v1-normalized,referer,44,Nullable(String),YES,
clickhouse,normalized,ssp-clicks-timeout-v1-normalized,hostname,45,String,YES,
clickhouse,normalized,ssp-clicks-timeout-v1-normalized,domain_pixel,46,String,YES,
clickhouse,normalized,ssp-clicks-timeout-v1-normalized,code_error,47,Nullable(String),YES,
clickhouse,normalized,ssp-clicks-timeout-v1-normalized,message_error,48,Nullable(String),YES,
clickhouse,normalized,ssp-clicks-timeout-v1-normalized,id_os,49,Int64,YES,PRI
clickhouse,normalized,ssp-clicks-timeout-v1-normalized,ttl_tappx,50,Int64,YES,
clickhouse,normalized,ssp-clicks-timeout-v1-normalized,kafka_partition_id,51,Nullable(Int32),YES,
clickhouse,normalized,ssp-clicks-timeout-v1-normalized-dist,ts_request,1,DateTime64(3),YES,
clickhouse,normalized,ssp-clicks-timeout-v1-normalized-dist,ts_delivery_ad,2,DateTime64(3),YES,
clickhouse,normalized,ssp-clicks-timeout-v1-normalized-dist,ts_click,3,Nullable(DateTime64(3)),YES,
clickhouse,normalized,ssp-clicks-timeout-v1-normalized-dist,ttl,4,Int64,YES,
clickhouse,normalized,ssp-clicks-timeout-v1-normalized-dist,id_request,5,Int64,YES,
clickhouse,normalized,ssp-clicks-timeout-v1-normalized-dist,subid_request,6,Nullable(Int64),YES,
clickhouse,normalized,ssp-clicks-timeout-v1-normalized-dist,datacenter,7,String,YES,
clickhouse,normalized,ssp-clicks-timeout-v1-normalized-dist,canary,8,Bool,YES,
clickhouse,normalized,ssp-clicks-timeout-v1-normalized-dist,ad_format,9,String,YES,
clickhouse,normalized,ssp-clicks-timeout-v1-normalized-dist,ad_markup,10,String,YES,
clickhouse,normalized,ssp-clicks-timeout-v1-normalized-dist,track_type,11,String,YES,
clickhouse,normalized,ssp-clicks-timeout-v1-normalized-dist,user_id,12,Int64,YES,
clickhouse,normalized,ssp-clicks-timeout-v1-normalized-dist,endpoint,13,String,YES,
clickhouse,normalized,ssp-clicks-timeout-v1-normalized-dist,endpoint_type,14,String,YES,
clickhouse,normalized,ssp-clicks-timeout-v1-normalized-dist,mediation_connection,15,String,YES,
clickhouse,normalized,ssp-clicks-timeout-v1-normalized-dist,adunit,16,String,YES,
clickhouse,normalized,ssp-clicks-timeout-v1-normalized-dist,id_app,17,Int64,YES,
clickhouse,normalized,ssp-clicks-timeout-v1-normalized-dist,id_size,18,Int64,YES,
clickhouse,normalized,ssp-clicks-timeout-v1-normalized-dist,ad_size,19,String,YES,
clickhouse,normalized,ssp-clicks-timeout-v1-normalized-dist,bundle,20,String,YES,
clickhouse,normalized,ssp-clicks-timeout-v1-normalized-dist,bundle_numerico,21,Nullable(Int64),YES,
clickhouse,normalized,ssp-clicks-timeout-v1-normalized-dist,channel,22,Nullable(String),YES,
clickhouse,normalized,ssp-clicks-timeout-v1-normalized-dist,bundle_click,23,Nullable(String),YES,
clickhouse,normalized,ssp-clicks-timeout-v1-normalized-dist,inventory_type,24,String,YES,
clickhouse,normalized,ssp-clicks-timeout-v1-normalized-dist,country,25,String,YES,
clickhouse,normalized,ssp-clicks-timeout-v1-normalized-dist,network_id,26,Int64,YES,
clickhouse,normalized,ssp-clicks-timeout-v1-normalized-dist,network_name,27,String,YES,
clickhouse,normalized,ssp-clicks-timeout-v1-normalized-dist,network_key,28,String,YES,
clickhouse,normalized,ssp-clicks-timeout-v1-normalized-dist,ip,29,String,YES,
clickhouse,normalized,ssp-clicks-timeout-v1-normalized-dist,ipv6,30,String,YES,
clickhouse,normalized,ssp-clicks-timeout-v1-normalized-dist,ip_click,31,Nullable(String),YES,
clickhouse,normalized,ssp-clicks-timeout-v1-normalized-dist,ua_request,32,String,YES,
clickhouse,normalized,ssp-clicks-timeout-v1-normalized-dist,ua_click,33,Nullable(String),YES,
clickhouse,normalized,ssp-clicks-timeout-v1-normalized-dist,json_data,34,String,YES,
clickhouse,normalized,ssp-clicks-timeout-v1-normalized-dist,json_device,35,String,YES,
clickhouse,normalized,ssp-clicks-timeout-v1-normalized-dist,json_prices,36,String,YES,
clickhouse,normalized,ssp-clicks-timeout-v1-normalized-dist,price_network_response_gross,37,Float32,YES,
clickhouse,normalized,ssp-clicks-timeout-v1-normalized-dist,price_network_response_net,38,Float32,YES,
clickhouse,normalized,ssp-clicks-timeout-v1-normalized-dist,price_publisher_response,39,Float32,YES,
clickhouse,normalized,ssp-clicks-timeout-v1-normalized-dist,json_qa,40,String,YES,
clickhouse,normalized,ssp-clicks-timeout-v1-normalized-dist,json_cache,41,String,YES,
clickhouse,normalized,ssp-clicks-timeout-v1-normalized-dist,video_length,42,Nullable(Int64),YES,
clickhouse,normalized,ssp-clicks-timeout-v1-normalized-dist,json_extra,43,String,YES,
clickhouse,normalized,ssp-clicks-timeout-v1-normalized-dist,referer,44,Nullable(String),YES,
clickhouse,normalized,ssp-clicks-timeout-v1-normalized-dist,hostname,45,String,YES,
clickhouse,normalized,ssp-clicks-timeout-v1-normalized-dist,domain_pixel,46,String,YES,
clickhouse,normalized,ssp-clicks-timeout-v1-normalized-dist,code_error,47,Nullable(String),YES,
clickhouse,normalized,ssp-clicks-timeout-v1-normalized-dist,message_error,48,Nullable(String),YES,
clickhouse,normalized,ssp-clicks-timeout-v1-normalized-dist,id_os,49,Int64,YES,
clickhouse,normalized,ssp-clicks-timeout-v1-normalized-dist,ttl_tappx,50,Int64,YES,
clickhouse,normalized,ssp-clicks-timeout-v1-normalized-dist,kafka_partition_id,51,Nullable(Int32),YES,
clickhouse,normalized,ssp-clicks-unassigned-v1-normalized,ts_request,1,DateTime64(3),YES,
clickhouse,normalized,ssp-clicks-unassigned-v1-normalized,ts_delivery_ad,2,DateTime64(3),YES,
clickhouse,normalized,ssp-clicks-unassigned-v1-normalized,ts_click,3,Nullable(DateTime64(3)),YES,
clickhouse,normalized,ssp-clicks-unassigned-v1-normalized,ttl,4,Int64,YES,
clickhouse,normalized,ssp-clicks-unassigned-v1-normalized,id_request,5,Int64,YES,
clickhouse,normalized,ssp-clicks-unassigned-v1-normalized,subid_request,6,Nullable(Int64),YES,
clickhouse,normalized,ssp-clicks-unassigned-v1-normalized,datacenter,7,String,YES,PRI
clickhouse,normalized,ssp-clicks-unassigned-v1-normalized,canary,8,Bool,YES,
clickhouse,normalized,ssp-clicks-unassigned-v1-normalized,ad_format,9,String,YES,
clickhouse,normalized,ssp-clicks-unassigned-v1-normalized,ad_markup,10,String,YES,
clickhouse,normalized,ssp-clicks-unassigned-v1-normalized,track_type,11,String,YES,
clickhouse,normalized,ssp-clicks-unassigned-v1-normalized,user_id,12,Int64,YES,
clickhouse,normalized,ssp-clicks-unassigned-v1-normalized,endpoint,13,String,YES,
clickhouse,normalized,ssp-clicks-unassigned-v1-normalized,endpoint_type,14,String,YES,
clickhouse,normalized,ssp-clicks-unassigned-v1-normalized,mediation_connection,15,String,YES,
clickhouse,normalized,ssp-clicks-unassigned-v1-normalized,adunit,16,String,YES,
clickhouse,normalized,ssp-clicks-unassigned-v1-normalized,id_app,17,Int64,YES,
clickhouse,normalized,ssp-clicks-unassigned-v1-normalized,id_size,18,Int64,YES,
clickhouse,normalized,ssp-clicks-unassigned-v1-normalized,ad_size,19,String,YES,PRI
clickhouse,normalized,ssp-clicks-unassigned-v1-normalized,bundle,20,String,YES,
clickhouse,normalized,ssp-clicks-unassigned-v1-normalized,bundle_numerico,21,Nullable(Int64),YES,
clickhouse,normalized,ssp-clicks-unassigned-v1-normalized,channel,22,Nullable(String),YES,
clickhouse,normalized,ssp-clicks-unassigned-v1-normalized,bundle_click,23,Nullable(String),YES,
clickhouse,normalized,ssp-clicks-unassigned-v1-normalized,inventory_type,24,String,YES,
clickhouse,normalized,ssp-clicks-unassigned-v1-normalized,country,25,String,YES,
clickhouse,normalized,ssp-clicks-unassigned-v1-normalized,network_id,26,Int64,YES,
clickhouse,normalized,ssp-clicks-unassigned-v1-normalized,network_name,27,String,YES,
clickhouse,normalized,ssp-clicks-unassigned-v1-normalized,network_key,28,String,YES,
clickhouse,normalized,ssp-clicks-unassigned-v1-normalized,ip,29,String,YES,
clickhouse,normalized,ssp-clicks-unassigned-v1-normalized,ipv6,30,String,YES,
clickhouse,normalized,ssp-clicks-unassigned-v1-normalized,ip_click,31,Nullable(String),YES,
clickhouse,normalized,ssp-clicks-unassigned-v1-normalized,ua_request,32,String,YES,
clickhouse,normalized,ssp-clicks-unassigned-v1-normalized,ua_click,33,Nullable(String),YES,
clickhouse,normalized,ssp-clicks-unassigned-v1-normalized,json_data,34,String,YES,
clickhouse,normalized,ssp-clicks-unassigned-v1-normalized,json_device,35,String,YES,
clickhouse,normalized,ssp-clicks-unassigned-v1-normalized,json_prices,36,String,YES,
clickhouse,normalized,ssp-clicks-unassigned-v1-normalized,price_network_response_gross,37,Float32,YES,
clickhouse,normalized,ssp-clicks-unassigned-v1-normalized,price_network_response_net,38,Float32,YES,
clickhouse,normalized,ssp-clicks-unassigned-v1-normalized,price_publisher_response,39,Float32,YES,
clickhouse,normalized,ssp-clicks-unassigned-v1-normalized,json_qa,40,String,YES,
clickhouse,normalized,ssp-clicks-unassigned-v1-normalized,json_cache,41,String,YES,
clickhouse,normalized,ssp-clicks-unassigned-v1-normalized,video_length,42,Nullable(Int64),YES,
clickhouse,normalized,ssp-clicks-unassigned-v1-normalized,json_extra,43,String,YES,
clickhouse,normalized,ssp-clicks-unassigned-v1-normalized,referer,44,Nullable(String),YES,
clickhouse,normalized,ssp-clicks-unassigned-v1-normalized,hostname,45,String,YES,
clickhouse,normalized,ssp-clicks-unassigned-v1-normalized,domain_pixel,46,String,YES,
clickhouse,normalized,ssp-clicks-unassigned-v1-normalized,code_error,47,Nullable(String),YES,
clickhouse,normalized,ssp-clicks-unassigned-v1-normalized,message_error,48,Nullable(String),YES,
clickhouse,normalized,ssp-clicks-unassigned-v1-normalized,id_os,49,Int64,YES,PRI
clickhouse,normalized,ssp-clicks-unassigned-v1-normalized,ttl_tappx,50,Int64,YES,
clickhouse,normalized,ssp-clicks-unassigned-v1-normalized,kafka_partition_id,51,Nullable(Int32),YES,
clickhouse,normalized,ssp-clicks-unassigned-v1-normalized-dist,ts_request,1,DateTime64(3),YES,
clickhouse,normalized,ssp-clicks-unassigned-v1-normalized-dist,ts_delivery_ad,2,DateTime64(3),YES,
clickhouse,normalized,ssp-clicks-unassigned-v1-normalized-dist,ts_click,3,Nullable(DateTime64(3)),YES,
clickhouse,normalized,ssp-clicks-unassigned-v1-normalized-dist,ttl,4,Int64,YES,
clickhouse,normalized,ssp-clicks-unassigned-v1-normalized-dist,id_request,5,Int64,YES,
clickhouse,normalized,ssp-clicks-unassigned-v1-normalized-dist,subid_request,6,Nullable(Int64),YES,
clickhouse,normalized,ssp-clicks-unassigned-v1-normalized-dist,datacenter,7,String,YES,
clickhouse,normalized,ssp-clicks-unassigned-v1-normalized-dist,canary,8,Bool,YES,
clickhouse,normalized,ssp-clicks-unassigned-v1-normalized-dist,ad_format,9,String,YES,
clickhouse,normalized,ssp-clicks-unassigned-v1-normalized-dist,ad_markup,10,String,YES,
clickhouse,normalized,ssp-clicks-unassigned-v1-normalized-dist,track_type,11,String,YES,
clickhouse,normalized,ssp-clicks-unassigned-v1-normalized-dist,user_id,12,Int64,YES,
clickhouse,normalized,ssp-clicks-unassigned-v1-normalized-dist,endpoint,13,String,YES,
clickhouse,normalized,ssp-clicks-unassigned-v1-normalized-dist,endpoint_type,14,String,YES,
clickhouse,normalized,ssp-clicks-unassigned-v1-normalized-dist,mediation_connection,15,String,YES,
clickhouse,normalized,ssp-clicks-unassigned-v1-normalized-dist,adunit,16,String,YES,
clickhouse,normalized,ssp-clicks-unassigned-v1-normalized-dist,id_app,17,Int64,YES,
clickhouse,normalized,ssp-clicks-unassigned-v1-normalized-dist,id_size,18,Int64,YES,
clickhouse,normalized,ssp-clicks-unassigned-v1-normalized-dist,ad_size,19,String,YES,
clickhouse,normalized,ssp-clicks-unassigned-v1-normalized-dist,bundle,20,String,YES,
clickhouse,normalized,ssp-clicks-unassigned-v1-normalized-dist,bundle_numerico,21,Nullable(Int64),YES,
clickhouse,normalized,ssp-clicks-unassigned-v1-normalized-dist,channel,22,Nullable(String),YES,
clickhouse,normalized,ssp-clicks-unassigned-v1-normalized-dist,bundle_click,23,Nullable(String),YES,
clickhouse,normalized,ssp-clicks-unassigned-v1-normalized-dist,inventory_type,24,String,YES,
clickhouse,normalized,ssp-clicks-unassigned-v1-normalized-dist,country,25,String,YES,
clickhouse,normalized,ssp-clicks-unassigned-v1-normalized-dist,network_id,26,Int64,YES,
clickhouse,normalized,ssp-clicks-unassigned-v1-normalized-dist,network_name,27,String,YES,
clickhouse,normalized,ssp-clicks-unassigned-v1-normalized-dist,network_key,28,String,YES,
clickhouse,normalized,ssp-clicks-unassigned-v1-normalized-dist,ip,29,String,YES,
clickhouse,normalized,ssp-clicks-unassigned-v1-normalized-dist,ipv6,30,String,YES,
clickhouse,normalized,ssp-clicks-unassigned-v1-normalized-dist,ip_click,31,Nullable(String),YES,
clickhouse,normalized,ssp-clicks-unassigned-v1-normalized-dist,ua_request,32,String,YES,
clickhouse,normalized,ssp-clicks-unassigned-v1-normalized-dist,ua_click,33,Nullable(String),YES,
clickhouse,normalized,ssp-clicks-unassigned-v1-normalized-dist,json_data,34,String,YES,
clickhouse,normalized,ssp-clicks-unassigned-v1-normalized-dist,json_device,35,String,YES,
clickhouse,normalized,ssp-clicks-unassigned-v1-normalized-dist,json_prices,36,String,YES,
clickhouse,normalized,ssp-clicks-unassigned-v1-normalized-dist,price_network_response_gross,37,Float32,YES,
clickhouse,normalized,ssp-clicks-unassigned-v1-normalized-dist,price_network_response_net,38,Float32,YES,
clickhouse,normalized,ssp-clicks-unassigned-v1-normalized-dist,price_publisher_response,39,Float32,YES,
clickhouse,normalized,ssp-clicks-unassigned-v1-normalized-dist,json_qa,40,String,YES,
clickhouse,normalized,ssp-clicks-unassigned-v1-normalized-dist,json_cache,41,String,YES,
clickhouse,normalized,ssp-clicks-unassigned-v1-normalized-dist,video_length,42,Nullable(Int64),YES,
clickhouse,normalized,ssp-clicks-unassigned-v1-normalized-dist,json_extra,43,String,YES,
clickhouse,normalized,ssp-clicks-unassigned-v1-normalized-dist,referer,44,Nullable(String),YES,
clickhouse,normalized,ssp-clicks-unassigned-v1-normalized-dist,hostname,45,String,YES,
clickhouse,normalized,ssp-clicks-unassigned-v1-normalized-dist,domain_pixel,46,String,YES,
clickhouse,normalized,ssp-clicks-unassigned-v1-normalized-dist,code_error,47,Nullable(String),YES,
clickhouse,normalized,ssp-clicks-unassigned-v1-normalized-dist,message_error,48,Nullable(String),YES,
clickhouse,normalized,ssp-clicks-unassigned-v1-normalized-dist,id_os,49,Int64,YES,
clickhouse,normalized,ssp-clicks-unassigned-v1-normalized-dist,ttl_tappx,50,Int64,YES,
clickhouse,normalized,ssp-clicks-unassigned-v1-normalized-dist,kafka_partition_id,51,Nullable(Int32),YES,
clickhouse,normalized,ssp-clicks-validated-v1-normalized,ts_request,1,DateTime64(3),YES,
clickhouse,normalized,ssp-clicks-validated-v1-normalized,ts_delivery_ad,2,DateTime64(3),YES,
clickhouse,normalized,ssp-clicks-validated-v1-normalized,ts_click,3,Nullable(DateTime64(3)),YES,
clickhouse,normalized,ssp-clicks-validated-v1-normalized,ttl,4,Int64,YES,
clickhouse,normalized,ssp-clicks-validated-v1-normalized,id_request,5,Int64,YES,
clickhouse,normalized,ssp-clicks-validated-v1-normalized,subid_request,6,Nullable(Int64),YES,
clickhouse,normalized,ssp-clicks-validated-v1-normalized,datacenter,7,String,YES,PRI
clickhouse,normalized,ssp-clicks-validated-v1-normalized,canary,8,Bool,YES,
clickhouse,normalized,ssp-clicks-validated-v1-normalized,ad_format,9,String,YES,
clickhouse,normalized,ssp-clicks-validated-v1-normalized,ad_markup,10,String,YES,
clickhouse,normalized,ssp-clicks-validated-v1-normalized,track_type,11,String,YES,
clickhouse,normalized,ssp-clicks-validated-v1-normalized,user_id,12,Int64,YES,
clickhouse,normalized,ssp-clicks-validated-v1-normalized,endpoint,13,String,YES,
clickhouse,normalized,ssp-clicks-validated-v1-normalized,endpoint_type,14,String,YES,
clickhouse,normalized,ssp-clicks-validated-v1-normalized,mediation_connection,15,String,YES,
clickhouse,normalized,ssp-clicks-validated-v1-normalized,adunit,16,String,YES,
clickhouse,normalized,ssp-clicks-validated-v1-normalized,id_app,17,Int64,YES,
clickhouse,normalized,ssp-clicks-validated-v1-normalized,id_size,18,Int64,YES,
clickhouse,normalized,ssp-clicks-validated-v1-normalized,ad_size,19,String,YES,PRI
clickhouse,normalized,ssp-clicks-validated-v1-normalized,bundle,20,String,YES,
clickhouse,normalized,ssp-clicks-validated-v1-normalized,bundle_numerico,21,Nullable(Int64),YES,
clickhouse,normalized,ssp-clicks-validated-v1-normalized,channel,22,Nullable(String),YES,
clickhouse,normalized,ssp-clicks-validated-v1-normalized,bundle_click,23,Nullable(String),YES,
clickhouse,normalized,ssp-clicks-validated-v1-normalized,inventory_type,24,String,YES,
clickhouse,normalized,ssp-clicks-validated-v1-normalized,country,25,String,YES,
clickhouse,normalized,ssp-clicks-validated-v1-normalized,network_id,26,Int64,YES,
clickhouse,normalized,ssp-clicks-validated-v1-normalized,network_name,27,String,YES,
clickhouse,normalized,ssp-clicks-validated-v1-normalized,network_key,28,String,YES,
clickhouse,normalized,ssp-clicks-validated-v1-normalized,ip,29,String,YES,
clickhouse,normalized,ssp-clicks-validated-v1-normalized,ipv6,30,String,YES,
clickhouse,normalized,ssp-clicks-validated-v1-normalized,ip_click,31,Nullable(String),YES,
clickhouse,normalized,ssp-clicks-validated-v1-normalized,ua_request,32,String,YES,
clickhouse,normalized,ssp-clicks-validated-v1-normalized,ua_click,33,Nullable(String),YES,
clickhouse,normalized,ssp-clicks-validated-v1-normalized,json_data,34,String,YES,
clickhouse,normalized,ssp-clicks-validated-v1-normalized,json_device,35,String,YES,
clickhouse,normalized,ssp-clicks-validated-v1-normalized,json_prices,36,String,YES,
clickhouse,normalized,ssp-clicks-validated-v1-normalized,price_network_response_gross,37,Float32,YES,
clickhouse,normalized,ssp-clicks-validated-v1-normalized,price_network_response_net,38,Float32,YES,
clickhouse,normalized,ssp-clicks-validated-v1-normalized,price_publisher_response,39,Float32,YES,
clickhouse,normalized,ssp-clicks-validated-v1-normalized,json_qa,40,String,YES,
clickhouse,normalized,ssp-clicks-validated-v1-normalized,json_cache,41,String,YES,
clickhouse,normalized,ssp-clicks-validated-v1-normalized,video_length,42,Nullable(Int64),YES,
clickhouse,normalized,ssp-clicks-validated-v1-normalized,json_extra,43,String,YES,
clickhouse,normalized,ssp-clicks-validated-v1-normalized,referer,44,Nullable(String),YES,
clickhouse,normalized,ssp-clicks-validated-v1-normalized,hostname,45,String,YES,
clickhouse,normalized,ssp-clicks-validated-v1-normalized,domain_pixel,46,String,YES,
clickhouse,normalized,ssp-clicks-validated-v1-normalized,code_error,47,Nullable(String),YES,
clickhouse,normalized,ssp-clicks-validated-v1-normalized,message_error,48,Nullable(String),YES,
clickhouse,normalized,ssp-clicks-validated-v1-normalized,id_os,49,Int64,YES,PRI
clickhouse,normalized,ssp-clicks-validated-v1-normalized,ttl_tappx,50,Int64,YES,
clickhouse,normalized,ssp-clicks-validated-v1-normalized,kafka_partition_id,51,Nullable(Int32),YES,
clickhouse,normalized,ssp-clicks-validated-v1-normalized-dist,ts_request,1,DateTime64(3),YES,
clickhouse,normalized,ssp-clicks-validated-v1-normalized-dist,ts_delivery_ad,2,DateTime64(3),YES,
clickhouse,normalized,ssp-clicks-validated-v1-normalized-dist,ts_click,3,Nullable(DateTime64(3)),YES,
clickhouse,normalized,ssp-clicks-validated-v1-normalized-dist,ttl,4,Int64,YES,
clickhouse,normalized,ssp-clicks-validated-v1-normalized-dist,id_request,5,Int64,YES,
clickhouse,normalized,ssp-clicks-validated-v1-normalized-dist,subid_request,6,Nullable(Int64),YES,
clickhouse,normalized,ssp-clicks-validated-v1-normalized-dist,datacenter,7,String,YES,
clickhouse,normalized,ssp-clicks-validated-v1-normalized-dist,canary,8,Bool,YES,
clickhouse,normalized,ssp-clicks-validated-v1-normalized-dist,ad_format,9,String,YES,
clickhouse,normalized,ssp-clicks-validated-v1-normalized-dist,ad_markup,10,String,YES,
clickhouse,normalized,ssp-clicks-validated-v1-normalized-dist,track_type,11,String,YES,
clickhouse,normalized,ssp-clicks-validated-v1-normalized-dist,user_id,12,Int64,YES,
clickhouse,normalized,ssp-clicks-validated-v1-normalized-dist,endpoint,13,String,YES,
clickhouse,normalized,ssp-clicks-validated-v1-normalized-dist,endpoint_type,14,String,YES,
clickhouse,normalized,ssp-clicks-validated-v1-normalized-dist,mediation_connection,15,String,YES,
clickhouse,normalized,ssp-clicks-validated-v1-normalized-dist,adunit,16,String,YES,
clickhouse,normalized,ssp-clicks-validated-v1-normalized-dist,id_app,17,Int64,YES,
clickhouse,normalized,ssp-clicks-validated-v1-normalized-dist,id_size,18,Int64,YES,
clickhouse,normalized,ssp-clicks-validated-v1-normalized-dist,ad_size,19,String,YES,
clickhouse,normalized,ssp-clicks-validated-v1-normalized-dist,bundle,20,String,YES,
clickhouse,normalized,ssp-clicks-validated-v1-normalized-dist,bundle_numerico,21,Nullable(Int64),YES,
clickhouse,normalized,ssp-clicks-validated-v1-normalized-dist,channel,22,Nullable(String),YES,
clickhouse,normalized,ssp-clicks-validated-v1-normalized-dist,bundle_click,23,Nullable(String),YES,
clickhouse,normalized,ssp-clicks-validated-v1-normalized-dist,inventory_type,24,String,YES,
clickhouse,normalized,ssp-clicks-validated-v1-normalized-dist,country,25,String,YES,
clickhouse,normalized,ssp-clicks-validated-v1-normalized-dist,network_id,26,Int64,YES,
clickhouse,normalized,ssp-clicks-validated-v1-normalized-dist,network_name,27,String,YES,
clickhouse,normalized,ssp-clicks-validated-v1-normalized-dist,network_key,28,String,YES,
clickhouse,normalized,ssp-clicks-validated-v1-normalized-dist,ip,29,String,YES,
clickhouse,normalized,ssp-clicks-validated-v1-normalized-dist,ipv6,30,String,YES,
clickhouse,normalized,ssp-clicks-validated-v1-normalized-dist,ip_click,31,Nullable(String),YES,
clickhouse,normalized,ssp-clicks-validated-v1-normalized-dist,ua_request,32,String,YES,
clickhouse,normalized,ssp-clicks-validated-v1-normalized-dist,ua_click,33,Nullable(String),YES,
clickhouse,normalized,ssp-clicks-validated-v1-normalized-dist,json_data,34,String,YES,
clickhouse,normalized,ssp-clicks-validated-v1-normalized-dist,json_device,35,String,YES,
clickhouse,normalized,ssp-clicks-validated-v1-normalized-dist,json_prices,36,String,YES,
clickhouse,normalized,ssp-clicks-validated-v1-normalized-dist,price_network_response_gross,37,Float32,YES,
clickhouse,normalized,ssp-clicks-validated-v1-normalized-dist,price_network_response_net,38,Float32,YES,
clickhouse,normalized,ssp-clicks-validated-v1-normalized-dist,price_publisher_response,39,Float32,YES,
clickhouse,normalized,ssp-clicks-validated-v1-normalized-dist,json_qa,40,String,YES,
clickhouse,normalized,ssp-clicks-validated-v1-normalized-dist,json_cache,41,String,YES,
clickhouse,normalized,ssp-clicks-validated-v1-normalized-dist,video_length,42,Nullable(Int64),YES,
clickhouse,normalized,ssp-clicks-validated-v1-normalized-dist,json_extra,43,String,YES,
clickhouse,normalized,ssp-clicks-validated-v1-normalized-dist,referer,44,Nullable(String),YES,
clickhouse,normalized,ssp-clicks-validated-v1-normalized-dist,hostname,45,String,YES,
clickhouse,normalized,ssp-clicks-validated-v1-normalized-dist,domain_pixel,46,String,YES,
clickhouse,normalized,ssp-clicks-validated-v1-normalized-dist,code_error,47,Nullable(String),YES,
clickhouse,normalized,ssp-clicks-validated-v1-normalized-dist,message_error,48,Nullable(String),YES,
clickhouse,normalized,ssp-clicks-validated-v1-normalized-dist,id_os,49,Int64,YES,
clickhouse,normalized,ssp-clicks-validated-v1-normalized-dist,ttl_tappx,50,Int64,YES,
clickhouse,normalized,ssp-clicks-validated-v1-normalized-dist,kafka_partition_id,51,Nullable(Int32),YES,
clickhouse,normalized,ssp-clicks-validated-v1-normalized-mv,ts_request,1,DateTime64(3),YES,
clickhouse,normalized,ssp-clicks-validated-v1-normalized-mv,ts_delivery_ad,2,DateTime64(3),YES,
clickhouse,normalized,ssp-clicks-validated-v1-normalized-mv,ts_click,3,Nullable(DateTime64(3)),YES,
clickhouse,normalized,ssp-clicks-validated-v1-normalized-mv,ttl,4,Int64,YES,
clickhouse,normalized,ssp-clicks-validated-v1-normalized-mv,id_request,5,Int64,YES,
clickhouse,normalized,ssp-clicks-validated-v1-normalized-mv,subid_request,6,Nullable(Int64),YES,
clickhouse,normalized,ssp-clicks-validated-v1-normalized-mv,datacenter,7,String,YES,
clickhouse,normalized,ssp-clicks-validated-v1-normalized-mv,canary,8,Bool,YES,
clickhouse,normalized,ssp-clicks-validated-v1-normalized-mv,ad_format,9,String,YES,
clickhouse,normalized,ssp-clicks-validated-v1-normalized-mv,ad_markup,10,String,YES,
clickhouse,normalized,ssp-clicks-validated-v1-normalized-mv,track_type,11,String,YES,
clickhouse,normalized,ssp-clicks-validated-v1-normalized-mv,user_id,12,Int64,YES,
clickhouse,normalized,ssp-clicks-validated-v1-normalized-mv,endpoint,13,String,YES,
clickhouse,normalized,ssp-clicks-validated-v1-normalized-mv,endpoint_type,14,String,YES,
clickhouse,normalized,ssp-clicks-validated-v1-normalized-mv,mediation_connection,15,String,YES,
clickhouse,normalized,ssp-clicks-validated-v1-normalized-mv,adunit,16,String,YES,
clickhouse,normalized,ssp-clicks-validated-v1-normalized-mv,id_app,17,Int64,YES,
clickhouse,normalized,ssp-clicks-validated-v1-normalized-mv,id_size,18,Int64,YES,
clickhouse,normalized,ssp-clicks-validated-v1-normalized-mv,ad_size,19,String,YES,
clickhouse,normalized,ssp-clicks-validated-v1-normalized-mv,bundle,20,String,YES,
clickhouse,normalized,ssp-clicks-validated-v1-normalized-mv,bundle_numerico,21,Nullable(Int64),YES,
clickhouse,normalized,ssp-clicks-validated-v1-normalized-mv,channel,22,Nullable(String),YES,
clickhouse,normalized,ssp-clicks-validated-v1-normalized-mv,bundle_click,23,Nullable(String),YES,
clickhouse,normalized,ssp-clicks-validated-v1-normalized-mv,inventory_type,24,String,YES,
clickhouse,normalized,ssp-clicks-validated-v1-normalized-mv,country,25,String,YES,
clickhouse,normalized,ssp-clicks-validated-v1-normalized-mv,network_id,26,Int64,YES,
clickhouse,normalized,ssp-clicks-validated-v1-normalized-mv,network_name,27,String,YES,
clickhouse,normalized,ssp-clicks-validated-v1-normalized-mv,network_key,28,String,YES,
clickhouse,normalized,ssp-clicks-validated-v1-normalized-mv,ip,29,String,YES,
clickhouse,normalized,ssp-clicks-validated-v1-normalized-mv,ipv6,30,String,YES,
clickhouse,normalized,ssp-clicks-validated-v1-normalized-mv,ip_click,31,Nullable(String),YES,
clickhouse,normalized,ssp-clicks-validated-v1-normalized-mv,ua_request,32,String,YES,
clickhouse,normalized,ssp-clicks-validated-v1-normalized-mv,ua_click,33,Nullable(String),YES,
clickhouse,normalized,ssp-clicks-validated-v1-normalized-mv,json_data,34,String,YES,
clickhouse,normalized,ssp-clicks-validated-v1-normalized-mv,json_device,35,String,YES,
clickhouse,normalized,ssp-clicks-validated-v1-normalized-mv,json_prices,36,String,YES,
clickhouse,normalized,ssp-clicks-validated-v1-normalized-mv,price_network_response_gross,37,Float32,YES,
clickhouse,normalized,ssp-clicks-validated-v1-normalized-mv,price_network_response_net,38,Float32,YES,
clickhouse,normalized,ssp-clicks-validated-v1-normalized-mv,price_publisher_response,39,Float32,YES,
clickhouse,normalized,ssp-clicks-validated-v1-normalized-mv,json_qa,40,String,YES,
clickhouse,normalized,ssp-clicks-validated-v1-normalized-mv,json_cache,41,String,YES,
clickhouse,normalized,ssp-clicks-validated-v1-normalized-mv,video_length,42,Nullable(Int64),YES,
clickhouse,normalized,ssp-clicks-validated-v1-normalized-mv,json_extra,43,String,YES,
clickhouse,normalized,ssp-clicks-validated-v1-normalized-mv,referer,44,Nullable(String),YES,
clickhouse,normalized,ssp-clicks-validated-v1-normalized-mv,hostname,45,String,YES,
clickhouse,normalized,ssp-clicks-validated-v1-normalized-mv,domain_pixel,46,String,YES,
clickhouse,normalized,ssp-clicks-validated-v1-normalized-mv,code_error,47,Nullable(String),YES,
clickhouse,normalized,ssp-clicks-validated-v1-normalized-mv,message_error,48,Nullable(String),YES,
clickhouse,normalized,ssp-clicks-validated-v1-normalized-mv,id_os,49,Int64,YES,
clickhouse,normalized,ssp-clicks-validated-v1-normalized-mv,ttl_tappx,50,Int64,YES,
clickhouse,normalized,ssp-clicks-validated-v1-normalized-mv,kafka_partition_id,51,Nullable(Int32),YES,
clickhouse,normalized,ssp-dmn-deliveries-aggregate-normalized,date,1,String,YES,PRI
clickhouse,normalized,ssp-dmn-deliveries-aggregate-normalized,hour,2,Int64,YES,PRI
clickhouse,normalized,ssp-dmn-deliveries-aggregate-normalized,minute,3,Int64,YES,
clickhouse,normalized,ssp-dmn-deliveries-aggregate-normalized,datacenter,4,String,YES,PRI
clickhouse,normalized,ssp-dmn-deliveries-aggregate-normalized,canary,5,Bool,YES,
clickhouse,normalized,ssp-dmn-deliveries-aggregate-normalized,endpoint,6,String,YES,
clickhouse,normalized,ssp-dmn-deliveries-aggregate-normalized,endpoint_type,7,Nullable(String),YES,
clickhouse,normalized,ssp-dmn-deliveries-aggregate-normalized,mediation_connection,8,Nullable(String),YES,
clickhouse,normalized,ssp-dmn-deliveries-aggregate-normalized,id_user,9,Nullable(Int64),YES,
clickhouse,normalized,ssp-dmn-deliveries-aggregate-normalized,adunit,10,String,YES,
clickhouse,normalized,ssp-dmn-deliveries-aggregate-normalized,id_app,11,Nullable(Int64),YES,
clickhouse,normalized,ssp-dmn-deliveries-aggregate-normalized,bundle,12,Nullable(String),YES,
clickhouse,normalized,ssp-dmn-deliveries-aggregate-normalized,bundle_numerico,13,Nullable(Int64),YES,
clickhouse,normalized,ssp-dmn-deliveries-aggregate-normalized,channel,14,Nullable(String),YES,
clickhouse,normalized,ssp-dmn-deliveries-aggregate-normalized,id_os,15,Int64,YES,PRI
clickhouse,normalized,ssp-dmn-deliveries-aggregate-normalized,inventory_type,16,Nullable(String),YES,
clickhouse,normalized,ssp-dmn-deliveries-aggregate-normalized,country,17,String,YES,
clickhouse,normalized,ssp-dmn-deliveries-aggregate-normalized,id_size,18,Nullable(Int64),YES,
clickhouse,normalized,ssp-dmn-deliveries-aggregate-normalized,ad_size,19,String,YES,PRI
clickhouse,normalized,ssp-dmn-deliveries-aggregate-normalized,network_id,20,Int64,YES,
clickhouse,normalized,ssp-dmn-deliveries-aggregate-normalized,network_name,21,Nullable(String),YES,
clickhouse,normalized,ssp-dmn-deliveries-aggregate-normalized,network_key,22,Nullable(String),YES,
clickhouse,normalized,ssp-dmn-deliveries-aggregate-normalized,json_data,23,Nullable(String),YES,
clickhouse,normalized,ssp-dmn-deliveries-aggregate-normalized,json_qa,24,Nullable(String),YES,
clickhouse,normalized,ssp-dmn-deliveries-aggregate-normalized,delivery_network,25,Int64,YES,
clickhouse,normalized,ssp-dmn-deliveries-aggregate-normalized,delivery_winner,26,Int64,YES,
clickhouse,normalized,ssp-dmn-deliveries-aggregate-normalized,delivery_cache,27,Int64,YES,
clickhouse,normalized,ssp-dmn-deliveries-aggregate-normalized,delivery_cache_winner,28,Int64,YES,
clickhouse,normalized,ssp-dmn-deliveries-aggregate-normalized,delivery_network_rejected_ad,29,Int64,YES,
clickhouse,normalized,ssp-dmn-deliveries-aggregate-normalized,sum_price_user_in_request,30,Nullable(Float32),YES,
clickhouse,normalized,ssp-dmn-deliveries-aggregate-normalized,sum_price_user_dash_request,31,Float32,YES,
clickhouse,normalized,ssp-dmn-deliveries-aggregate-normalized,sum_price_user_used,32,Float32,YES,
clickhouse,normalized,ssp-dmn-deliveries-aggregate-normalized,max_price_user_request,33,Nullable(Float32),YES,
clickhouse,normalized,ssp-dmn-deliveries-aggregate-normalized,min_price_user_request,34,Nullable(Float32),YES,
clickhouse,normalized,ssp-dmn-deliveries-aggregate-normalized,sum_price_network_request,35,Float32,YES,
clickhouse,normalized,ssp-dmn-deliveries-aggregate-normalized,max_price_network_request,36,Nullable(Float32),YES,
clickhouse,normalized,ssp-dmn-deliveries-aggregate-normalized,min_price_network_request,37,Nullable(Float32),YES,
clickhouse,normalized,ssp-dmn-deliveries-aggregate-normalized,sum_price_network_response_gross,38,Float32,YES,
clickhouse,normalized,ssp-dmn-deliveries-aggregate-normalized,max_price_network_response_gross,39,Nullable(Float32),YES,
clickhouse,normalized,ssp-dmn-deliveries-aggregate-normalized,min_price_network_response_gross,40,Nullable(Float32),YES,
clickhouse,normalized,ssp-dmn-deliveries-aggregate-normalized,sum_price_network_response_net,41,Float32,YES,
clickhouse,normalized,ssp-dmn-deliveries-aggregate-normalized,max_price_network_response_net,42,Nullable(Float32),YES,
clickhouse,normalized,ssp-dmn-deliveries-aggregate-normalized,min_price_network_response_net,43,Nullable(Float32),YES,
clickhouse,normalized,ssp-dmn-deliveries-aggregate-normalized,sum_price_publisher_response,44,Float32,YES,
clickhouse,normalized,ssp-dmn-deliveries-aggregate-normalized,max_price_publisher_response,45,Nullable(Float32),YES,
clickhouse,normalized,ssp-dmn-deliveries-aggregate-normalized,min_price_publisher_response,46,Nullable(Float32),YES,
clickhouse,normalized,ssp-dmn-deliveries-aggregate-normalized,total_time_response,47,Int64,YES,
clickhouse,normalized,ssp-dmn-deliveries-aggregate-normalized,total_time_response_with_ad,48,Int64,YES,
clickhouse,normalized,ssp-dmn-deliveries-aggregate-normalized,total_time_response_with_ad_cache,49,Int64,YES,
clickhouse,normalized,ssp-dmn-deliveries-aggregate-normalized,kafka_partition_id,50,Nullable(Int32),YES,
clickhouse,normalized,ssp-dmn-deliveries-aggregate-normalized-dist,date,1,String,YES,
clickhouse,normalized,ssp-dmn-deliveries-aggregate-normalized-dist,hour,2,Int64,YES,
clickhouse,normalized,ssp-dmn-deliveries-aggregate-normalized-dist,minute,3,Int64,YES,
clickhouse,normalized,ssp-dmn-deliveries-aggregate-normalized-dist,datacenter,4,String,YES,
clickhouse,normalized,ssp-dmn-deliveries-aggregate-normalized-dist,canary,5,Bool,YES,
clickhouse,normalized,ssp-dmn-deliveries-aggregate-normalized-dist,endpoint,6,String,YES,
clickhouse,normalized,ssp-dmn-deliveries-aggregate-normalized-dist,endpoint_type,7,Nullable(String),YES,
clickhouse,normalized,ssp-dmn-deliveries-aggregate-normalized-dist,mediation_connection,8,Nullable(String),YES,
clickhouse,normalized,ssp-dmn-deliveries-aggregate-normalized-dist,id_user,9,Nullable(Int64),YES,
clickhouse,normalized,ssp-dmn-deliveries-aggregate-normalized-dist,adunit,10,String,YES,
clickhouse,normalized,ssp-dmn-deliveries-aggregate-normalized-dist,id_app,11,Nullable(Int64),YES,
clickhouse,normalized,ssp-dmn-deliveries-aggregate-normalized-dist,bundle,12,Nullable(String),YES,
clickhouse,normalized,ssp-dmn-deliveries-aggregate-normalized-dist,bundle_numerico,13,Nullable(Int64),YES,
clickhouse,normalized,ssp-dmn-deliveries-aggregate-normalized-dist,channel,14,Nullable(String),YES,
clickhouse,normalized,ssp-dmn-deliveries-aggregate-normalized-dist,id_os,15,Int64,YES,
clickhouse,normalized,ssp-dmn-deliveries-aggregate-normalized-dist,inventory_type,16,Nullable(String),YES,
clickhouse,normalized,ssp-dmn-deliveries-aggregate-normalized-dist,country,17,String,YES,
clickhouse,normalized,ssp-dmn-deliveries-aggregate-normalized-dist,id_size,18,Nullable(Int64),YES,
clickhouse,normalized,ssp-dmn-deliveries-aggregate-normalized-dist,ad_size,19,String,YES,
clickhouse,normalized,ssp-dmn-deliveries-aggregate-normalized-dist,network_id,20,Int64,YES,
clickhouse,normalized,ssp-dmn-deliveries-aggregate-normalized-dist,network_name,21,Nullable(String),YES,
clickhouse,normalized,ssp-dmn-deliveries-aggregate-normalized-dist,network_key,22,Nullable(String),YES,
clickhouse,normalized,ssp-dmn-deliveries-aggregate-normalized-dist,json_data,23,Nullable(String),YES,
clickhouse,normalized,ssp-dmn-deliveries-aggregate-normalized-dist,json_qa,24,Nullable(String),YES,
clickhouse,normalized,ssp-dmn-deliveries-aggregate-normalized-dist,delivery_network,25,Int64,YES,
clickhouse,normalized,ssp-dmn-deliveries-aggregate-normalized-dist,delivery_winner,26,Int64,YES,
clickhouse,normalized,ssp-dmn-deliveries-aggregate-normalized-dist,delivery_cache,27,Int64,YES,
clickhouse,normalized,ssp-dmn-deliveries-aggregate-normalized-dist,delivery_cache_winner,28,Int64,YES,
clickhouse,normalized,ssp-dmn-deliveries-aggregate-normalized-dist,delivery_network_rejected_ad,29,Int64,YES,
clickhouse,normalized,ssp-dmn-deliveries-aggregate-normalized-dist,sum_price_user_in_request,30,Nullable(Float32),YES,
clickhouse,normalized,ssp-dmn-deliveries-aggregate-normalized-dist,sum_price_user_dash_request,31,Float32,YES,
clickhouse,normalized,ssp-dmn-deliveries-aggregate-normalized-dist,sum_price_user_used,32,Float32,YES,
clickhouse,normalized,ssp-dmn-deliveries-aggregate-normalized-dist,max_price_user_request,33,Nullable(Float32),YES,
clickhouse,normalized,ssp-dmn-deliveries-aggregate-normalized-dist,min_price_user_request,34,Nullable(Float32),YES,
clickhouse,normalized,ssp-dmn-deliveries-aggregate-normalized-dist,sum_price_network_request,35,Float32,YES,
clickhouse,normalized,ssp-dmn-deliveries-aggregate-normalized-dist,max_price_network_request,36,Nullable(Float32),YES,
clickhouse,normalized,ssp-dmn-deliveries-aggregate-normalized-dist,min_price_network_request,37,Nullable(Float32),YES,
clickhouse,normalized,ssp-dmn-deliveries-aggregate-normalized-dist,sum_price_network_response_gross,38,Float32,YES,
clickhouse,normalized,ssp-dmn-deliveries-aggregate-normalized-dist,max_price_network_response_gross,39,Nullable(Float32),YES,
clickhouse,normalized,ssp-dmn-deliveries-aggregate-normalized-dist,min_price_network_response_gross,40,Nullable(Float32),YES,
clickhouse,normalized,ssp-dmn-deliveries-aggregate-normalized-dist,sum_price_network_response_net,41,Float32,YES,
clickhouse,normalized,ssp-dmn-deliveries-aggregate-normalized-dist,max_price_network_response_net,42,Nullable(Float32),YES,
clickhouse,normalized,ssp-dmn-deliveries-aggregate-normalized-dist,min_price_network_response_net,43,Nullable(Float32),YES,
clickhouse,normalized,ssp-dmn-deliveries-aggregate-normalized-dist,sum_price_publisher_response,44,Float32,YES,
clickhouse,normalized,ssp-dmn-deliveries-aggregate-normalized-dist,max_price_publisher_response,45,Nullable(Float32),YES,
clickhouse,normalized,ssp-dmn-deliveries-aggregate-normalized-dist,min_price_publisher_response,46,Nullable(Float32),YES,
clickhouse,normalized,ssp-dmn-deliveries-aggregate-normalized-dist,total_time_response,47,Int64,YES,
clickhouse,normalized,ssp-dmn-deliveries-aggregate-normalized-dist,total_time_response_with_ad,48,Int64,YES,
clickhouse,normalized,ssp-dmn-deliveries-aggregate-normalized-dist,total_time_response_with_ad_cache,49,Int64,YES,
clickhouse,normalized,ssp-dmn-deliveries-aggregate-normalized-dist,kafka_partition_id,50,Nullable(Int32),YES,
clickhouse,normalized,ssp-dmn-deliveries-aggregate-normalized-mv,date,1,String,YES,
clickhouse,normalized,ssp-dmn-deliveries-aggregate-normalized-mv,hour,2,Int64,YES,
clickhouse,normalized,ssp-dmn-deliveries-aggregate-normalized-mv,minute,3,Int64,YES,
clickhouse,normalized,ssp-dmn-deliveries-aggregate-normalized-mv,datacenter,4,String,YES,
clickhouse,normalized,ssp-dmn-deliveries-aggregate-normalized-mv,canary,5,Bool,YES,
clickhouse,normalized,ssp-dmn-deliveries-aggregate-normalized-mv,endpoint,6,String,YES,
clickhouse,normalized,ssp-dmn-deliveries-aggregate-normalized-mv,endpoint_type,7,Nullable(String),YES,
clickhouse,normalized,ssp-dmn-deliveries-aggregate-normalized-mv,mediation_connection,8,Nullable(String),YES,
clickhouse,normalized,ssp-dmn-deliveries-aggregate-normalized-mv,id_user,9,Nullable(Int64),YES,
clickhouse,normalized,ssp-dmn-deliveries-aggregate-normalized-mv,adunit,10,String,YES,
clickhouse,normalized,ssp-dmn-deliveries-aggregate-normalized-mv,id_app,11,Nullable(Int64),YES,
clickhouse,normalized,ssp-dmn-deliveries-aggregate-normalized-mv,bundle,12,Nullable(String),YES,
clickhouse,normalized,ssp-dmn-deliveries-aggregate-normalized-mv,bundle_numerico,13,Nullable(Int64),YES,
clickhouse,normalized,ssp-dmn-deliveries-aggregate-normalized-mv,channel,14,Nullable(String),YES,
clickhouse,normalized,ssp-dmn-deliveries-aggregate-normalized-mv,id_os,15,Int64,YES,
clickhouse,normalized,ssp-dmn-deliveries-aggregate-normalized-mv,inventory_type,16,Nullable(String),YES,
clickhouse,normalized,ssp-dmn-deliveries-aggregate-normalized-mv,country,17,String,YES,
clickhouse,normalized,ssp-dmn-deliveries-aggregate-normalized-mv,id_size,18,Nullable(Int64),YES,
clickhouse,normalized,ssp-dmn-deliveries-aggregate-normalized-mv,ad_size,19,String,YES,
clickhouse,normalized,ssp-dmn-deliveries-aggregate-normalized-mv,network_id,20,Int64,YES,
clickhouse,normalized,ssp-dmn-deliveries-aggregate-normalized-mv,network_name,21,Nullable(String),YES,
clickhouse,normalized,ssp-dmn-deliveries-aggregate-normalized-mv,network_key,22,Nullable(String),YES,
clickhouse,normalized,ssp-dmn-deliveries-aggregate-normalized-mv,json_data,23,Nullable(String),YES,
clickhouse,normalized,ssp-dmn-deliveries-aggregate-normalized-mv,json_qa,24,Nullable(String),YES,
clickhouse,normalized,ssp-dmn-deliveries-aggregate-normalized-mv,delivery_network,25,Int64,YES,
clickhouse,normalized,ssp-dmn-deliveries-aggregate-normalized-mv,delivery_winner,26,Int64,YES,
clickhouse,normalized,ssp-dmn-deliveries-aggregate-normalized-mv,delivery_cache,27,Int64,YES,
clickhouse,normalized,ssp-dmn-deliveries-aggregate-normalized-mv,delivery_cache_winner,28,Int64,YES,
clickhouse,normalized,ssp-dmn-deliveries-aggregate-normalized-mv,delivery_network_rejected_ad,29,Int64,YES,
clickhouse,normalized,ssp-dmn-deliveries-aggregate-normalized-mv,sum_price_user_in_request,30,Nullable(Float32),YES,
clickhouse,normalized,ssp-dmn-deliveries-aggregate-normalized-mv,sum_price_user_dash_request,31,Float32,YES,
clickhouse,normalized,ssp-dmn-deliveries-aggregate-normalized-mv,sum_price_user_used,32,Float32,YES,
clickhouse,normalized,ssp-dmn-deliveries-aggregate-normalized-mv,max_price_user_request,33,Nullable(Float32),YES,
clickhouse,normalized,ssp-dmn-deliveries-aggregate-normalized-mv,min_price_user_request,34,Nullable(Float32),YES,
clickhouse,normalized,ssp-dmn-deliveries-aggregate-normalized-mv,sum_price_network_request,35,Float32,YES,
clickhouse,normalized,ssp-dmn-deliveries-aggregate-normalized-mv,max_price_network_request,36,Nullable(Float32),YES,
clickhouse,normalized,ssp-dmn-deliveries-aggregate-normalized-mv,min_price_network_request,37,Nullable(Float32),YES,
clickhouse,normalized,ssp-dmn-deliveries-aggregate-normalized-mv,sum_price_network_response_gross,38,Float32,YES,
clickhouse,normalized,ssp-dmn-deliveries-aggregate-normalized-mv,max_price_network_response_gross,39,Nullable(Float32),YES,
clickhouse,normalized,ssp-dmn-deliveries-aggregate-normalized-mv,min_price_network_response_gross,40,Nullable(Float32),YES,
clickhouse,normalized,ssp-dmn-deliveries-aggregate-normalized-mv,sum_price_network_response_net,41,Float32,YES,
clickhouse,normalized,ssp-dmn-deliveries-aggregate-normalized-mv,max_price_network_response_net,42,Nullable(Float32),YES,
clickhouse,normalized,ssp-dmn-deliveries-aggregate-normalized-mv,min_price_network_response_net,43,Nullable(Float32),YES,
clickhouse,normalized,ssp-dmn-deliveries-aggregate-normalized-mv,sum_price_publisher_response,44,Float32,YES,
clickhouse,normalized,ssp-dmn-deliveries-aggregate-normalized-mv,max_price_publisher_response,45,Nullable(Float32),YES,
clickhouse,normalized,ssp-dmn-deliveries-aggregate-normalized-mv,min_price_publisher_response,46,Nullable(Float32),YES,
clickhouse,normalized,ssp-dmn-deliveries-aggregate-normalized-mv,total_time_response,47,Int64,YES,
clickhouse,normalized,ssp-dmn-deliveries-aggregate-normalized-mv,total_time_response_with_ad,48,Int64,YES,
clickhouse,normalized,ssp-dmn-deliveries-aggregate-normalized-mv,total_time_response_with_ad_cache,49,Int64,YES,
clickhouse,normalized,ssp-dmn-requests-aggregate-normalized,date,1,String,YES,PRI
clickhouse,normalized,ssp-dmn-requests-aggregate-normalized,hour,2,Int64,YES,PRI
clickhouse,normalized,ssp-dmn-requests-aggregate-normalized,minute,3,Int64,YES,
clickhouse,normalized,ssp-dmn-requests-aggregate-normalized,datacenter,4,String,YES,PRI
clickhouse,normalized,ssp-dmn-requests-aggregate-normalized,canary,5,Bool,YES,
clickhouse,normalized,ssp-dmn-requests-aggregate-normalized,endpoint,6,String,YES,
clickhouse,normalized,ssp-dmn-requests-aggregate-normalized,endpoint_type,7,Nullable(String),YES,
clickhouse,normalized,ssp-dmn-requests-aggregate-normalized,mediation_connection,8,Nullable(String),YES,
clickhouse,normalized,ssp-dmn-requests-aggregate-normalized,id_user,9,Nullable(Int64),YES,
clickhouse,normalized,ssp-dmn-requests-aggregate-normalized,adunit,10,String,YES,
clickhouse,normalized,ssp-dmn-requests-aggregate-normalized,id_app,11,Nullable(Int64),YES,
clickhouse,normalized,ssp-dmn-requests-aggregate-normalized,bundle,12,Nullable(String),YES,
clickhouse,normalized,ssp-dmn-requests-aggregate-normalized,bundle_numerico,13,Nullable(Int64),YES,
clickhouse,normalized,ssp-dmn-requests-aggregate-normalized,channel,14,Nullable(String),YES,
clickhouse,normalized,ssp-dmn-requests-aggregate-normalized,id_os,15,Int64,YES,PRI
clickhouse,normalized,ssp-dmn-requests-aggregate-normalized,inventory_type,16,Nullable(String),YES,
clickhouse,normalized,ssp-dmn-requests-aggregate-normalized,country,17,String,YES,
clickhouse,normalized,ssp-dmn-requests-aggregate-normalized,id_size,18,Nullable(Int64),YES,
clickhouse,normalized,ssp-dmn-requests-aggregate-normalized,ad_size,19,String,YES,PRI
clickhouse,normalized,ssp-dmn-requests-aggregate-normalized,network_id,20,Int64,YES,
clickhouse,normalized,ssp-dmn-requests-aggregate-normalized,network_name,21,Nullable(String),YES,
clickhouse,normalized,ssp-dmn-requests-aggregate-normalized,network_key,22,Nullable(String),YES,
clickhouse,normalized,ssp-dmn-requests-aggregate-normalized,json_data,23,Nullable(String),YES,
clickhouse,normalized,ssp-dmn-requests-aggregate-normalized,requests_uniques,24,Nullable(Int64),YES,
clickhouse,normalized,ssp-dmn-requests-aggregate-normalized,requests,25,Nullable(Int64),YES,
clickhouse,normalized,ssp-dmn-requests-aggregate-normalized,sum_price_user_in_requests,26,Nullable(Float32),YES,
clickhouse,normalized,ssp-dmn-requests-aggregate-normalized,sum_price_user_dash_requests,27,Nullable(Float32),YES,
clickhouse,normalized,ssp-dmn-requests-aggregate-normalized,sum_price_user_used,28,Nullable(Float32),YES,
clickhouse,normalized,ssp-dmn-requests-aggregate-normalized,max_price_user_requests,29,Nullable(Float32),YES,
clickhouse,normalized,ssp-dmn-requests-aggregate-normalized,min_price_user_requests,30,Nullable(Float32),YES,
clickhouse,normalized,ssp-dmn-requests-aggregate-normalized,sum_price_network_requests,31,Nullable(Float32),YES,
clickhouse,normalized,ssp-dmn-requests-aggregate-normalized,max_price_network_requests,32,Nullable(Float32),YES,
clickhouse,normalized,ssp-dmn-requests-aggregate-normalized,min_price_network_requests,33,Nullable(Float32),YES,
clickhouse,normalized,ssp-dmn-requests-aggregate-normalized,sum_bytes_network_requests,34,Nullable(Int64),YES,
clickhouse,normalized,ssp-dmn-requests-aggregate-normalized,kafka_partition_id,35,Nullable(Int32),YES,
clickhouse,normalized,ssp-dmn-requests-aggregate-normalized-dist,date,1,String,YES,
clickhouse,normalized,ssp-dmn-requests-aggregate-normalized-dist,hour,2,Int64,YES,
clickhouse,normalized,ssp-dmn-requests-aggregate-normalized-dist,minute,3,Int64,YES,
clickhouse,normalized,ssp-dmn-requests-aggregate-normalized-dist,datacenter,4,String,YES,
clickhouse,normalized,ssp-dmn-requests-aggregate-normalized-dist,canary,5,Bool,YES,
clickhouse,normalized,ssp-dmn-requests-aggregate-normalized-dist,endpoint,6,String,YES,
clickhouse,normalized,ssp-dmn-requests-aggregate-normalized-dist,endpoint_type,7,Nullable(String),YES,
clickhouse,normalized,ssp-dmn-requests-aggregate-normalized-dist,mediation_connection,8,Nullable(String),YES,
clickhouse,normalized,ssp-dmn-requests-aggregate-normalized-dist,id_user,9,Nullable(Int64),YES,
clickhouse,normalized,ssp-dmn-requests-aggregate-normalized-dist,adunit,10,String,YES,
clickhouse,normalized,ssp-dmn-requests-aggregate-normalized-dist,id_app,11,Nullable(Int64),YES,
clickhouse,normalized,ssp-dmn-requests-aggregate-normalized-dist,bundle,12,Nullable(String),YES,
clickhouse,normalized,ssp-dmn-requests-aggregate-normalized-dist,bundle_numerico,13,Nullable(Int64),YES,
clickhouse,normalized,ssp-dmn-requests-aggregate-normalized-dist,channel,14,Nullable(String),YES,
clickhouse,normalized,ssp-dmn-requests-aggregate-normalized-dist,id_os,15,Int64,YES,
clickhouse,normalized,ssp-dmn-requests-aggregate-normalized-dist,inventory_type,16,Nullable(String),YES,
clickhouse,normalized,ssp-dmn-requests-aggregate-normalized-dist,country,17,String,YES,
clickhouse,normalized,ssp-dmn-requests-aggregate-normalized-dist,id_size,18,Nullable(Int64),YES,
clickhouse,normalized,ssp-dmn-requests-aggregate-normalized-dist,ad_size,19,String,YES,
clickhouse,normalized,ssp-dmn-requests-aggregate-normalized-dist,network_id,20,Int64,YES,
clickhouse,normalized,ssp-dmn-requests-aggregate-normalized-dist,network_name,21,Nullable(String),YES,
clickhouse,normalized,ssp-dmn-requests-aggregate-normalized-dist,network_key,22,Nullable(String),YES,
clickhouse,normalized,ssp-dmn-requests-aggregate-normalized-dist,json_data,23,Nullable(String),YES,
clickhouse,normalized,ssp-dmn-requests-aggregate-normalized-dist,requests_uniques,24,Nullable(Int64),YES,
clickhouse,normalized,ssp-dmn-requests-aggregate-normalized-dist,requests,25,Nullable(Int64),YES,
clickhouse,normalized,ssp-dmn-requests-aggregate-normalized-dist,sum_price_user_in_requests,26,Nullable(Float32),YES,
clickhouse,normalized,ssp-dmn-requests-aggregate-normalized-dist,sum_price_user_dash_requests,27,Nullable(Float32),YES,
clickhouse,normalized,ssp-dmn-requests-aggregate-normalized-dist,sum_price_user_used,28,Nullable(Float32),YES,
clickhouse,normalized,ssp-dmn-requests-aggregate-normalized-dist,max_price_user_requests,29,Nullable(Float32),YES,
clickhouse,normalized,ssp-dmn-requests-aggregate-normalized-dist,min_price_user_requests,30,Nullable(Float32),YES,
clickhouse,normalized,ssp-dmn-requests-aggregate-normalized-dist,sum_price_network_requests,31,Nullable(Float32),YES,
clickhouse,normalized,ssp-dmn-requests-aggregate-normalized-dist,max_price_network_requests,32,Nullable(Float32),YES,
clickhouse,normalized,ssp-dmn-requests-aggregate-normalized-dist,min_price_network_requests,33,Nullable(Float32),YES,
clickhouse,normalized,ssp-dmn-requests-aggregate-normalized-dist,sum_bytes_network_requests,34,Nullable(Int64),YES,
clickhouse,normalized,ssp-dmn-requests-aggregate-normalized-dist,kafka_partition_id,35,Nullable(Int32),YES,
clickhouse,normalized,ssp-dmn-requests-aggregate-normalized-mv,date,1,String,YES,
clickhouse,normalized,ssp-dmn-requests-aggregate-normalized-mv,hour,2,Int64,YES,
clickhouse,normalized,ssp-dmn-requests-aggregate-normalized-mv,minute,3,Int64,YES,
clickhouse,normalized,ssp-dmn-requests-aggregate-normalized-mv,datacenter,4,String,YES,
clickhouse,normalized,ssp-dmn-requests-aggregate-normalized-mv,canary,5,Bool,YES,
clickhouse,normalized,ssp-dmn-requests-aggregate-normalized-mv,endpoint,6,String,YES,
clickhouse,normalized,ssp-dmn-requests-aggregate-normalized-mv,endpoint_type,7,Nullable(String),YES,
clickhouse,normalized,ssp-dmn-requests-aggregate-normalized-mv,mediation_connection,8,Nullable(String),YES,
clickhouse,normalized,ssp-dmn-requests-aggregate-normalized-mv,id_user,9,Nullable(Int64),YES,
clickhouse,normalized,ssp-dmn-requests-aggregate-normalized-mv,adunit,10,String,YES,
clickhouse,normalized,ssp-dmn-requests-aggregate-normalized-mv,id_app,11,Nullable(Int64),YES,
clickhouse,normalized,ssp-dmn-requests-aggregate-normalized-mv,bundle,12,Nullable(String),YES,
clickhouse,normalized,ssp-dmn-requests-aggregate-normalized-mv,bundle_numerico,13,Nullable(Int64),YES,
clickhouse,normalized,ssp-dmn-requests-aggregate-normalized-mv,channel,14,Nullable(String),YES,
clickhouse,normalized,ssp-dmn-requests-aggregate-normalized-mv,id_os,15,Int64,YES,
clickhouse,normalized,ssp-dmn-requests-aggregate-normalized-mv,inventory_type,16,Nullable(String),YES,
clickhouse,normalized,ssp-dmn-requests-aggregate-normalized-mv,country,17,String,YES,
clickhouse,normalized,ssp-dmn-requests-aggregate-normalized-mv,id_size,18,Nullable(Int64),YES,
clickhouse,normalized,ssp-dmn-requests-aggregate-normalized-mv,ad_size,19,String,YES,
clickhouse,normalized,ssp-dmn-requests-aggregate-normalized-mv,network_id,20,Int64,YES,
clickhouse,normalized,ssp-dmn-requests-aggregate-normalized-mv,network_name,21,Nullable(String),YES,
clickhouse,normalized,ssp-dmn-requests-aggregate-normalized-mv,network_key,22,Nullable(String),YES,
clickhouse,normalized,ssp-dmn-requests-aggregate-normalized-mv,json_data,23,Nullable(String),YES,
clickhouse,normalized,ssp-dmn-requests-aggregate-normalized-mv,requests_uniques,24,Nullable(Int64),YES,
clickhouse,normalized,ssp-dmn-requests-aggregate-normalized-mv,requests,25,Nullable(Int64),YES,
clickhouse,normalized,ssp-dmn-requests-aggregate-normalized-mv,sum_price_user_in_requests,26,Nullable(Float32),YES,
clickhouse,normalized,ssp-dmn-requests-aggregate-normalized-mv,sum_price_user_dash_requests,27,Nullable(Float32),YES,
clickhouse,normalized,ssp-dmn-requests-aggregate-normalized-mv,sum_price_user_used,28,Nullable(Float32),YES,
clickhouse,normalized,ssp-dmn-requests-aggregate-normalized-mv,max_price_user_requests,29,Nullable(Float32),YES,
clickhouse,normalized,ssp-dmn-requests-aggregate-normalized-mv,min_price_user_requests,30,Nullable(Float32),YES,
clickhouse,normalized,ssp-dmn-requests-aggregate-normalized-mv,sum_price_network_requests,31,Nullable(Float32),YES,
clickhouse,normalized,ssp-dmn-requests-aggregate-normalized-mv,max_price_network_requests,32,Nullable(Float32),YES,
clickhouse,normalized,ssp-dmn-requests-aggregate-normalized-mv,min_price_network_requests,33,Nullable(Float32),YES,
clickhouse,normalized,ssp-dmn-requests-aggregate-normalized-mv,sum_bytes_network_requests,34,Nullable(Int64),YES,
clickhouse,normalized,ssp-impressions-dup-v1-normalized,ts_request,1,DateTime64(3),YES,
clickhouse,normalized,ssp-impressions-dup-v1-normalized,ts_delivery_ad,2,DateTime64(3),YES,
clickhouse,normalized,ssp-impressions-dup-v1-normalized,ts_impression,3,Nullable(DateTime64(3)),YES,
clickhouse,normalized,ssp-impressions-dup-v1-normalized,ttl,4,Int64,YES,
clickhouse,normalized,ssp-impressions-dup-v1-normalized,id_request,5,Int64,YES,
clickhouse,normalized,ssp-impressions-dup-v1-normalized,subid_request,6,Nullable(Int64),YES,
clickhouse,normalized,ssp-impressions-dup-v1-normalized,datacenter,7,String,YES,PRI
clickhouse,normalized,ssp-impressions-dup-v1-normalized,canary,8,Bool,YES,
clickhouse,normalized,ssp-impressions-dup-v1-normalized,ad_format,9,String,YES,
clickhouse,normalized,ssp-impressions-dup-v1-normalized,ad_markup,10,String,YES,
clickhouse,normalized,ssp-impressions-dup-v1-normalized,track_type,11,String,YES,
clickhouse,normalized,ssp-impressions-dup-v1-normalized,user_id,12,Int64,YES,
clickhouse,normalized,ssp-impressions-dup-v1-normalized,endpoint,13,String,YES,
clickhouse,normalized,ssp-impressions-dup-v1-normalized,endpoint_type,14,String,YES,
clickhouse,normalized,ssp-impressions-dup-v1-normalized,mediation_connection,15,String,YES,
clickhouse,normalized,ssp-impressions-dup-v1-normalized,adunit,16,String,YES,
clickhouse,normalized,ssp-impressions-dup-v1-normalized,id_app,17,Int64,YES,
clickhouse,normalized,ssp-impressions-dup-v1-normalized,id_size,18,Int64,YES,
clickhouse,normalized,ssp-impressions-dup-v1-normalized,ad_size,19,String,YES,PRI
clickhouse,normalized,ssp-impressions-dup-v1-normalized,bundle,20,String,YES,
clickhouse,normalized,ssp-impressions-dup-v1-normalized,bundle_numerico,21,Nullable(Int64),YES,
clickhouse,normalized,ssp-impressions-dup-v1-normalized,channel,22,Nullable(String),YES,
clickhouse,normalized,ssp-impressions-dup-v1-normalized,bundle_impression,23,Nullable(String),YES,
clickhouse,normalized,ssp-impressions-dup-v1-normalized,inventory_type,24,String,YES,
clickhouse,normalized,ssp-impressions-dup-v1-normalized,country,25,String,YES,
clickhouse,normalized,ssp-impressions-dup-v1-normalized,network_id,26,Int64,YES,
clickhouse,normalized,ssp-impressions-dup-v1-normalized,network_name,27,String,YES,
clickhouse,normalized,ssp-impressions-dup-v1-normalized,network_key,28,String,YES,
clickhouse,normalized,ssp-impressions-dup-v1-normalized,ip,29,String,YES,
clickhouse,normalized,ssp-impressions-dup-v1-normalized,ipv6,30,String,YES,
clickhouse,normalized,ssp-impressions-dup-v1-normalized,ip_impression,31,Nullable(String),YES,
clickhouse,normalized,ssp-impressions-dup-v1-normalized,ua_request,32,String,YES,
clickhouse,normalized,ssp-impressions-dup-v1-normalized,ua_impression,33,Nullable(String),YES,
clickhouse,normalized,ssp-impressions-dup-v1-normalized,json_data,34,String,YES,
clickhouse,normalized,ssp-impressions-dup-v1-normalized,json_device,35,String,YES,
clickhouse,normalized,ssp-impressions-dup-v1-normalized,json_prices,36,String,YES,
clickhouse,normalized,ssp-impressions-dup-v1-normalized,price_network_response_gross,37,Float32,YES,
clickhouse,normalized,ssp-impressions-dup-v1-normalized,price_network_response_net,38,Float32,YES,
clickhouse,normalized,ssp-impressions-dup-v1-normalized,price_publisher_response,39,Float32,YES,
clickhouse,normalized,ssp-impressions-dup-v1-normalized,json_qa,40,String,YES,
clickhouse,normalized,ssp-impressions-dup-v1-normalized,json_cache,41,String,YES,
clickhouse,normalized,ssp-impressions-dup-v1-normalized,video_length,42,Nullable(Int64),YES,
clickhouse,normalized,ssp-impressions-dup-v1-normalized,json_extra,43,String,YES,
clickhouse,normalized,ssp-impressions-dup-v1-normalized,referer,44,Nullable(String),YES,
clickhouse,normalized,ssp-impressions-dup-v1-normalized,hostname,45,String,YES,
clickhouse,normalized,ssp-impressions-dup-v1-normalized,domain_pixel,46,String,YES,
clickhouse,normalized,ssp-impressions-dup-v1-normalized,code_error,47,Nullable(String),YES,
clickhouse,normalized,ssp-impressions-dup-v1-normalized,message_error,48,Nullable(String),YES,
clickhouse,normalized,ssp-impressions-dup-v1-normalized,id_os,49,Int64,YES,PRI
clickhouse,normalized,ssp-impressions-dup-v1-normalized,ttl_tappx,50,Int64,YES,
clickhouse,normalized,ssp-impressions-dup-v1-normalized,kafka_partition_id,51,Nullable(Int32),YES,
clickhouse,normalized,ssp-impressions-dup-v1-normalized-dist,ts_request,1,DateTime64(3),YES,
clickhouse,normalized,ssp-impressions-dup-v1-normalized-dist,ts_delivery_ad,2,DateTime64(3),YES,
clickhouse,normalized,ssp-impressions-dup-v1-normalized-dist,ts_impression,3,Nullable(DateTime64(3)),YES,
clickhouse,normalized,ssp-impressions-dup-v1-normalized-dist,ttl,4,Int64,YES,
clickhouse,normalized,ssp-impressions-dup-v1-normalized-dist,id_request,5,Int64,YES,
clickhouse,normalized,ssp-impressions-dup-v1-normalized-dist,subid_request,6,Nullable(Int64),YES,
clickhouse,normalized,ssp-impressions-dup-v1-normalized-dist,datacenter,7,String,YES,
clickhouse,normalized,ssp-impressions-dup-v1-normalized-dist,canary,8,Bool,YES,
clickhouse,normalized,ssp-impressions-dup-v1-normalized-dist,ad_format,9,String,YES,
clickhouse,normalized,ssp-impressions-dup-v1-normalized-dist,ad_markup,10,String,YES,
clickhouse,normalized,ssp-impressions-dup-v1-normalized-dist,track_type,11,String,YES,
clickhouse,normalized,ssp-impressions-dup-v1-normalized-dist,user_id,12,Int64,YES,
clickhouse,normalized,ssp-impressions-dup-v1-normalized-dist,endpoint,13,String,YES,
clickhouse,normalized,ssp-impressions-dup-v1-normalized-dist,endpoint_type,14,String,YES,
clickhouse,normalized,ssp-impressions-dup-v1-normalized-dist,mediation_connection,15,String,YES,
clickhouse,normalized,ssp-impressions-dup-v1-normalized-dist,adunit,16,String,YES,
clickhouse,normalized,ssp-impressions-dup-v1-normalized-dist,id_app,17,Int64,YES,
clickhouse,normalized,ssp-impressions-dup-v1-normalized-dist,id_size,18,Int64,YES,
clickhouse,normalized,ssp-impressions-dup-v1-normalized-dist,ad_size,19,String,YES,
clickhouse,normalized,ssp-impressions-dup-v1-normalized-dist,bundle,20,String,YES,
clickhouse,normalized,ssp-impressions-dup-v1-normalized-dist,bundle_numerico,21,Nullable(Int64),YES,
clickhouse,normalized,ssp-impressions-dup-v1-normalized-dist,channel,22,Nullable(String),YES,
clickhouse,normalized,ssp-impressions-dup-v1-normalized-dist,bundle_impression,23,Nullable(String),YES,
clickhouse,normalized,ssp-impressions-dup-v1-normalized-dist,inventory_type,24,String,YES,
clickhouse,normalized,ssp-impressions-dup-v1-normalized-dist,country,25,String,YES,
clickhouse,normalized,ssp-impressions-dup-v1-normalized-dist,network_id,26,Int64,YES,
clickhouse,normalized,ssp-impressions-dup-v1-normalized-dist,network_name,27,String,YES,
clickhouse,normalized,ssp-impressions-dup-v1-normalized-dist,network_key,28,String,YES,
clickhouse,normalized,ssp-impressions-dup-v1-normalized-dist,ip,29,String,YES,
clickhouse,normalized,ssp-impressions-dup-v1-normalized-dist,ipv6,30,String,YES,
clickhouse,normalized,ssp-impressions-dup-v1-normalized-dist,ip_impression,31,Nullable(String),YES,
clickhouse,normalized,ssp-impressions-dup-v1-normalized-dist,ua_request,32,String,YES,
clickhouse,normalized,ssp-impressions-dup-v1-normalized-dist,ua_impression,33,Nullable(String),YES,
clickhouse,normalized,ssp-impressions-dup-v1-normalized-dist,json_data,34,String,YES,
clickhouse,normalized,ssp-impressions-dup-v1-normalized-dist,json_device,35,String,YES,
clickhouse,normalized,ssp-impressions-dup-v1-normalized-dist,json_prices,36,String,YES,
clickhouse,normalized,ssp-impressions-dup-v1-normalized-dist,price_network_response_gross,37,Float32,YES,
clickhouse,normalized,ssp-impressions-dup-v1-normalized-dist,price_network_response_net,38,Float32,YES,
clickhouse,normalized,ssp-impressions-dup-v1-normalized-dist,price_publisher_response,39,Float32,YES,
clickhouse,normalized,ssp-impressions-dup-v1-normalized-dist,json_qa,40,String,YES,
clickhouse,normalized,ssp-impressions-dup-v1-normalized-dist,json_cache,41,String,YES,
clickhouse,normalized,ssp-impressions-dup-v1-normalized-dist,video_length,42,Nullable(Int64),YES,
clickhouse,normalized,ssp-impressions-dup-v1-normalized-dist,json_extra,43,String,YES,
clickhouse,normalized,ssp-impressions-dup-v1-normalized-dist,referer,44,Nullable(String),YES,
clickhouse,normalized,ssp-impressions-dup-v1-normalized-dist,hostname,45,String,YES,
clickhouse,normalized,ssp-impressions-dup-v1-normalized-dist,domain_pixel,46,String,YES,
clickhouse,normalized,ssp-impressions-dup-v1-normalized-dist,code_error,47,Nullable(String),YES,
clickhouse,normalized,ssp-impressions-dup-v1-normalized-dist,message_error,48,Nullable(String),YES,
clickhouse,normalized,ssp-impressions-dup-v1-normalized-dist,id_os,49,Int64,YES,
clickhouse,normalized,ssp-impressions-dup-v1-normalized-dist,ttl_tappx,50,Int64,YES,
clickhouse,normalized,ssp-impressions-dup-v1-normalized-dist,kafka_partition_id,51,Nullable(Int32),YES,
clickhouse,normalized,ssp-impressions-dup-v1-normalized-mv,ts_request,1,DateTime64(3),YES,
clickhouse,normalized,ssp-impressions-dup-v1-normalized-mv,ts_delivery_ad,2,DateTime64(3),YES,
clickhouse,normalized,ssp-impressions-dup-v1-normalized-mv,ts_impression,3,Nullable(DateTime64(3)),YES,
clickhouse,normalized,ssp-impressions-dup-v1-normalized-mv,ttl,4,Int64,YES,
clickhouse,normalized,ssp-impressions-dup-v1-normalized-mv,id_request,5,Int64,YES,
clickhouse,normalized,ssp-impressions-dup-v1-normalized-mv,subid_request,6,Nullable(Int64),YES,
clickhouse,normalized,ssp-impressions-dup-v1-normalized-mv,datacenter,7,String,YES,
clickhouse,normalized,ssp-impressions-dup-v1-normalized-mv,canary,8,Bool,YES,
clickhouse,normalized,ssp-impressions-dup-v1-normalized-mv,ad_format,9,String,YES,
clickhouse,normalized,ssp-impressions-dup-v1-normalized-mv,ad_markup,10,String,YES,
clickhouse,normalized,ssp-impressions-dup-v1-normalized-mv,track_type,11,String,YES,
clickhouse,normalized,ssp-impressions-dup-v1-normalized-mv,user_id,12,Int64,YES,
clickhouse,normalized,ssp-impressions-dup-v1-normalized-mv,endpoint,13,String,YES,
clickhouse,normalized,ssp-impressions-dup-v1-normalized-mv,endpoint_type,14,String,YES,
clickhouse,normalized,ssp-impressions-dup-v1-normalized-mv,mediation_connection,15,String,YES,
clickhouse,normalized,ssp-impressions-dup-v1-normalized-mv,adunit,16,String,YES,
clickhouse,normalized,ssp-impressions-dup-v1-normalized-mv,id_app,17,Int64,YES,
clickhouse,normalized,ssp-impressions-dup-v1-normalized-mv,id_size,18,Int64,YES,
clickhouse,normalized,ssp-impressions-dup-v1-normalized-mv,ad_size,19,String,YES,
clickhouse,normalized,ssp-impressions-dup-v1-normalized-mv,bundle,20,String,YES,
clickhouse,normalized,ssp-impressions-dup-v1-normalized-mv,bundle_numerico,21,Nullable(Int64),YES,
clickhouse,normalized,ssp-impressions-dup-v1-normalized-mv,channel,22,Nullable(String),YES,
clickhouse,normalized,ssp-impressions-dup-v1-normalized-mv,bundle_impression,23,Nullable(String),YES,
clickhouse,normalized,ssp-impressions-dup-v1-normalized-mv,inventory_type,24,String,YES,
clickhouse,normalized,ssp-impressions-dup-v1-normalized-mv,country,25,String,YES,
clickhouse,normalized,ssp-impressions-dup-v1-normalized-mv,network_id,26,Int64,YES,
clickhouse,normalized,ssp-impressions-dup-v1-normalized-mv,network_name,27,String,YES,
clickhouse,normalized,ssp-impressions-dup-v1-normalized-mv,network_key,28,String,YES,
clickhouse,normalized,ssp-impressions-dup-v1-normalized-mv,ip,29,String,YES,
clickhouse,normalized,ssp-impressions-dup-v1-normalized-mv,ipv6,30,String,YES,
clickhouse,normalized,ssp-impressions-dup-v1-normalized-mv,ip_impression,31,Nullable(String),YES,
clickhouse,normalized,ssp-impressions-dup-v1-normalized-mv,ua_request,32,String,YES,
clickhouse,normalized,ssp-impressions-dup-v1-normalized-mv,ua_impression,33,Nullable(String),YES,
clickhouse,normalized,ssp-impressions-dup-v1-normalized-mv,json_data,34,String,YES,
clickhouse,normalized,ssp-impressions-dup-v1-normalized-mv,json_device,35,String,YES,
clickhouse,normalized,ssp-impressions-dup-v1-normalized-mv,json_prices,36,String,YES,
clickhouse,normalized,ssp-impressions-dup-v1-normalized-mv,price_network_response_gross,37,Float32,YES,
clickhouse,normalized,ssp-impressions-dup-v1-normalized-mv,price_network_response_net,38,Float32,YES,
clickhouse,normalized,ssp-impressions-dup-v1-normalized-mv,price_publisher_response,39,Float32,YES,
clickhouse,normalized,ssp-impressions-dup-v1-normalized-mv,json_qa,40,String,YES,
clickhouse,normalized,ssp-impressions-dup-v1-normalized-mv,json_cache,41,String,YES,
clickhouse,normalized,ssp-impressions-dup-v1-normalized-mv,video_length,42,Nullable(Int64),YES,
clickhouse,normalized,ssp-impressions-dup-v1-normalized-mv,json_extra,43,String,YES,
clickhouse,normalized,ssp-impressions-dup-v1-normalized-mv,referer,44,Nullable(String),YES,
clickhouse,normalized,ssp-impressions-dup-v1-normalized-mv,hostname,45,String,YES,
clickhouse,normalized,ssp-impressions-dup-v1-normalized-mv,domain_pixel,46,String,YES,
clickhouse,normalized,ssp-impressions-dup-v1-normalized-mv,code_error,47,Nullable(String),YES,
clickhouse,normalized,ssp-impressions-dup-v1-normalized-mv,message_error,48,Nullable(String),YES,
clickhouse,normalized,ssp-impressions-dup-v1-normalized-mv,id_os,49,Int64,YES,
clickhouse,normalized,ssp-impressions-dup-v1-normalized-mv,ttl_tappx,50,Int64,YES,
clickhouse,normalized,ssp-impressions-dup-v1-normalized-mv,kafka_partition_id,51,Nullable(Int32),YES,
clickhouse,normalized,ssp-impressions-validated-v1-normalized,ts_request,1,DateTime64(3),YES,
clickhouse,normalized,ssp-impressions-validated-v1-normalized,ts_delivery_ad,2,DateTime64(3),YES,
clickhouse,normalized,ssp-impressions-validated-v1-normalized,ts_impression,3,Nullable(DateTime64(3)),YES,
clickhouse,normalized,ssp-impressions-validated-v1-normalized,ttl,4,Int64,YES,
clickhouse,normalized,ssp-impressions-validated-v1-normalized,id_request,5,Int64,YES,
clickhouse,normalized,ssp-impressions-validated-v1-normalized,subid_request,6,Nullable(Int64),YES,
clickhouse,normalized,ssp-impressions-validated-v1-normalized,datacenter,7,String,YES,PRI
clickhouse,normalized,ssp-impressions-validated-v1-normalized,canary,8,Bool,YES,
clickhouse,normalized,ssp-impressions-validated-v1-normalized,ad_format,9,String,YES,
clickhouse,normalized,ssp-impressions-validated-v1-normalized,ad_markup,10,String,YES,
clickhouse,normalized,ssp-impressions-validated-v1-normalized,track_type,11,String,YES,
clickhouse,normalized,ssp-impressions-validated-v1-normalized,user_id,12,Int64,YES,
clickhouse,normalized,ssp-impressions-validated-v1-normalized,endpoint,13,String,YES,
clickhouse,normalized,ssp-impressions-validated-v1-normalized,endpoint_type,14,String,YES,
clickhouse,normalized,ssp-impressions-validated-v1-normalized,mediation_connection,15,String,YES,
clickhouse,normalized,ssp-impressions-validated-v1-normalized,adunit,16,String,YES,
clickhouse,normalized,ssp-impressions-validated-v1-normalized,id_app,17,Int64,YES,
clickhouse,normalized,ssp-impressions-validated-v1-normalized,id_size,18,Int64,YES,
clickhouse,normalized,ssp-impressions-validated-v1-normalized,ad_size,19,String,YES,PRI
clickhouse,normalized,ssp-impressions-validated-v1-normalized,bundle,20,String,YES,
clickhouse,normalized,ssp-impressions-validated-v1-normalized,bundle_numerico,21,Nullable(Int64),YES,
clickhouse,normalized,ssp-impressions-validated-v1-normalized,channel,22,Nullable(String),YES,
clickhouse,normalized,ssp-impressions-validated-v1-normalized,bundle_impression,23,Nullable(String),YES,
clickhouse,normalized,ssp-impressions-validated-v1-normalized,inventory_type,24,String,YES,
clickhouse,normalized,ssp-impressions-validated-v1-normalized,country,25,String,YES,
clickhouse,normalized,ssp-impressions-validated-v1-normalized,network_id,26,Int64,YES,
clickhouse,normalized,ssp-impressions-validated-v1-normalized,network_name,27,String,YES,
clickhouse,normalized,ssp-impressions-validated-v1-normalized,network_key,28,String,YES,
clickhouse,normalized,ssp-impressions-validated-v1-normalized,ip,29,String,YES,
clickhouse,normalized,ssp-impressions-validated-v1-normalized,ipv6,30,String,YES,
clickhouse,normalized,ssp-impressions-validated-v1-normalized,ip_impression,31,Nullable(String),YES,
clickhouse,normalized,ssp-impressions-validated-v1-normalized,ua_request,32,String,YES,
clickhouse,normalized,ssp-impressions-validated-v1-normalized,ua_impression,33,Nullable(String),YES,
clickhouse,normalized,ssp-impressions-validated-v1-normalized,json_data,34,String,YES,
clickhouse,normalized,ssp-impressions-validated-v1-normalized,json_device,35,String,YES,
clickhouse,normalized,ssp-impressions-validated-v1-normalized,json_prices,36,String,YES,
clickhouse,normalized,ssp-impressions-validated-v1-normalized,price_network_response_gross,37,Float32,YES,
clickhouse,normalized,ssp-impressions-validated-v1-normalized,price_network_response_net,38,Float32,YES,
clickhouse,normalized,ssp-impressions-validated-v1-normalized,price_publisher_response,39,Float32,YES,
clickhouse,normalized,ssp-impressions-validated-v1-normalized,json_qa,40,String,YES,
clickhouse,normalized,ssp-impressions-validated-v1-normalized,json_cache,41,String,YES,
clickhouse,normalized,ssp-impressions-validated-v1-normalized,video_length,42,Nullable(Int64),YES,
clickhouse,normalized,ssp-impressions-validated-v1-normalized,json_extra,43,String,YES,
clickhouse,normalized,ssp-impressions-validated-v1-normalized,referer,44,Nullable(String),YES,
clickhouse,normalized,ssp-impressions-validated-v1-normalized,hostname,45,String,YES,
clickhouse,normalized,ssp-impressions-validated-v1-normalized,domain_pixel,46,String,YES,
clickhouse,normalized,ssp-impressions-validated-v1-normalized,code_error,47,Nullable(String),YES,
clickhouse,normalized,ssp-impressions-validated-v1-normalized,message_error,48,Nullable(String),YES,
clickhouse,normalized,ssp-impressions-validated-v1-normalized,id_os,49,Int64,YES,PRI
clickhouse,normalized,ssp-impressions-validated-v1-normalized,ttl_tappx,50,Int64,YES,
clickhouse,normalized,ssp-impressions-validated-v1-normalized,kafka_partition_id,51,Nullable(Int32),YES,
clickhouse,normalized,ssp-impressions-validated-v1-normalized-dist,ts_request,1,DateTime64(3),YES,
clickhouse,normalized,ssp-impressions-validated-v1-normalized-dist,ts_delivery_ad,2,DateTime64(3),YES,
clickhouse,normalized,ssp-impressions-validated-v1-normalized-dist,ts_impression,3,Nullable(DateTime64(3)),YES,
clickhouse,normalized,ssp-impressions-validated-v1-normalized-dist,ttl,4,Int64,YES,
clickhouse,normalized,ssp-impressions-validated-v1-normalized-dist,id_request,5,Int64,YES,
clickhouse,normalized,ssp-impressions-validated-v1-normalized-dist,subid_request,6,Nullable(Int64),YES,
clickhouse,normalized,ssp-impressions-validated-v1-normalized-dist,datacenter,7,String,YES,
clickhouse,normalized,ssp-impressions-validated-v1-normalized-dist,canary,8,Bool,YES,
clickhouse,normalized,ssp-impressions-validated-v1-normalized-dist,ad_format,9,String,YES,
clickhouse,normalized,ssp-impressions-validated-v1-normalized-dist,ad_markup,10,String,YES,
clickhouse,normalized,ssp-impressions-validated-v1-normalized-dist,track_type,11,String,YES,
clickhouse,normalized,ssp-impressions-validated-v1-normalized-dist,user_id,12,Int64,YES,
clickhouse,normalized,ssp-impressions-validated-v1-normalized-dist,endpoint,13,String,YES,
clickhouse,normalized,ssp-impressions-validated-v1-normalized-dist,endpoint_type,14,String,YES,
clickhouse,normalized,ssp-impressions-validated-v1-normalized-dist,mediation_connection,15,String,YES,
clickhouse,normalized,ssp-impressions-validated-v1-normalized-dist,adunit,16,String,YES,
clickhouse,normalized,ssp-impressions-validated-v1-normalized-dist,id_app,17,Int64,YES,
clickhouse,normalized,ssp-impressions-validated-v1-normalized-dist,id_size,18,Int64,YES,
clickhouse,normalized,ssp-impressions-validated-v1-normalized-dist,ad_size,19,String,YES,
clickhouse,normalized,ssp-impressions-validated-v1-normalized-dist,bundle,20,String,YES,
clickhouse,normalized,ssp-impressions-validated-v1-normalized-dist,bundle_numerico,21,Nullable(Int64),YES,
clickhouse,normalized,ssp-impressions-validated-v1-normalized-dist,channel,22,Nullable(String),YES,
clickhouse,normalized,ssp-impressions-validated-v1-normalized-dist,bundle_impression,23,Nullable(String),YES,
clickhouse,normalized,ssp-impressions-validated-v1-normalized-dist,inventory_type,24,String,YES,
clickhouse,normalized,ssp-impressions-validated-v1-normalized-dist,country,25,String,YES,
clickhouse,normalized,ssp-impressions-validated-v1-normalized-dist,network_id,26,Int64,YES,
clickhouse,normalized,ssp-impressions-validated-v1-normalized-dist,network_name,27,String,YES,
clickhouse,normalized,ssp-impressions-validated-v1-normalized-dist,network_key,28,String,YES,
clickhouse,normalized,ssp-impressions-validated-v1-normalized-dist,ip,29,String,YES,
clickhouse,normalized,ssp-impressions-validated-v1-normalized-dist,ipv6,30,String,YES,
clickhouse,normalized,ssp-impressions-validated-v1-normalized-dist,ip_impression,31,Nullable(String),YES,
clickhouse,normalized,ssp-impressions-validated-v1-normalized-dist,ua_request,32,String,YES,
clickhouse,normalized,ssp-impressions-validated-v1-normalized-dist,ua_impression,33,Nullable(String),YES,
clickhouse,normalized,ssp-impressions-validated-v1-normalized-dist,json_data,34,String,YES,
clickhouse,normalized,ssp-impressions-validated-v1-normalized-dist,json_device,35,String,YES,
clickhouse,normalized,ssp-impressions-validated-v1-normalized-dist,json_prices,36,String,YES,
clickhouse,normalized,ssp-impressions-validated-v1-normalized-dist,price_network_response_gross,37,Float32,YES,
clickhouse,normalized,ssp-impressions-validated-v1-normalized-dist,price_network_response_net,38,Float32,YES,
clickhouse,normalized,ssp-impressions-validated-v1-normalized-dist,price_publisher_response,39,Float32,YES,
clickhouse,normalized,ssp-impressions-validated-v1-normalized-dist,json_qa,40,String,YES,
clickhouse,normalized,ssp-impressions-validated-v1-normalized-dist,json_cache,41,String,YES,
clickhouse,normalized,ssp-impressions-validated-v1-normalized-dist,video_length,42,Nullable(Int64),YES,
clickhouse,normalized,ssp-impressions-validated-v1-normalized-dist,json_extra,43,String,YES,
clickhouse,normalized,ssp-impressions-validated-v1-normalized-dist,referer,44,Nullable(String),YES,
clickhouse,normalized,ssp-impressions-validated-v1-normalized-dist,hostname,45,String,YES,
clickhouse,normalized,ssp-impressions-validated-v1-normalized-dist,domain_pixel,46,String,YES,
clickhouse,normalized,ssp-impressions-validated-v1-normalized-dist,code_error,47,Nullable(String),YES,
clickhouse,normalized,ssp-impressions-validated-v1-normalized-dist,message_error,48,Nullable(String),YES,
clickhouse,normalized,ssp-impressions-validated-v1-normalized-dist,id_os,49,Int64,YES,
clickhouse,normalized,ssp-impressions-validated-v1-normalized-dist,ttl_tappx,50,Int64,YES,
clickhouse,normalized,ssp-impressions-validated-v1-normalized-dist,kafka_partition_id,51,Nullable(Int32),YES,
clickhouse,normalized,ssp-impressions-validated-v1-normalized-mv,ts_request,1,DateTime64(3),YES,
clickhouse,normalized,ssp-impressions-validated-v1-normalized-mv,ts_delivery_ad,2,DateTime64(3),YES,
clickhouse,normalized,ssp-impressions-validated-v1-normalized-mv,ts_impression,3,Nullable(DateTime64(3)),YES,
clickhouse,normalized,ssp-impressions-validated-v1-normalized-mv,ttl,4,Int64,YES,
clickhouse,normalized,ssp-impressions-validated-v1-normalized-mv,id_request,5,Int64,YES,
clickhouse,normalized,ssp-impressions-validated-v1-normalized-mv,subid_request,6,Nullable(Int64),YES,
clickhouse,normalized,ssp-impressions-validated-v1-normalized-mv,datacenter,7,String,YES,
clickhouse,normalized,ssp-impressions-validated-v1-normalized-mv,canary,8,Bool,YES,
clickhouse,normalized,ssp-impressions-validated-v1-normalized-mv,ad_format,9,String,YES,
clickhouse,normalized,ssp-impressions-validated-v1-normalized-mv,ad_markup,10,String,YES,
clickhouse,normalized,ssp-impressions-validated-v1-normalized-mv,track_type,11,String,YES,
clickhouse,normalized,ssp-impressions-validated-v1-normalized-mv,user_id,12,Int64,YES,
clickhouse,normalized,ssp-impressions-validated-v1-normalized-mv,endpoint,13,String,YES,
clickhouse,normalized,ssp-impressions-validated-v1-normalized-mv,endpoint_type,14,String,YES,
clickhouse,normalized,ssp-impressions-validated-v1-normalized-mv,mediation_connection,15,String,YES,
clickhouse,normalized,ssp-impressions-validated-v1-normalized-mv,adunit,16,String,YES,
clickhouse,normalized,ssp-impressions-validated-v1-normalized-mv,id_app,17,Int64,YES,
clickhouse,normalized,ssp-impressions-validated-v1-normalized-mv,id_size,18,Int64,YES,
clickhouse,normalized,ssp-impressions-validated-v1-normalized-mv,ad_size,19,String,YES,
clickhouse,normalized,ssp-impressions-validated-v1-normalized-mv,bundle,20,String,YES,
clickhouse,normalized,ssp-impressions-validated-v1-normalized-mv,bundle_numerico,21,Nullable(Int64),YES,
clickhouse,normalized,ssp-impressions-validated-v1-normalized-mv,channel,22,Nullable(String),YES,
clickhouse,normalized,ssp-impressions-validated-v1-normalized-mv,bundle_impression,23,Nullable(String),YES,
clickhouse,normalized,ssp-impressions-validated-v1-normalized-mv,inventory_type,24,String,YES,
clickhouse,normalized,ssp-impressions-validated-v1-normalized-mv,country,25,String,YES,
clickhouse,normalized,ssp-impressions-validated-v1-normalized-mv,network_id,26,Int64,YES,
clickhouse,normalized,ssp-impressions-validated-v1-normalized-mv,network_name,27,String,YES,
clickhouse,normalized,ssp-impressions-validated-v1-normalized-mv,network_key,28,String,YES,
clickhouse,normalized,ssp-impressions-validated-v1-normalized-mv,ip,29,String,YES,
clickhouse,normalized,ssp-impressions-validated-v1-normalized-mv,ipv6,30,String,YES,
clickhouse,normalized,ssp-impressions-validated-v1-normalized-mv,ip_impression,31,Nullable(String),YES,
clickhouse,normalized,ssp-impressions-validated-v1-normalized-mv,ua_request,32,String,YES,
clickhouse,normalized,ssp-impressions-validated-v1-normalized-mv,ua_impression,33,Nullable(String),YES,
clickhouse,normalized,ssp-impressions-validated-v1-normalized-mv,json_data,34,String,YES,
clickhouse,normalized,ssp-impressions-validated-v1-normalized-mv,json_device,35,String,YES,
clickhouse,normalized,ssp-impressions-validated-v1-normalized-mv,json_prices,36,String,YES,
clickhouse,normalized,ssp-impressions-validated-v1-normalized-mv,price_network_response_gross,37,Float32,YES,
clickhouse,normalized,ssp-impressions-validated-v1-normalized-mv,price_network_response_net,38,Float32,YES,
clickhouse,normalized,ssp-impressions-validated-v1-normalized-mv,price_publisher_response,39,Float32,YES,
clickhouse,normalized,ssp-impressions-validated-v1-normalized-mv,json_qa,40,String,YES,
clickhouse,normalized,ssp-impressions-validated-v1-normalized-mv,json_cache,41,String,YES,
clickhouse,normalized,ssp-impressions-validated-v1-normalized-mv,video_length,42,Nullable(Int64),YES,
clickhouse,normalized,ssp-impressions-validated-v1-normalized-mv,json_extra,43,String,YES,
clickhouse,normalized,ssp-impressions-validated-v1-normalized-mv,referer,44,Nullable(String),YES,
clickhouse,normalized,ssp-impressions-validated-v1-normalized-mv,hostname,45,String,YES,
clickhouse,normalized,ssp-impressions-validated-v1-normalized-mv,domain_pixel,46,String,YES,
clickhouse,normalized,ssp-impressions-validated-v1-normalized-mv,code_error,47,Nullable(String),YES,
clickhouse,normalized,ssp-impressions-validated-v1-normalized-mv,message_error,48,Nullable(String),YES,
clickhouse,normalized,ssp-impressions-validated-v1-normalized-mv,id_os,49,Int64,YES,
clickhouse,normalized,ssp-impressions-validated-v1-normalized-mv,ttl_tappx,50,Int64,YES,
clickhouse,normalized,ssp-impressions-validated-v1-normalized-mv,kafka_partition_id,51,Nullable(Int32),YES,
clickhouse,normalized,ssp-pub-deliveries-normalized,ts,1,DateTime64(3),YES,
clickhouse,normalized,ssp-pub-deliveries-normalized,id_req,2,Int64,YES,
clickhouse,normalized,ssp-pub-deliveries-normalized,country,3,String,YES,
clickhouse,normalized,ssp-pub-deliveries-normalized,device_id,4,Nullable(String),YES,
clickhouse,normalized,ssp-pub-deliveries-normalized,bundle,5,String,YES,
clickhouse,normalized,ssp-pub-deliveries-normalized,bundle_numerico,6,Nullable(Int64),YES,
clickhouse,normalized,ssp-pub-deliveries-normalized,channel,7,Nullable(String),YES,
clickhouse,normalized,ssp-pub-deliveries-normalized,id_os,8,Int64,YES,PRI
clickhouse,normalized,ssp-pub-deliveries-normalized,inventory_type,9,String,YES,
clickhouse,normalized,ssp-pub-deliveries-normalized,ad_size,10,String,YES,PRI
clickhouse,normalized,ssp-pub-deliveries-normalized,id_size,11,Int64,YES,
clickhouse,normalized,ssp-pub-deliveries-normalized,datacenter,12,String,YES,PRI
clickhouse,normalized,ssp-pub-deliveries-normalized,canary,13,Bool,YES,
clickhouse,normalized,ssp-pub-deliveries-normalized,id_user,14,Int64,YES,
clickhouse,normalized,ssp-pub-deliveries-normalized,id_app,15,Int64,YES,
clickhouse,normalized,ssp-pub-deliveries-normalized,adunit,16,String,YES,
clickhouse,normalized,ssp-pub-deliveries-normalized,endpoint,17,String,YES,
clickhouse,normalized,ssp-pub-deliveries-normalized,endpoint_type,18,String,YES,
clickhouse,normalized,ssp-pub-deliveries-normalized,mediation_connection,19,String,YES,
clickhouse,normalized,ssp-pub-deliveries-normalized,bytes_request,20,Nullable(Int64),YES,
clickhouse,normalized,ssp-pub-deliveries-normalized,bytes_ad,21,Nullable(Int64),YES,
clickhouse,normalized,ssp-pub-deliveries-normalized,count,22,Int64,YES,
clickhouse,normalized,ssp-pub-deliveries-normalized,subid_request,23,Nullable(Int64),YES,
clickhouse,normalized,ssp-pub-deliveries-normalized,ts_request,24,DateTime64(3),YES,
clickhouse,normalized,ssp-pub-deliveries-normalized,network_id,25,Int64,YES,
clickhouse,normalized,ssp-pub-deliveries-normalized,network_name,26,String,YES,
clickhouse,normalized,ssp-pub-deliveries-normalized,network_key,27,String,YES,
clickhouse,normalized,ssp-pub-deliveries-normalized,status_code,28,Int64,YES,
clickhouse,normalized,ssp-pub-deliveries-normalized,elapsed_time_network,29,Int64,YES,
clickhouse,normalized,ssp-pub-deliveries-normalized,elapsed_time_global,30,Nullable(Int64),YES,
clickhouse,normalized,ssp-pub-deliveries-normalized,from_cache,31,Bool,YES,
clickhouse,normalized,ssp-pub-deliveries-normalized,json_data,32,Nullable(String),YES,
clickhouse,normalized,ssp-pub-deliveries-normalized,json_prices,33,Nullable(String),YES,
clickhouse,normalized,ssp-pub-deliveries-normalized,json_qa,34,Nullable(String),YES,
clickhouse,normalized,ssp-pub-deliveries-normalized,json_cache,35,Nullable(String),YES,
clickhouse,normalized,ssp-pub-deliveries-normalized,kafka_partition_id,36,Nullable(Int32),YES,
clickhouse,normalized,ssp-pub-deliveries-normalized-dist,ts,1,DateTime64(3),YES,
clickhouse,normalized,ssp-pub-deliveries-normalized-dist,id_req,2,Int64,YES,
clickhouse,normalized,ssp-pub-deliveries-normalized-dist,country,3,String,YES,
clickhouse,normalized,ssp-pub-deliveries-normalized-dist,device_id,4,Nullable(String),YES,
clickhouse,normalized,ssp-pub-deliveries-normalized-dist,bundle,5,String,YES,
clickhouse,normalized,ssp-pub-deliveries-normalized-dist,bundle_numerico,6,Nullable(Int64),YES,
clickhouse,normalized,ssp-pub-deliveries-normalized-dist,channel,7,Nullable(String),YES,
clickhouse,normalized,ssp-pub-deliveries-normalized-dist,id_os,8,Int64,YES,
clickhouse,normalized,ssp-pub-deliveries-normalized-dist,inventory_type,9,String,YES,
clickhouse,normalized,ssp-pub-deliveries-normalized-dist,ad_size,10,String,YES,
clickhouse,normalized,ssp-pub-deliveries-normalized-dist,id_size,11,Int64,YES,
clickhouse,normalized,ssp-pub-deliveries-normalized-dist,datacenter,12,String,YES,
clickhouse,normalized,ssp-pub-deliveries-normalized-dist,canary,13,Bool,YES,
clickhouse,normalized,ssp-pub-deliveries-normalized-dist,id_user,14,Int64,YES,
clickhouse,normalized,ssp-pub-deliveries-normalized-dist,id_app,15,Int64,YES,
clickhouse,normalized,ssp-pub-deliveries-normalized-dist,adunit,16,String,YES,
clickhouse,normalized,ssp-pub-deliveries-normalized-dist,endpoint,17,String,YES,
clickhouse,normalized,ssp-pub-deliveries-normalized-dist,endpoint_type,18,String,YES,
clickhouse,normalized,ssp-pub-deliveries-normalized-dist,mediation_connection,19,String,YES,
clickhouse,normalized,ssp-pub-deliveries-normalized-dist,bytes_request,20,Nullable(Int64),YES,
clickhouse,normalized,ssp-pub-deliveries-normalized-dist,bytes_ad,21,Nullable(Int64),YES,
clickhouse,normalized,ssp-pub-deliveries-normalized-dist,count,22,Int64,YES,
clickhouse,normalized,ssp-pub-deliveries-normalized-dist,subid_request,23,Nullable(Int64),YES,
clickhouse,normalized,ssp-pub-deliveries-normalized-dist,ts_request,24,DateTime64(3),YES,
clickhouse,normalized,ssp-pub-deliveries-normalized-dist,network_id,25,Int64,YES,
clickhouse,normalized,ssp-pub-deliveries-normalized-dist,network_name,26,String,YES,
clickhouse,normalized,ssp-pub-deliveries-normalized-dist,network_key,27,String,YES,
clickhouse,normalized,ssp-pub-deliveries-normalized-dist,status_code,28,Int64,YES,
clickhouse,normalized,ssp-pub-deliveries-normalized-dist,elapsed_time_network,29,Int64,YES,
clickhouse,normalized,ssp-pub-deliveries-normalized-dist,elapsed_time_global,30,Nullable(Int64),YES,
clickhouse,normalized,ssp-pub-deliveries-normalized-dist,from_cache,31,Bool,YES,
clickhouse,normalized,ssp-pub-deliveries-normalized-dist,json_data,32,Nullable(String),YES,
clickhouse,normalized,ssp-pub-deliveries-normalized-dist,json_prices,33,Nullable(String),YES,
clickhouse,normalized,ssp-pub-deliveries-normalized-dist,json_qa,34,Nullable(String),YES,
clickhouse,normalized,ssp-pub-deliveries-normalized-dist,json_cache,35,Nullable(String),YES,
clickhouse,normalized,ssp-pub-deliveries-normalized-dist,kafka_partition_id,36,Nullable(Int32),YES,
clickhouse,normalized,ssp-pub-deliveries-normalized-mv,ts,1,DateTime64(3),YES,
clickhouse,normalized,ssp-pub-deliveries-normalized-mv,id_req,2,Int64,YES,
clickhouse,normalized,ssp-pub-deliveries-normalized-mv,country,3,String,YES,
clickhouse,normalized,ssp-pub-deliveries-normalized-mv,device_id,4,Nullable(String),YES,
clickhouse,normalized,ssp-pub-deliveries-normalized-mv,bundle,5,String,YES,
clickhouse,normalized,ssp-pub-deliveries-normalized-mv,bundle_numerico,6,Nullable(Int64),YES,
clickhouse,normalized,ssp-pub-deliveries-normalized-mv,channel,7,Nullable(String),YES,
clickhouse,normalized,ssp-pub-deliveries-normalized-mv,id_os,8,Int64,YES,
clickhouse,normalized,ssp-pub-deliveries-normalized-mv,inventory_type,9,String,YES,
clickhouse,normalized,ssp-pub-deliveries-normalized-mv,ad_size,10,String,YES,
clickhouse,normalized,ssp-pub-deliveries-normalized-mv,id_size,11,Int64,YES,
clickhouse,normalized,ssp-pub-deliveries-normalized-mv,datacenter,12,String,YES,
clickhouse,normalized,ssp-pub-deliveries-normalized-mv,canary,13,Bool,YES,
clickhouse,normalized,ssp-pub-deliveries-normalized-mv,id_user,14,Int64,YES,
clickhouse,normalized,ssp-pub-deliveries-normalized-mv,id_app,15,Int64,YES,
clickhouse,normalized,ssp-pub-deliveries-normalized-mv,adunit,16,String,YES,
clickhouse,normalized,ssp-pub-deliveries-normalized-mv,endpoint,17,String,YES,
clickhouse,normalized,ssp-pub-deliveries-normalized-mv,endpoint_type,18,String,YES,
clickhouse,normalized,ssp-pub-deliveries-normalized-mv,mediation_connection,19,String,YES,
clickhouse,normalized,ssp-pub-deliveries-normalized-mv,bytes_request,20,Nullable(Int64),YES,
clickhouse,normalized,ssp-pub-deliveries-normalized-mv,bytes_ad,21,Nullable(Int64),YES,
clickhouse,normalized,ssp-pub-deliveries-normalized-mv,count,22,Int64,YES,
clickhouse,normalized,ssp-pub-deliveries-normalized-mv,subid_request,23,Nullable(Int64),YES,
clickhouse,normalized,ssp-pub-deliveries-normalized-mv,ts_request,24,DateTime64(3),YES,
clickhouse,normalized,ssp-pub-deliveries-normalized-mv,network_id,25,Int64,YES,
clickhouse,normalized,ssp-pub-deliveries-normalized-mv,network_name,26,String,YES,
clickhouse,normalized,ssp-pub-deliveries-normalized-mv,network_key,27,String,YES,
clickhouse,normalized,ssp-pub-deliveries-normalized-mv,status_code,28,Int64,YES,
clickhouse,normalized,ssp-pub-deliveries-normalized-mv,elapsed_time_network,29,Int64,YES,
clickhouse,normalized,ssp-pub-deliveries-normalized-mv,elapsed_time_global,30,Nullable(Int64),YES,
clickhouse,normalized,ssp-pub-deliveries-normalized-mv,from_cache,31,Bool,YES,
clickhouse,normalized,ssp-pub-deliveries-normalized-mv,json_data,32,Nullable(String),YES,
clickhouse,normalized,ssp-pub-deliveries-normalized-mv,json_prices,33,Nullable(String),YES,
clickhouse,normalized,ssp-pub-deliveries-normalized-mv,json_qa,34,Nullable(String),YES,
clickhouse,normalized,ssp-pub-deliveries-normalized-mv,json_cache,35,Nullable(String),YES,
clickhouse,normalized,ssp-pub-requests-aggregate-normalized,date,1,String,YES,PRI
clickhouse,normalized,ssp-pub-requests-aggregate-normalized,hour,2,Int64,YES,PRI
clickhouse,normalized,ssp-pub-requests-aggregate-normalized,minute,3,Int64,YES,PRI
clickhouse,normalized,ssp-pub-requests-aggregate-normalized,datacenter,4,String,YES,PRI
clickhouse,normalized,ssp-pub-requests-aggregate-normalized,canary,5,Bool,YES,
clickhouse,normalized,ssp-pub-requests-aggregate-normalized,endpoint,6,String,YES,
clickhouse,normalized,ssp-pub-requests-aggregate-normalized,endpoint_type,7,String,YES,
clickhouse,normalized,ssp-pub-requests-aggregate-normalized,mediation_connection,8,String,YES,
clickhouse,normalized,ssp-pub-requests-aggregate-normalized,id_user,9,Int64,YES,
clickhouse,normalized,ssp-pub-requests-aggregate-normalized,adunit,10,String,YES,
clickhouse,normalized,ssp-pub-requests-aggregate-normalized,id_app,11,Int64,YES,
clickhouse,normalized,ssp-pub-requests-aggregate-normalized,bundle,12,String,YES,
clickhouse,normalized,ssp-pub-requests-aggregate-normalized,bundle_numerico,13,Nullable(Int64),YES,
clickhouse,normalized,ssp-pub-requests-aggregate-normalized,channel,14,Nullable(String),YES,
clickhouse,normalized,ssp-pub-requests-aggregate-normalized,id_os,15,Int64,YES,PRI
clickhouse,normalized,ssp-pub-requests-aggregate-normalized,inventory_type,16,String,YES,
clickhouse,normalized,ssp-pub-requests-aggregate-normalized,country,17,String,YES,
clickhouse,normalized,ssp-pub-requests-aggregate-normalized,id_size,18,Int64,YES,
clickhouse,normalized,ssp-pub-requests-aggregate-normalized,ad_size,19,String,YES,PRI
clickhouse,normalized,ssp-pub-requests-aggregate-normalized,json_data,20,String,YES,
clickhouse,normalized,ssp-pub-requests-aggregate-normalized,requests_accepted,21,Int64,YES,
clickhouse,normalized,ssp-pub-requests-aggregate-normalized,requests_rejected,22,Int64,YES,
clickhouse,normalized,ssp-pub-requests-aggregate-normalized,requests_bad,23,Int64,YES,
clickhouse,normalized,ssp-pub-requests-aggregate-normalized,requests_test,24,Int64,YES,
clickhouse,normalized,ssp-pub-requests-aggregate-normalized,sum_price_user_in_requests,25,Nullable(Float32),YES,
clickhouse,normalized,ssp-pub-requests-aggregate-normalized,sum_price_user_dash_requests,26,Nullable(Float32),YES,
clickhouse,normalized,ssp-pub-requests-aggregate-normalized,max_price_user_requests,27,Nullable(Float32),YES,
clickhouse,normalized,ssp-pub-requests-aggregate-normalized,min_price_user_requests,28,Nullable(Float32),YES,
clickhouse,normalized,ssp-pub-requests-aggregate-normalized,sum_bytes_publisher_requests,29,Int64,YES,
clickhouse,normalized,ssp-pub-requests-aggregate-normalized,kafka_partition_id,30,Nullable(Int32),YES,
clickhouse,normalized,ssp-pub-requests-aggregate-normalized-dist,date,1,String,YES,
clickhouse,normalized,ssp-pub-requests-aggregate-normalized-dist,hour,2,Int64,YES,
clickhouse,normalized,ssp-pub-requests-aggregate-normalized-dist,minute,3,Int64,YES,
clickhouse,normalized,ssp-pub-requests-aggregate-normalized-dist,datacenter,4,String,YES,
clickhouse,normalized,ssp-pub-requests-aggregate-normalized-dist,canary,5,Bool,YES,
clickhouse,normalized,ssp-pub-requests-aggregate-normalized-dist,endpoint,6,String,YES,
clickhouse,normalized,ssp-pub-requests-aggregate-normalized-dist,endpoint_type,7,String,YES,
clickhouse,normalized,ssp-pub-requests-aggregate-normalized-dist,mediation_connection,8,String,YES,
clickhouse,normalized,ssp-pub-requests-aggregate-normalized-dist,id_user,9,Int64,YES,
clickhouse,normalized,ssp-pub-requests-aggregate-normalized-dist,adunit,10,String,YES,
clickhouse,normalized,ssp-pub-requests-aggregate-normalized-dist,id_app,11,Int64,YES,
clickhouse,normalized,ssp-pub-requests-aggregate-normalized-dist,bundle,12,String,YES,
clickhouse,normalized,ssp-pub-requests-aggregate-normalized-dist,bundle_numerico,13,Nullable(Int64),YES,
clickhouse,normalized,ssp-pub-requests-aggregate-normalized-dist,channel,14,Nullable(String),YES,
clickhouse,normalized,ssp-pub-requests-aggregate-normalized-dist,id_os,15,Int64,YES,
clickhouse,normalized,ssp-pub-requests-aggregate-normalized-dist,inventory_type,16,String,YES,
clickhouse,normalized,ssp-pub-requests-aggregate-normalized-dist,country,17,String,YES,
clickhouse,normalized,ssp-pub-requests-aggregate-normalized-dist,id_size,18,Int64,YES,
clickhouse,normalized,ssp-pub-requests-aggregate-normalized-dist,ad_size,19,String,YES,
clickhouse,normalized,ssp-pub-requests-aggregate-normalized-dist,json_data,20,String,YES,
clickhouse,normalized,ssp-pub-requests-aggregate-normalized-dist,requests_accepted,21,Int64,YES,
clickhouse,normalized,ssp-pub-requests-aggregate-normalized-dist,requests_rejected,22,Int64,YES,
clickhouse,normalized,ssp-pub-requests-aggregate-normalized-dist,requests_bad,23,Int64,YES,
clickhouse,normalized,ssp-pub-requests-aggregate-normalized-dist,requests_test,24,Int64,YES,
clickhouse,normalized,ssp-pub-requests-aggregate-normalized-dist,sum_price_user_in_requests,25,Nullable(Float32),YES,
clickhouse,normalized,ssp-pub-requests-aggregate-normalized-dist,sum_price_user_dash_requests,26,Nullable(Float32),YES,
clickhouse,normalized,ssp-pub-requests-aggregate-normalized-dist,max_price_user_requests,27,Nullable(Float32),YES,
clickhouse,normalized,ssp-pub-requests-aggregate-normalized-dist,min_price_user_requests,28,Nullable(Float32),YES,
clickhouse,normalized,ssp-pub-requests-aggregate-normalized-dist,sum_bytes_publisher_requests,29,Int64,YES,
clickhouse,normalized,ssp-pub-requests-aggregate-normalized-dist,kafka_partition_id,30,Nullable(Int32),YES,
clickhouse,normalized,ssp-pub-requests-aggregate-normalized-mv,date,1,String,YES,
clickhouse,normalized,ssp-pub-requests-aggregate-normalized-mv,hour,2,Int64,YES,
clickhouse,normalized,ssp-pub-requests-aggregate-normalized-mv,minute,3,Int64,YES,
clickhouse,normalized,ssp-pub-requests-aggregate-normalized-mv,datacenter,4,String,YES,
clickhouse,normalized,ssp-pub-requests-aggregate-normalized-mv,canary,5,Bool,YES,
clickhouse,normalized,ssp-pub-requests-aggregate-normalized-mv,endpoint,6,String,YES,
clickhouse,normalized,ssp-pub-requests-aggregate-normalized-mv,endpoint_type,7,String,YES,
clickhouse,normalized,ssp-pub-requests-aggregate-normalized-mv,mediation_connection,8,String,YES,
clickhouse,normalized,ssp-pub-requests-aggregate-normalized-mv,id_user,9,Int64,YES,
clickhouse,normalized,ssp-pub-requests-aggregate-normalized-mv,adunit,10,String,YES,
clickhouse,normalized,ssp-pub-requests-aggregate-normalized-mv,id_app,11,Int64,YES,
clickhouse,normalized,ssp-pub-requests-aggregate-normalized-mv,bundle,12,String,YES,
clickhouse,normalized,ssp-pub-requests-aggregate-normalized-mv,bundle_numerico,13,Nullable(Int64),YES,
clickhouse,normalized,ssp-pub-requests-aggregate-normalized-mv,channel,14,Nullable(String),YES,
clickhouse,normalized,ssp-pub-requests-aggregate-normalized-mv,id_os,15,Int64,YES,
clickhouse,normalized,ssp-pub-requests-aggregate-normalized-mv,inventory_type,16,String,YES,
clickhouse,normalized,ssp-pub-requests-aggregate-normalized-mv,country,17,String,YES,
clickhouse,normalized,ssp-pub-requests-aggregate-normalized-mv,id_size,18,Int64,YES,
clickhouse,normalized,ssp-pub-requests-aggregate-normalized-mv,ad_size,19,String,YES,
clickhouse,normalized,ssp-pub-requests-aggregate-normalized-mv,json_data,20,String,YES,
clickhouse,normalized,ssp-pub-requests-aggregate-normalized-mv,requests_accepted,21,Int64,YES,
clickhouse,normalized,ssp-pub-requests-aggregate-normalized-mv,requests_rejected,22,Int64,YES,
clickhouse,normalized,ssp-pub-requests-aggregate-normalized-mv,requests_bad,23,Int64,YES,
clickhouse,normalized,ssp-pub-requests-aggregate-normalized-mv,requests_test,24,Int64,YES,
clickhouse,normalized,ssp-pub-requests-aggregate-normalized-mv,sum_price_user_in_requests,25,Nullable(Float32),YES,
clickhouse,normalized,ssp-pub-requests-aggregate-normalized-mv,sum_price_user_dash_requests,26,Nullable(Float32),YES,
clickhouse,normalized,ssp-pub-requests-aggregate-normalized-mv,max_price_user_requests,27,Nullable(Float32),YES,
clickhouse,normalized,ssp-pub-requests-aggregate-normalized-mv,min_price_user_requests,28,Nullable(Float32),YES,
clickhouse,normalized,ssp-pub-requests-aggregate-normalized-mv,sum_bytes_publisher_requests,29,Int64,YES,
clickhouse,normalized,ssp-pub-requests-normalized,ts,1,DateTime64(3),YES,
clickhouse,normalized,ssp-pub-requests-normalized,id_req,2,Int64,YES,
clickhouse,normalized,ssp-pub-requests-normalized,country,3,Nullable(String),YES,
clickhouse,normalized,ssp-pub-requests-normalized,device_id,4,Nullable(String),YES,
clickhouse,normalized,ssp-pub-requests-normalized,bundle,5,Nullable(String),YES,
clickhouse,normalized,ssp-pub-requests-normalized,bundle_numerico,6,Nullable(Int64),YES,
clickhouse,normalized,ssp-pub-requests-normalized,channel,7,Nullable(String),YES,
clickhouse,normalized,ssp-pub-requests-normalized,id_os,8,Nullable(Int64),YES,PRI
clickhouse,normalized,ssp-pub-requests-normalized,inventory_type,9,String,YES,
clickhouse,normalized,ssp-pub-requests-normalized,ad_size,10,Nullable(String),YES,PRI
clickhouse,normalized,ssp-pub-requests-normalized,id_size,11,Nullable(Int64),YES,
clickhouse,normalized,ssp-pub-requests-normalized,datacenter,12,String,YES,PRI
clickhouse,normalized,ssp-pub-requests-normalized,canary,13,Bool,YES,
clickhouse,normalized,ssp-pub-requests-normalized,id_user,14,Nullable(Int64),YES,
clickhouse,normalized,ssp-pub-requests-normalized,id_app,15,Nullable(Int64),YES,
clickhouse,normalized,ssp-pub-requests-normalized,adunit,16,Nullable(String),YES,
clickhouse,normalized,ssp-pub-requests-normalized,endpoint,17,Nullable(String),YES,
clickhouse,normalized,ssp-pub-requests-normalized,endpoint_type,18,Nullable(String),YES,
clickhouse,normalized,ssp-pub-requests-normalized,mediation_connection,19,Nullable(String),YES,
clickhouse,normalized,ssp-pub-requests-normalized,bytes_request,20,Nullable(Int64),YES,
clickhouse,normalized,ssp-pub-requests-normalized,bytes_ad,21,Nullable(Int64),YES,
clickhouse,normalized,ssp-pub-requests-normalized,count,22,Int64,YES,
clickhouse,normalized,ssp-pub-requests-normalized,json_data,23,Nullable(String),YES,
clickhouse,normalized,ssp-pub-requests-normalized,json_prices,24,Nullable(String),YES,
clickhouse,normalized,ssp-pub-requests-normalized,ts_request,25,DateTime64(3),YES,
clickhouse,normalized,ssp-pub-requests-normalized,status_code,26,Int64,YES,
clickhouse,normalized,ssp-pub-requests-normalized,kafka_partition_id,27,Nullable(Int32),YES,
clickhouse,normalized,ssp-pub-requests-normalized-dist,ts,1,DateTime64(3),YES,
clickhouse,normalized,ssp-pub-requests-normalized-dist,id_req,2,Int64,YES,
clickhouse,normalized,ssp-pub-requests-normalized-dist,country,3,Nullable(String),YES,
clickhouse,normalized,ssp-pub-requests-normalized-dist,device_id,4,Nullable(String),YES,
clickhouse,normalized,ssp-pub-requests-normalized-dist,bundle,5,Nullable(String),YES,
clickhouse,normalized,ssp-pub-requests-normalized-dist,bundle_numerico,6,Nullable(Int64),YES,
clickhouse,normalized,ssp-pub-requests-normalized-dist,channel,7,Nullable(String),YES,
clickhouse,normalized,ssp-pub-requests-normalized-dist,id_os,8,Nullable(Int64),YES,
clickhouse,normalized,ssp-pub-requests-normalized-dist,inventory_type,9,String,YES,
clickhouse,normalized,ssp-pub-requests-normalized-dist,ad_size,10,Nullable(String),YES,
clickhouse,normalized,ssp-pub-requests-normalized-dist,id_size,11,Nullable(Int64),YES,
clickhouse,normalized,ssp-pub-requests-normalized-dist,datacenter,12,String,YES,
clickhouse,normalized,ssp-pub-requests-normalized-dist,canary,13,Bool,YES,
clickhouse,normalized,ssp-pub-requests-normalized-dist,id_user,14,Nullable(Int64),YES,
clickhouse,normalized,ssp-pub-requests-normalized-dist,id_app,15,Nullable(Int64),YES,
clickhouse,normalized,ssp-pub-requests-normalized-dist,adunit,16,Nullable(String),YES,
clickhouse,normalized,ssp-pub-requests-normalized-dist,endpoint,17,Nullable(String),YES,
clickhouse,normalized,ssp-pub-requests-normalized-dist,endpoint_type,18,Nullable(String),YES,
clickhouse,normalized,ssp-pub-requests-normalized-dist,mediation_connection,19,Nullable(String),YES,
clickhouse,normalized,ssp-pub-requests-normalized-dist,bytes_request,20,Nullable(Int64),YES,
clickhouse,normalized,ssp-pub-requests-normalized-dist,bytes_ad,21,Nullable(Int64),YES,
clickhouse,normalized,ssp-pub-requests-normalized-dist,count,22,Int64,YES,
clickhouse,normalized,ssp-pub-requests-normalized-dist,json_data,23,Nullable(String),YES,
clickhouse,normalized,ssp-pub-requests-normalized-dist,json_prices,24,Nullable(String),YES,
clickhouse,normalized,ssp-pub-requests-normalized-dist,ts_request,25,DateTime64(3),YES,
clickhouse,normalized,ssp-pub-requests-normalized-dist,status_code,26,Int64,YES,
clickhouse,normalized,ssp-pub-requests-normalized-dist,kafka_partition_id,27,Nullable(Int32),YES,
clickhouse,normalized,ssp-pub-requests-normalized-mv,ts,1,DateTime64(3),YES,
clickhouse,normalized,ssp-pub-requests-normalized-mv,id_req,2,Int64,YES,
clickhouse,normalized,ssp-pub-requests-normalized-mv,country,3,Nullable(String),YES,
clickhouse,normalized,ssp-pub-requests-normalized-mv,device_id,4,Nullable(String),YES,
clickhouse,normalized,ssp-pub-requests-normalized-mv,bundle,5,Nullable(String),YES,
clickhouse,normalized,ssp-pub-requests-normalized-mv,bundle_numerico,6,Nullable(Int64),YES,
clickhouse,normalized,ssp-pub-requests-normalized-mv,channel,7,Nullable(String),YES,
clickhouse,normalized,ssp-pub-requests-normalized-mv,id_os,8,Nullable(Int64),YES,
clickhouse,normalized,ssp-pub-requests-normalized-mv,inventory_type,9,String,YES,
clickhouse,normalized,ssp-pub-requests-normalized-mv,ad_size,10,Nullable(String),YES,
clickhouse,normalized,ssp-pub-requests-normalized-mv,id_size,11,Nullable(Int64),YES,
clickhouse,normalized,ssp-pub-requests-normalized-mv,datacenter,12,String,YES,
clickhouse,normalized,ssp-pub-requests-normalized-mv,canary,13,Bool,YES,
clickhouse,normalized,ssp-pub-requests-normalized-mv,id_user,14,Nullable(Int64),YES,
clickhouse,normalized,ssp-pub-requests-normalized-mv,id_app,15,Nullable(Int64),YES,
clickhouse,normalized,ssp-pub-requests-normalized-mv,adunit,16,Nullable(String),YES,
clickhouse,normalized,ssp-pub-requests-normalized-mv,endpoint,17,Nullable(String),YES,
clickhouse,normalized,ssp-pub-requests-normalized-mv,endpoint_type,18,Nullable(String),YES,
clickhouse,normalized,ssp-pub-requests-normalized-mv,mediation_connection,19,Nullable(String),YES,
clickhouse,normalized,ssp-pub-requests-normalized-mv,bytes_request,20,Nullable(Int64),YES,
clickhouse,normalized,ssp-pub-requests-normalized-mv,bytes_ad,21,Nullable(Int64),YES,
clickhouse,normalized,ssp-pub-requests-normalized-mv,count,22,Int64,YES,
clickhouse,normalized,ssp-pub-requests-normalized-mv,json_data,23,Nullable(String),YES,
clickhouse,normalized,ssp-pub-requests-normalized-mv,json_prices,24,Nullable(String),YES,
clickhouse,normalized,ssp-pub-requests-normalized-mv,ts_request,25,DateTime64(3),YES,
clickhouse,normalized,ssp-pub-requests-normalized-mv,status_code,26,Int64,YES,
clickhouse,normalized,ssp-pub-requests-normalized-mv,kafka_partition_id,27,Nullable(Int32),YES,
clickhouse,normalized,ssp-vast-errors-normalized,ts_request,1,DateTime64(3),YES,
clickhouse,normalized,ssp-vast-errors-normalized,ts_delivery_ad,2,DateTime64(3),YES,
clickhouse,normalized,ssp-vast-errors-normalized,ts_impression,3,Nullable(DateTime64(3)),YES,
clickhouse,normalized,ssp-vast-errors-normalized,ttl,4,Int64,YES,
clickhouse,normalized,ssp-vast-errors-normalized,id_request,5,Int64,YES,
clickhouse,normalized,ssp-vast-errors-normalized,code,6,Nullable(String),YES,
clickhouse,normalized,ssp-vast-errors-normalized,subid_request,7,Nullable(Int64),YES,
clickhouse,normalized,ssp-vast-errors-normalized,datacenter,8,String,YES,PRI
clickhouse,normalized,ssp-vast-errors-normalized,canary,9,Bool,YES,
clickhouse,normalized,ssp-vast-errors-normalized,ad_format,10,String,YES,
clickhouse,normalized,ssp-vast-errors-normalized,ad_markup,11,String,YES,
clickhouse,normalized,ssp-vast-errors-normalized,track_type,12,String,YES,
clickhouse,normalized,ssp-vast-errors-normalized,user_id,13,Int64,YES,
clickhouse,normalized,ssp-vast-errors-normalized,endpoint,14,String,YES,
clickhouse,normalized,ssp-vast-errors-normalized,endpoint_type,15,String,YES,
clickhouse,normalized,ssp-vast-errors-normalized,mediation_connection,16,String,YES,
clickhouse,normalized,ssp-vast-errors-normalized,adunit,17,String,YES,
clickhouse,normalized,ssp-vast-errors-normalized,id_app,18,Int64,YES,
clickhouse,normalized,ssp-vast-errors-normalized,id_size,19,Int64,YES,
clickhouse,normalized,ssp-vast-errors-normalized,ad_size,20,String,YES,PRI
clickhouse,normalized,ssp-vast-errors-normalized,bundle,21,String,YES,
clickhouse,normalized,ssp-vast-errors-normalized,bundle_numerico,22,Nullable(Int64),YES,
clickhouse,normalized,ssp-vast-errors-normalized,channel,23,Nullable(String),YES,
clickhouse,normalized,ssp-vast-errors-normalized,bundle_impression,24,Nullable(String),YES,
clickhouse,normalized,ssp-vast-errors-normalized,inventory_type,25,String,YES,
clickhouse,normalized,ssp-vast-errors-normalized,country,26,String,YES,
clickhouse,normalized,ssp-vast-errors-normalized,network_id,27,Int64,YES,
clickhouse,normalized,ssp-vast-errors-normalized,network_name,28,String,YES,
clickhouse,normalized,ssp-vast-errors-normalized,network_key,29,String,YES,
clickhouse,normalized,ssp-vast-errors-normalized,ip,30,String,YES,
clickhouse,normalized,ssp-vast-errors-normalized,ipv6,31,String,YES,
clickhouse,normalized,ssp-vast-errors-normalized,ip_impression,32,Nullable(String),YES,
clickhouse,normalized,ssp-vast-errors-normalized,ua_request,33,String,YES,
clickhouse,normalized,ssp-vast-errors-normalized,ua_impression,34,Nullable(String),YES,
clickhouse,normalized,ssp-vast-errors-normalized,json_data,35,String,YES,
clickhouse,normalized,ssp-vast-errors-normalized,json_device,36,String,YES,
clickhouse,normalized,ssp-vast-errors-normalized,json_prices,37,String,YES,
clickhouse,normalized,ssp-vast-errors-normalized,price_network_response_gross,38,Float32,YES,
clickhouse,normalized,ssp-vast-errors-normalized,price_network_response_net,39,Float32,YES,
clickhouse,normalized,ssp-vast-errors-normalized,price_publisher_response,40,Float32,YES,
clickhouse,normalized,ssp-vast-errors-normalized,json_qa,41,String,YES,
clickhouse,normalized,ssp-vast-errors-normalized,json_cache,42,String,YES,
clickhouse,normalized,ssp-vast-errors-normalized,video_length,43,Nullable(Int64),YES,
clickhouse,normalized,ssp-vast-errors-normalized,json_extra,44,String,YES,
clickhouse,normalized,ssp-vast-errors-normalized,referer,45,Nullable(String),YES,
clickhouse,normalized,ssp-vast-errors-normalized,hostname,46,String,YES,
clickhouse,normalized,ssp-vast-errors-normalized,domain_pixel,47,String,YES,
clickhouse,normalized,ssp-vast-errors-normalized,code_error,48,Nullable(String),YES,
clickhouse,normalized,ssp-vast-errors-normalized,message_error,49,Nullable(String),YES,
clickhouse,normalized,ssp-vast-errors-normalized,id_os,50,Int64,YES,PRI
clickhouse,normalized,ssp-vast-errors-normalized,ttl_tappx,51,Int64,YES,
clickhouse,normalized,ssp-vast-errors-normalized,kafka_partition_id,52,Nullable(Int32),YES,
clickhouse,normalized,ssp-vast-errors-normalized-dist,ts_request,1,DateTime64(3),YES,
clickhouse,normalized,ssp-vast-errors-normalized-dist,ts_delivery_ad,2,DateTime64(3),YES,
clickhouse,normalized,ssp-vast-errors-normalized-dist,ts_impression,3,Nullable(DateTime64(3)),YES,
clickhouse,normalized,ssp-vast-errors-normalized-dist,ttl,4,Int64,YES,
clickhouse,normalized,ssp-vast-errors-normalized-dist,id_request,5,Int64,YES,
clickhouse,normalized,ssp-vast-errors-normalized-dist,code,6,Nullable(String),YES,
clickhouse,normalized,ssp-vast-errors-normalized-dist,subid_request,7,Nullable(Int64),YES,
clickhouse,normalized,ssp-vast-errors-normalized-dist,datacenter,8,String,YES,
clickhouse,normalized,ssp-vast-errors-normalized-dist,canary,9,Bool,YES,
clickhouse,normalized,ssp-vast-errors-normalized-dist,ad_format,10,String,YES,
clickhouse,normalized,ssp-vast-errors-normalized-dist,ad_markup,11,String,YES,
clickhouse,normalized,ssp-vast-errors-normalized-dist,track_type,12,String,YES,
clickhouse,normalized,ssp-vast-errors-normalized-dist,user_id,13,Int64,YES,
clickhouse,normalized,ssp-vast-errors-normalized-dist,endpoint,14,String,YES,
clickhouse,normalized,ssp-vast-errors-normalized-dist,endpoint_type,15,String,YES,
clickhouse,normalized,ssp-vast-errors-normalized-dist,mediation_connection,16,String,YES,
clickhouse,normalized,ssp-vast-errors-normalized-dist,adunit,17,String,YES,
clickhouse,normalized,ssp-vast-errors-normalized-dist,id_app,18,Int64,YES,
clickhouse,normalized,ssp-vast-errors-normalized-dist,id_size,19,Int64,YES,
clickhouse,normalized,ssp-vast-errors-normalized-dist,ad_size,20,String,YES,
clickhouse,normalized,ssp-vast-errors-normalized-dist,bundle,21,String,YES,
clickhouse,normalized,ssp-vast-errors-normalized-dist,bundle_numerico,22,Nullable(Int64),YES,
clickhouse,normalized,ssp-vast-errors-normalized-dist,channel,23,Nullable(String),YES,
clickhouse,normalized,ssp-vast-errors-normalized-dist,bundle_impression,24,Nullable(String),YES,
clickhouse,normalized,ssp-vast-errors-normalized-dist,inventory_type,25,String,YES,
clickhouse,normalized,ssp-vast-errors-normalized-dist,country,26,String,YES,
clickhouse,normalized,ssp-vast-errors-normalized-dist,network_id,27,Int64,YES,
clickhouse,normalized,ssp-vast-errors-normalized-dist,network_name,28,String,YES,
clickhouse,normalized,ssp-vast-errors-normalized-dist,network_key,29,String,YES,
clickhouse,normalized,ssp-vast-errors-normalized-dist,ip,30,String,YES,
clickhouse,normalized,ssp-vast-errors-normalized-dist,ipv6,31,String,YES,
clickhouse,normalized,ssp-vast-errors-normalized-dist,ip_impression,32,Nullable(String),YES,
clickhouse,normalized,ssp-vast-errors-normalized-dist,ua_request,33,String,YES,
clickhouse,normalized,ssp-vast-errors-normalized-dist,ua_impression,34,Nullable(String),YES,
clickhouse,normalized,ssp-vast-errors-normalized-dist,json_data,35,String,YES,
clickhouse,normalized,ssp-vast-errors-normalized-dist,json_device,36,String,YES,
clickhouse,normalized,ssp-vast-errors-normalized-dist,json_prices,37,String,YES,
clickhouse,normalized,ssp-vast-errors-normalized-dist,price_network_response_gross,38,Float32,YES,
clickhouse,normalized,ssp-vast-errors-normalized-dist,price_network_response_net,39,Float32,YES,
clickhouse,normalized,ssp-vast-errors-normalized-dist,price_publisher_response,40,Float32,YES,
clickhouse,normalized,ssp-vast-errors-normalized-dist,json_qa,41,String,YES,
clickhouse,normalized,ssp-vast-errors-normalized-dist,json_cache,42,String,YES,
clickhouse,normalized,ssp-vast-errors-normalized-dist,video_length,43,Nullable(Int64),YES,
clickhouse,normalized,ssp-vast-errors-normalized-dist,json_extra,44,String,YES,
clickhouse,normalized,ssp-vast-errors-normalized-dist,referer,45,Nullable(String),YES,
clickhouse,normalized,ssp-vast-errors-normalized-dist,hostname,46,String,YES,
clickhouse,normalized,ssp-vast-errors-normalized-dist,domain_pixel,47,String,YES,
clickhouse,normalized,ssp-vast-errors-normalized-dist,code_error,48,Nullable(String),YES,
clickhouse,normalized,ssp-vast-errors-normalized-dist,message_error,49,Nullable(String),YES,
clickhouse,normalized,ssp-vast-errors-normalized-dist,id_os,50,Int64,YES,
clickhouse,normalized,ssp-vast-errors-normalized-dist,ttl_tappx,51,Int64,YES,
clickhouse,normalized,ssp-vast-errors-normalized-dist,kafka_partition_id,52,Nullable(Int32),YES,
clickhouse,normalized,ssp-vast-errors-normalized-mv,ts_request,1,DateTime64(3),YES,
clickhouse,normalized,ssp-vast-errors-normalized-mv,ts_delivery_ad,2,DateTime64(3),YES,
clickhouse,normalized,ssp-vast-errors-normalized-mv,ts_impression,3,Nullable(DateTime64(3)),YES,
clickhouse,normalized,ssp-vast-errors-normalized-mv,ttl,4,Int64,YES,
clickhouse,normalized,ssp-vast-errors-normalized-mv,id_request,5,Int64,YES,
clickhouse,normalized,ssp-vast-errors-normalized-mv,code,6,Nullable(String),YES,
clickhouse,normalized,ssp-vast-errors-normalized-mv,subid_request,7,Nullable(Int64),YES,
clickhouse,normalized,ssp-vast-errors-normalized-mv,datacenter,8,String,YES,
clickhouse,normalized,ssp-vast-errors-normalized-mv,canary,9,Bool,YES,
clickhouse,normalized,ssp-vast-errors-normalized-mv,ad_format,10,String,YES,
clickhouse,normalized,ssp-vast-errors-normalized-mv,ad_markup,11,String,YES,
clickhouse,normalized,ssp-vast-errors-normalized-mv,track_type,12,String,YES,
clickhouse,normalized,ssp-vast-errors-normalized-mv,user_id,13,Int64,YES,
clickhouse,normalized,ssp-vast-errors-normalized-mv,endpoint,14,String,YES,
clickhouse,normalized,ssp-vast-errors-normalized-mv,endpoint_type,15,String,YES,
clickhouse,normalized,ssp-vast-errors-normalized-mv,mediation_connection,16,String,YES,
clickhouse,normalized,ssp-vast-errors-normalized-mv,adunit,17,String,YES,
clickhouse,normalized,ssp-vast-errors-normalized-mv,id_app,18,Int64,YES,
clickhouse,normalized,ssp-vast-errors-normalized-mv,id_size,19,Int64,YES,
clickhouse,normalized,ssp-vast-errors-normalized-mv,ad_size,20,String,YES,
clickhouse,normalized,ssp-vast-errors-normalized-mv,bundle,21,String,YES,
clickhouse,normalized,ssp-vast-errors-normalized-mv,bundle_numerico,22,Nullable(Int64),YES,
clickhouse,normalized,ssp-vast-errors-normalized-mv,channel,23,Nullable(String),YES,
clickhouse,normalized,ssp-vast-errors-normalized-mv,bundle_impression,24,Nullable(String),YES,
clickhouse,normalized,ssp-vast-errors-normalized-mv,inventory_type,25,String,YES,
clickhouse,normalized,ssp-vast-errors-normalized-mv,country,26,String,YES,
clickhouse,normalized,ssp-vast-errors-normalized-mv,network_id,27,Int64,YES,
clickhouse,normalized,ssp-vast-errors-normalized-mv,network_name,28,String,YES,
clickhouse,normalized,ssp-vast-errors-normalized-mv,network_key,29,String,YES,
clickhouse,normalized,ssp-vast-errors-normalized-mv,ip,30,String,YES,
clickhouse,normalized,ssp-vast-errors-normalized-mv,ipv6,31,String,YES,
clickhouse,normalized,ssp-vast-errors-normalized-mv,ip_impression,32,Nullable(String),YES,
clickhouse,normalized,ssp-vast-errors-normalized-mv,ua_request,33,String,YES,
clickhouse,normalized,ssp-vast-errors-normalized-mv,ua_impression,34,Nullable(String),YES,
clickhouse,normalized,ssp-vast-errors-normalized-mv,json_data,35,String,YES,
clickhouse,normalized,ssp-vast-errors-normalized-mv,json_device,36,String,YES,
clickhouse,normalized,ssp-vast-errors-normalized-mv,json_prices,37,String,YES,
clickhouse,normalized,ssp-vast-errors-normalized-mv,price_network_response_gross,38,Float32,YES,
clickhouse,normalized,ssp-vast-errors-normalized-mv,price_network_response_net,39,Float32,YES,
clickhouse,normalized,ssp-vast-errors-normalized-mv,price_publisher_response,40,Float32,YES,
clickhouse,normalized,ssp-vast-errors-normalized-mv,json_qa,41,String,YES,
clickhouse,normalized,ssp-vast-errors-normalized-mv,json_cache,42,String,YES,
clickhouse,normalized,ssp-vast-errors-normalized-mv,video_length,43,Nullable(Int64),YES,
clickhouse,normalized,ssp-vast-errors-normalized-mv,json_extra,44,String,YES,
clickhouse,normalized,ssp-vast-errors-normalized-mv,referer,45,Nullable(String),YES,
clickhouse,normalized,ssp-vast-errors-normalized-mv,hostname,46,String,YES,
clickhouse,normalized,ssp-vast-errors-normalized-mv,domain_pixel,47,String,YES,
clickhouse,normalized,ssp-vast-errors-normalized-mv,code_error,48,Nullable(String),YES,
clickhouse,normalized,ssp-vast-errors-normalized-mv,message_error,49,Nullable(String),YES,
clickhouse,normalized,ssp-vast-errors-normalized-mv,id_os,50,Int64,YES,
clickhouse,normalized,ssp-vast-errors-normalized-mv,ttl_tappx,51,Int64,YES,
clickhouse,normalized,ssp-vast-errors-normalized-mv,kafka_partition_id,52,Nullable(Int32),YES,
clickhouse,raw,internal-services-logs,ev_ver,1,Int32,YES,
clickhouse,raw,internal-services-logs,ev_st,2,LowCardinality(String),YES,
clickhouse,raw,internal-services-logs,rq_ts,3,DateTime64(3),YES,
clickhouse,raw,internal-services-logs,producer,4,LowCardinality(String),YES,PRI
clickhouse,raw,internal-services-logs,id_log,5,LowCardinality(String),YES,PRI
clickhouse,raw,internal-services-logs,level,6,Int32,YES,
clickhouse,raw,internal-services-logs,datacenter,7,LowCardinality(String),YES,PRI
clickhouse,raw,internal-services-logs,hostname,8,String,YES,
clickhouse,raw,internal-services-logs,canary,9,Bool,YES,
clickhouse,raw,internal-services-logs,json_data,10,String,YES,
clickhouse,raw,internal-services-logs,extra,11,String,YES,
clickhouse,raw,internal-services-logs,count,12,Int64,YES,
clickhouse,raw,internal-services-logs-dist,ev_ver,1,Int32,YES,
clickhouse,raw,internal-services-logs-dist,ev_st,2,LowCardinality(String),YES,
clickhouse,raw,internal-services-logs-dist,rq_ts,3,DateTime64(3),YES,
clickhouse,raw,internal-services-logs-dist,producer,4,LowCardinality(String),YES,
clickhouse,raw,internal-services-logs-dist,id_log,5,LowCardinality(String),YES,
clickhouse,raw,internal-services-logs-dist,level,6,Int32,YES,
clickhouse,raw,internal-services-logs-dist,datacenter,7,LowCardinality(String),YES,
clickhouse,raw,internal-services-logs-dist,hostname,8,String,YES,
clickhouse,raw,internal-services-logs-dist,canary,9,Bool,YES,
clickhouse,raw,internal-services-logs-dist,json_data,10,String,YES,
clickhouse,raw,internal-services-logs-dist,extra,11,String,YES,
clickhouse,raw,internal-services-logs-dist,count,12,Int64,YES,
clickhouse,raw,perf-stats-bidder-finally,date,1,Date,YES,PRI
clickhouse,raw,perf-stats-bidder-finally,pk_hash,2,String,YES,PRI
clickhouse,raw,perf-stats-bidder-finally,id_user,3,UInt64,YES,
clickhouse,raw,perf-stats-bidder-finally,endpoint,4,String,YES,
clickhouse,raw,perf-stats-bidder-finally,id_os,5,Int16,YES,
clickhouse,raw,perf-stats-bidder-finally,id_app,6,Int64,YES,
clickhouse,raw,perf-stats-bidder-finally,adunit,7,String,YES,PRI
clickhouse,raw,perf-stats-bidder-finally,bundle,8,String,YES,PRI
clickhouse,raw,perf-stats-bidder-finally,country,9,LowCardinality(String),YES,PRI
clickhouse,raw,perf-stats-bidder-finally,id_size,10,UInt16,YES,PRI
clickhouse,raw,perf-stats-bidder-finally,video,11,UInt16,YES,
clickhouse,raw,perf-stats-bidder-finally,video_type,12,LowCardinality(String),YES,
clickhouse,raw,perf-stats-bidder-finally,source,13,LowCardinality(String),YES,
clickhouse,raw,perf-stats-bidder-finally,perf_source,14,LowCardinality(String),YES,
clickhouse,raw,perf-stats-bidder-finally,id_network,15,UInt32,YES,
clickhouse,raw,perf-stats-bidder-finally,id_offer,16,UInt64,YES,PRI
clickhouse,raw,perf-stats-bidder-finally,offer_bundle,17,String,YES,
clickhouse,raw,perf-stats-bidder-finally,offer_type,18,LowCardinality(String),YES,
clickhouse,raw,perf-stats-bidder-finally,algo_incoming_traffic,19,LowCardinality(String),YES,
clickhouse,raw,perf-stats-bidder-finally,algo_tag_reqs,20,LowCardinality(String),YES,
clickhouse,raw,perf-stats-bidder-finally,algo_sprinkler,21,LowCardinality(String),YES,
clickhouse,raw,perf-stats-bidder-finally,algo_offer_selection,22,LowCardinality(String),YES,
clickhouse,raw,perf-stats-bidder-finally,requests,23,UInt64,YES,
clickhouse,raw,perf-stats-bidder-finally,deliveries,24,UInt64,YES,
clickhouse,raw,perf-stats-bidder-finally,impressions,25,UInt64,YES,
clickhouse,raw,perf-stats-bidder-finally,clicks,26,UInt64,YES,
clickhouse,raw,perf-stats-bidder-finally,installs,27,UInt64,YES,
clickhouse,raw,perf-stats-bidder-finally,conversions,28,UInt64,YES,
clickhouse,raw,perf-stats-bidder-finally,payable_events,29,UInt64,YES,
clickhouse,raw,perf-stats-bidder-finally,currency,30,LowCardinality(String),YES,
clickhouse,raw,perf-stats-bidder-finally,cost,31,"Decimal(20, 10)",YES,
clickhouse,raw,perf-stats-bidder-finally,revenue_gross,32,"Decimal(20, 10)",YES,
clickhouse,raw,perf-stats-bidder-finally,revenue_net,33,"Decimal(20, 10)",YES,
clickhouse,raw,perf-stats-bidder-finally,revenue_estimated,34,"Nullable(Decimal(20, 10))",YES,
clickhouse,raw,perf-stats-bidder-finally,user_revenue_share,35,"Decimal(5, 4)",YES,
clickhouse,raw,perf-stats-bidder-finally,user_revenue_fix,36,"Decimal(20, 10)",YES,
clickhouse,raw,perf-stats-bidder-finally,__deleted,37,String,YES,
clickhouse,raw,perf-stats-bidder-finally,updated_at,38,DateTime64(3),YES,
clickhouse,raw,perf-stats-bidder-finally-dist,date,1,Date,YES,
clickhouse,raw,perf-stats-bidder-finally-dist,pk_hash,2,String,YES,
clickhouse,raw,perf-stats-bidder-finally-dist,id_user,3,UInt64,YES,
clickhouse,raw,perf-stats-bidder-finally-dist,endpoint,4,String,YES,
clickhouse,raw,perf-stats-bidder-finally-dist,id_os,5,Int16,YES,
clickhouse,raw,perf-stats-bidder-finally-dist,id_app,6,Int64,YES,
clickhouse,raw,perf-stats-bidder-finally-dist,adunit,7,String,YES,
clickhouse,raw,perf-stats-bidder-finally-dist,bundle,8,String,YES,
clickhouse,raw,perf-stats-bidder-finally-dist,country,9,LowCardinality(String),YES,
clickhouse,raw,perf-stats-bidder-finally-dist,id_size,10,UInt16,YES,
clickhouse,raw,perf-stats-bidder-finally-dist,video,11,UInt16,YES,
clickhouse,raw,perf-stats-bidder-finally-dist,video_type,12,LowCardinality(String),YES,
clickhouse,raw,perf-stats-bidder-finally-dist,source,13,LowCardinality(String),YES,
clickhouse,raw,perf-stats-bidder-finally-dist,perf_source,14,LowCardinality(String),YES,
clickhouse,raw,perf-stats-bidder-finally-dist,id_network,15,UInt32,YES,
clickhouse,raw,perf-stats-bidder-finally-dist,id_offer,16,UInt64,YES,
clickhouse,raw,perf-stats-bidder-finally-dist,offer_bundle,17,String,YES,
clickhouse,raw,perf-stats-bidder-finally-dist,offer_type,18,LowCardinality(String),YES,
clickhouse,raw,perf-stats-bidder-finally-dist,algo_incoming_traffic,19,LowCardinality(String),YES,
clickhouse,raw,perf-stats-bidder-finally-dist,algo_tag_reqs,20,LowCardinality(String),YES,
clickhouse,raw,perf-stats-bidder-finally-dist,algo_sprinkler,21,LowCardinality(String),YES,
clickhouse,raw,perf-stats-bidder-finally-dist,algo_offer_selection,22,LowCardinality(String),YES,
clickhouse,raw,perf-stats-bidder-finally-dist,requests,23,UInt64,YES,
clickhouse,raw,perf-stats-bidder-finally-dist,deliveries,24,UInt64,YES,
clickhouse,raw,perf-stats-bidder-finally-dist,impressions,25,UInt64,YES,
clickhouse,raw,perf-stats-bidder-finally-dist,clicks,26,UInt64,YES,
clickhouse,raw,perf-stats-bidder-finally-dist,installs,27,UInt64,YES,
clickhouse,raw,perf-stats-bidder-finally-dist,conversions,28,UInt64,YES,
clickhouse,raw,perf-stats-bidder-finally-dist,payable_events,29,UInt64,YES,
clickhouse,raw,perf-stats-bidder-finally-dist,currency,30,LowCardinality(String),YES,
clickhouse,raw,perf-stats-bidder-finally-dist,cost,31,"Decimal(20, 10)",YES,
clickhouse,raw,perf-stats-bidder-finally-dist,revenue_gross,32,"Decimal(20, 10)",YES,
clickhouse,raw,perf-stats-bidder-finally-dist,revenue_net,33,"Decimal(20, 10)",YES,
clickhouse,raw,perf-stats-bidder-finally-dist,revenue_estimated,34,"Nullable(Decimal(20, 10))",YES,
clickhouse,raw,perf-stats-bidder-finally-dist,user_revenue_share,35,"Decimal(5, 4)",YES,
clickhouse,raw,perf-stats-bidder-finally-dist,user_revenue_fix,36,"Decimal(20, 10)",YES,
clickhouse,raw,perf-stats-bidder-finally-dist,__deleted,37,String,YES,
clickhouse,raw,perf-stats-bidder-finally-dist,updated_at,38,DateTime64(3),YES,
clickhouse,raw,perf-stats-media-buy-finally,date,1,Date,YES,PRI
clickhouse,raw,perf-stats-media-buy-finally,id_user,2,UInt32,YES,
clickhouse,raw,perf-stats-media-buy-finally,publisher,3,String,YES,PRI
clickhouse,raw,perf-stats-media-buy-finally,supply_platform,4,String,YES,
clickhouse,raw,perf-stats-media-buy-finally,tracking_platform,5,String,YES,
clickhouse,raw,perf-stats-media-buy-finally,site_id,6,String,YES,PRI
clickhouse,raw,perf-stats-media-buy-finally,stats_source,7,String,YES,
clickhouse,raw,perf-stats-media-buy-finally,id_network,8,UInt64,YES,
clickhouse,raw,perf-stats-media-buy-finally,campaign_id,9,String,YES,PRI
clickhouse,raw,perf-stats-media-buy-finally,country,10,String,YES,
clickhouse,raw,perf-stats-media-buy-finally,event_name,11,Nullable(String),YES,
clickhouse,raw,perf-stats-media-buy-finally,revenue,12,"Decimal(10, 4)",YES,
clickhouse,raw,perf-stats-media-buy-finally,cost,13,"Decimal(10, 4)",YES,
clickhouse,raw,perf-stats-media-buy-finally,installs,14,UInt32,YES,
clickhouse,raw,perf-stats-media-buy-finally,event_count,15,UInt32,YES,
clickhouse,raw,perf-stats-media-buy-finally,__deleted,16,String,YES,
clickhouse,raw,perf-stats-media-buy-finally,updated_at,17,DateTime64(3),YES,
clickhouse,raw,perf-stats-media-buy-finally,city_hash,18,UInt64,YES,PRI
clickhouse,raw,perf-stats-media-buy-finally,id_am_demand,19,Nullable(UInt32),YES,
clickhouse,raw,perf-stats-media-buy-finally,id_am_supply,20,Nullable(UInt32),YES,
clickhouse,raw,perf-stats-media-buy-finally-dist,date,1,Date,YES,
clickhouse,raw,perf-stats-media-buy-finally-dist,id_user,2,UInt32,YES,
clickhouse,raw,perf-stats-media-buy-finally-dist,publisher,3,String,YES,
clickhouse,raw,perf-stats-media-buy-finally-dist,supply_platform,4,String,YES,
clickhouse,raw,perf-stats-media-buy-finally-dist,tracking_platform,5,String,YES,
clickhouse,raw,perf-stats-media-buy-finally-dist,site_id,6,String,YES,
clickhouse,raw,perf-stats-media-buy-finally-dist,stats_source,7,String,YES,
clickhouse,raw,perf-stats-media-buy-finally-dist,id_network,8,UInt64,YES,
clickhouse,raw,perf-stats-media-buy-finally-dist,campaign_id,9,String,YES,
clickhouse,raw,perf-stats-media-buy-finally-dist,country,10,String,YES,
clickhouse,raw,perf-stats-media-buy-finally-dist,event_name,11,Nullable(String),YES,
clickhouse,raw,perf-stats-media-buy-finally-dist,revenue,12,"Decimal(10, 4)",YES,
clickhouse,raw,perf-stats-media-buy-finally-dist,cost,13,"Decimal(10, 4)",YES,
clickhouse,raw,perf-stats-media-buy-finally-dist,installs,14,UInt32,YES,
clickhouse,raw,perf-stats-media-buy-finally-dist,event_count,15,UInt32,YES,
clickhouse,raw,perf-stats-media-buy-finally-dist,__deleted,16,String,YES,
clickhouse,raw,perf-stats-media-buy-finally-dist,updated_at,17,DateTime64(3),YES,
clickhouse,raw,perf-stats-media-buy-finally-dist,city_hash,18,UInt64,YES,
clickhouse,raw,perf-stats-media-buy-finally-dist,id_am_supply,19,Nullable(UInt32),YES,
clickhouse,raw,perf-stats-media-buy-finally-dist,id_am_demand,20,Nullable(UInt32),YES,
clickhouse,raw,ssp-check-ad-plugin,ts_request,1,DateTime64(3),YES,
clickhouse,raw,ssp-check-ad-plugin,ts_delivery_ad,2,DateTime64(3),YES,
clickhouse,raw,ssp-check-ad-plugin,ts_impression,3,Nullable(DateTime64(3)),YES,
clickhouse,raw,ssp-check-ad-plugin,ttl,4,Int64,YES,
clickhouse,raw,ssp-check-ad-plugin,id_request,5,Int64,YES,
clickhouse,raw,ssp-check-ad-plugin,code,6,Nullable(String),YES,
clickhouse,raw,ssp-check-ad-plugin,subid_request,7,Nullable(Int64),YES,
clickhouse,raw,ssp-check-ad-plugin,datacenter,8,String,YES,PRI
clickhouse,raw,ssp-check-ad-plugin,canary,9,Bool,YES,
clickhouse,raw,ssp-check-ad-plugin,ad_format,10,String,YES,
clickhouse,raw,ssp-check-ad-plugin,ad_markup,11,String,YES,
clickhouse,raw,ssp-check-ad-plugin,track_type,12,String,YES,
clickhouse,raw,ssp-check-ad-plugin,user_id,13,Int64,YES,
clickhouse,raw,ssp-check-ad-plugin,endpoint,14,String,YES,
clickhouse,raw,ssp-check-ad-plugin,endpoint_type,15,String,YES,
clickhouse,raw,ssp-check-ad-plugin,mediation_connection,16,String,YES,
clickhouse,raw,ssp-check-ad-plugin,adunit,17,String,YES,
clickhouse,raw,ssp-check-ad-plugin,id_app,18,Int64,YES,
clickhouse,raw,ssp-check-ad-plugin,id_size,19,Int64,YES,
clickhouse,raw,ssp-check-ad-plugin,ad_size,20,String,YES,PRI
clickhouse,raw,ssp-check-ad-plugin,bundle,21,String,YES,
clickhouse,raw,ssp-check-ad-plugin,bundle_numerico,22,Nullable(Int64),YES,
clickhouse,raw,ssp-check-ad-plugin,channel,23,Nullable(String),YES,
clickhouse,raw,ssp-check-ad-plugin,bundle_impression,24,Nullable(String),YES,
clickhouse,raw,ssp-check-ad-plugin,inventory_type,25,String,YES,
clickhouse,raw,ssp-check-ad-plugin,country,26,String,YES,
clickhouse,raw,ssp-check-ad-plugin,network_id,27,Int64,YES,
clickhouse,raw,ssp-check-ad-plugin,network_name,28,String,YES,
clickhouse,raw,ssp-check-ad-plugin,network_key,29,String,YES,
clickhouse,raw,ssp-check-ad-plugin,ip,30,String,YES,
clickhouse,raw,ssp-check-ad-plugin,ipv6,31,String,YES,
clickhouse,raw,ssp-check-ad-plugin,ip_impression,32,Nullable(String),YES,
clickhouse,raw,ssp-check-ad-plugin,ua_request,33,String,YES,
clickhouse,raw,ssp-check-ad-plugin,ua_impression,34,Nullable(String),YES,
clickhouse,raw,ssp-check-ad-plugin,json_data,35,String,YES,
clickhouse,raw,ssp-check-ad-plugin,json_device,36,String,YES,
clickhouse,raw,ssp-check-ad-plugin,json_prices,37,String,YES,
clickhouse,raw,ssp-check-ad-plugin,price_network_response_gross,38,Float32,YES,
clickhouse,raw,ssp-check-ad-plugin,price_network_response_net,39,Float32,YES,
clickhouse,raw,ssp-check-ad-plugin,price_publisher_response,40,Float32,YES,
clickhouse,raw,ssp-check-ad-plugin,json_qa,41,String,YES,
clickhouse,raw,ssp-check-ad-plugin,json_cache,42,String,YES,
clickhouse,raw,ssp-check-ad-plugin,video_length,43,Nullable(Int64),YES,
clickhouse,raw,ssp-check-ad-plugin,json_extra,44,String,YES,
clickhouse,raw,ssp-check-ad-plugin,referer,45,Nullable(String),YES,
clickhouse,raw,ssp-check-ad-plugin,hostname,46,String,YES,
clickhouse,raw,ssp-check-ad-plugin,domain_pixel,47,String,YES,
clickhouse,raw,ssp-check-ad-plugin,code_error,48,Nullable(String),YES,
clickhouse,raw,ssp-check-ad-plugin,message_error,49,Nullable(String),YES,
clickhouse,raw,ssp-check-ad-plugin,id_os,50,Int64,YES,PRI
clickhouse,raw,ssp-check-ad-plugin,ttl_tappx,51,Int64,YES,
clickhouse,raw,ssp-check-ad-plugin,kafka_partition_id,52,Nullable(Int32),YES,
clickhouse,raw,ssp-check-ad-plugin-dist,ts_request,1,DateTime64(3),YES,
clickhouse,raw,ssp-check-ad-plugin-dist,ts_delivery_ad,2,DateTime64(3),YES,
clickhouse,raw,ssp-check-ad-plugin-dist,ts_impression,3,Nullable(DateTime64(3)),YES,
clickhouse,raw,ssp-check-ad-plugin-dist,ttl,4,Int64,YES,
clickhouse,raw,ssp-check-ad-plugin-dist,id_request,5,Int64,YES,
clickhouse,raw,ssp-check-ad-plugin-dist,code,6,Nullable(String),YES,
clickhouse,raw,ssp-check-ad-plugin-dist,subid_request,7,Nullable(Int64),YES,
clickhouse,raw,ssp-check-ad-plugin-dist,datacenter,8,String,YES,
clickhouse,raw,ssp-check-ad-plugin-dist,canary,9,Bool,YES,
clickhouse,raw,ssp-check-ad-plugin-dist,ad_format,10,String,YES,
clickhouse,raw,ssp-check-ad-plugin-dist,ad_markup,11,String,YES,
clickhouse,raw,ssp-check-ad-plugin-dist,track_type,12,String,YES,
clickhouse,raw,ssp-check-ad-plugin-dist,user_id,13,Int64,YES,
clickhouse,raw,ssp-check-ad-plugin-dist,endpoint,14,String,YES,
clickhouse,raw,ssp-check-ad-plugin-dist,endpoint_type,15,String,YES,
clickhouse,raw,ssp-check-ad-plugin-dist,mediation_connection,16,String,YES,
clickhouse,raw,ssp-check-ad-plugin-dist,adunit,17,String,YES,
clickhouse,raw,ssp-check-ad-plugin-dist,id_app,18,Int64,YES,
clickhouse,raw,ssp-check-ad-plugin-dist,id_size,19,Int64,YES,
clickhouse,raw,ssp-check-ad-plugin-dist,ad_size,20,String,YES,
clickhouse,raw,ssp-check-ad-plugin-dist,bundle,21,String,YES,
clickhouse,raw,ssp-check-ad-plugin-dist,bundle_numerico,22,Nullable(Int64),YES,
clickhouse,raw,ssp-check-ad-plugin-dist,channel,23,Nullable(String),YES,
clickhouse,raw,ssp-check-ad-plugin-dist,bundle_impression,24,Nullable(String),YES,
clickhouse,raw,ssp-check-ad-plugin-dist,inventory_type,25,String,YES,
clickhouse,raw,ssp-check-ad-plugin-dist,country,26,String,YES,
clickhouse,raw,ssp-check-ad-plugin-dist,network_id,27,Int64,YES,
clickhouse,raw,ssp-check-ad-plugin-dist,network_name,28,String,YES,
clickhouse,raw,ssp-check-ad-plugin-dist,network_key,29,String,YES,
clickhouse,raw,ssp-check-ad-plugin-dist,ip,30,String,YES,
clickhouse,raw,ssp-check-ad-plugin-dist,ipv6,31,String,YES,
clickhouse,raw,ssp-check-ad-plugin-dist,ip_impression,32,Nullable(String),YES,
clickhouse,raw,ssp-check-ad-plugin-dist,ua_request,33,String,YES,
clickhouse,raw,ssp-check-ad-plugin-dist,ua_impression,34,Nullable(String),YES,
clickhouse,raw,ssp-check-ad-plugin-dist,json_data,35,String,YES,
clickhouse,raw,ssp-check-ad-plugin-dist,json_device,36,String,YES,
clickhouse,raw,ssp-check-ad-plugin-dist,json_prices,37,String,YES,
clickhouse,raw,ssp-check-ad-plugin-dist,price_network_response_gross,38,Float32,YES,
clickhouse,raw,ssp-check-ad-plugin-dist,price_network_response_net,39,Float32,YES,
clickhouse,raw,ssp-check-ad-plugin-dist,price_publisher_response,40,Float32,YES,
clickhouse,raw,ssp-check-ad-plugin-dist,json_qa,41,String,YES,
clickhouse,raw,ssp-check-ad-plugin-dist,json_cache,42,String,YES,
clickhouse,raw,ssp-check-ad-plugin-dist,video_length,43,Nullable(Int64),YES,
clickhouse,raw,ssp-check-ad-plugin-dist,json_extra,44,String,YES,
clickhouse,raw,ssp-check-ad-plugin-dist,referer,45,Nullable(String),YES,
clickhouse,raw,ssp-check-ad-plugin-dist,hostname,46,String,YES,
clickhouse,raw,ssp-check-ad-plugin-dist,domain_pixel,47,String,YES,
clickhouse,raw,ssp-check-ad-plugin-dist,code_error,48,Nullable(String),YES,
clickhouse,raw,ssp-check-ad-plugin-dist,message_error,49,Nullable(String),YES,
clickhouse,raw,ssp-check-ad-plugin-dist,id_os,50,Int64,YES,
clickhouse,raw,ssp-check-ad-plugin-dist,ttl_tappx,51,Int64,YES,
clickhouse,raw,ssp-check-ad-plugin-dist,kafka_partition_id,52,Nullable(Int32),YES,
clickhouse,raw,ssp-clicks-dup-v1,ts_request,1,DateTime64(3),YES,
clickhouse,raw,ssp-clicks-dup-v1,ts_delivery_ad,2,DateTime64(3),YES,
clickhouse,raw,ssp-clicks-dup-v1,ts_click,3,Nullable(DateTime64(3)),YES,
clickhouse,raw,ssp-clicks-dup-v1,ttl,4,Int64,YES,
clickhouse,raw,ssp-clicks-dup-v1,id_request,5,Int64,YES,
clickhouse,raw,ssp-clicks-dup-v1,subid_request,6,Nullable(Int64),YES,
clickhouse,raw,ssp-clicks-dup-v1,datacenter,7,String,YES,PRI
clickhouse,raw,ssp-clicks-dup-v1,canary,8,Bool,YES,
clickhouse,raw,ssp-clicks-dup-v1,ad_format,9,String,YES,
clickhouse,raw,ssp-clicks-dup-v1,ad_markup,10,String,YES,
clickhouse,raw,ssp-clicks-dup-v1,track_type,11,String,YES,
clickhouse,raw,ssp-clicks-dup-v1,user_id,12,Int64,YES,
clickhouse,raw,ssp-clicks-dup-v1,endpoint,13,String,YES,
clickhouse,raw,ssp-clicks-dup-v1,endpoint_type,14,String,YES,
clickhouse,raw,ssp-clicks-dup-v1,mediation_connection,15,String,YES,
clickhouse,raw,ssp-clicks-dup-v1,adunit,16,String,YES,
clickhouse,raw,ssp-clicks-dup-v1,id_app,17,Int64,YES,
clickhouse,raw,ssp-clicks-dup-v1,id_size,18,Int64,YES,
clickhouse,raw,ssp-clicks-dup-v1,ad_size,19,String,YES,PRI
clickhouse,raw,ssp-clicks-dup-v1,bundle,20,String,YES,
clickhouse,raw,ssp-clicks-dup-v1,bundle_numerico,21,Nullable(Int64),YES,
clickhouse,raw,ssp-clicks-dup-v1,channel,22,Nullable(String),YES,
clickhouse,raw,ssp-clicks-dup-v1,bundle_click,23,Nullable(String),YES,
clickhouse,raw,ssp-clicks-dup-v1,inventory_type,24,String,YES,
clickhouse,raw,ssp-clicks-dup-v1,country,25,String,YES,
clickhouse,raw,ssp-clicks-dup-v1,network_id,26,Int64,YES,
clickhouse,raw,ssp-clicks-dup-v1,network_name,27,String,YES,
clickhouse,raw,ssp-clicks-dup-v1,network_key,28,String,YES,
clickhouse,raw,ssp-clicks-dup-v1,ip,29,String,YES,
clickhouse,raw,ssp-clicks-dup-v1,ipv6,30,String,YES,
clickhouse,raw,ssp-clicks-dup-v1,ip_click,31,Nullable(String),YES,
clickhouse,raw,ssp-clicks-dup-v1,ua_request,32,String,YES,
clickhouse,raw,ssp-clicks-dup-v1,ua_click,33,Nullable(String),YES,
clickhouse,raw,ssp-clicks-dup-v1,json_data,34,String,YES,
clickhouse,raw,ssp-clicks-dup-v1,json_device,35,String,YES,
clickhouse,raw,ssp-clicks-dup-v1,json_prices,36,String,YES,
clickhouse,raw,ssp-clicks-dup-v1,price_network_response_gross,37,Float32,YES,
clickhouse,raw,ssp-clicks-dup-v1,price_network_response_net,38,Float32,YES,
clickhouse,raw,ssp-clicks-dup-v1,price_publisher_response,39,Float32,YES,
clickhouse,raw,ssp-clicks-dup-v1,json_qa,40,String,YES,
clickhouse,raw,ssp-clicks-dup-v1,json_cache,41,String,YES,
clickhouse,raw,ssp-clicks-dup-v1,video_length,42,Nullable(Int64),YES,
clickhouse,raw,ssp-clicks-dup-v1,json_extra,43,String,YES,
clickhouse,raw,ssp-clicks-dup-v1,referer,44,Nullable(String),YES,
clickhouse,raw,ssp-clicks-dup-v1,hostname,45,String,YES,
clickhouse,raw,ssp-clicks-dup-v1,domain_pixel,46,String,YES,
clickhouse,raw,ssp-clicks-dup-v1,code_error,47,Nullable(String),YES,
clickhouse,raw,ssp-clicks-dup-v1,message_error,48,Nullable(String),YES,
clickhouse,raw,ssp-clicks-dup-v1,id_os,49,Int64,YES,PRI
clickhouse,raw,ssp-clicks-dup-v1,ttl_tappx,50,Int64,YES,
clickhouse,raw,ssp-clicks-dup-v1,kafka_partition_id,51,Nullable(Int32),YES,
clickhouse,raw,ssp-clicks-dup-v1-dist,ts_request,1,DateTime64(3),YES,
clickhouse,raw,ssp-clicks-dup-v1-dist,ts_delivery_ad,2,DateTime64(3),YES,
clickhouse,raw,ssp-clicks-dup-v1-dist,ts_click,3,Nullable(DateTime64(3)),YES,
clickhouse,raw,ssp-clicks-dup-v1-dist,ttl,4,Int64,YES,
clickhouse,raw,ssp-clicks-dup-v1-dist,id_request,5,Int64,YES,
clickhouse,raw,ssp-clicks-dup-v1-dist,subid_request,6,Nullable(Int64),YES,
clickhouse,raw,ssp-clicks-dup-v1-dist,datacenter,7,String,YES,
clickhouse,raw,ssp-clicks-dup-v1-dist,canary,8,Bool,YES,
clickhouse,raw,ssp-clicks-dup-v1-dist,ad_format,9,String,YES,
clickhouse,raw,ssp-clicks-dup-v1-dist,ad_markup,10,String,YES,
clickhouse,raw,ssp-clicks-dup-v1-dist,track_type,11,String,YES,
clickhouse,raw,ssp-clicks-dup-v1-dist,user_id,12,Int64,YES,
clickhouse,raw,ssp-clicks-dup-v1-dist,endpoint,13,String,YES,
clickhouse,raw,ssp-clicks-dup-v1-dist,endpoint_type,14,String,YES,
clickhouse,raw,ssp-clicks-dup-v1-dist,mediation_connection,15,String,YES,
clickhouse,raw,ssp-clicks-dup-v1-dist,adunit,16,String,YES,
clickhouse,raw,ssp-clicks-dup-v1-dist,id_app,17,Int64,YES,
clickhouse,raw,ssp-clicks-dup-v1-dist,id_size,18,Int64,YES,
clickhouse,raw,ssp-clicks-dup-v1-dist,ad_size,19,String,YES,
clickhouse,raw,ssp-clicks-dup-v1-dist,bundle,20,String,YES,
clickhouse,raw,ssp-clicks-dup-v1-dist,bundle_numerico,21,Nullable(Int64),YES,
clickhouse,raw,ssp-clicks-dup-v1-dist,channel,22,Nullable(String),YES,
clickhouse,raw,ssp-clicks-dup-v1-dist,bundle_click,23,Nullable(String),YES,
clickhouse,raw,ssp-clicks-dup-v1-dist,inventory_type,24,String,YES,
clickhouse,raw,ssp-clicks-dup-v1-dist,country,25,String,YES,
clickhouse,raw,ssp-clicks-dup-v1-dist,network_id,26,Int64,YES,
clickhouse,raw,ssp-clicks-dup-v1-dist,network_name,27,String,YES,
clickhouse,raw,ssp-clicks-dup-v1-dist,network_key,28,String,YES,
clickhouse,raw,ssp-clicks-dup-v1-dist,ip,29,String,YES,
clickhouse,raw,ssp-clicks-dup-v1-dist,ipv6,30,String,YES,
clickhouse,raw,ssp-clicks-dup-v1-dist,ip_click,31,Nullable(String),YES,
clickhouse,raw,ssp-clicks-dup-v1-dist,ua_request,32,String,YES,
clickhouse,raw,ssp-clicks-dup-v1-dist,ua_click,33,Nullable(String),YES,
clickhouse,raw,ssp-clicks-dup-v1-dist,json_data,34,String,YES,
clickhouse,raw,ssp-clicks-dup-v1-dist,json_device,35,String,YES,
clickhouse,raw,ssp-clicks-dup-v1-dist,json_prices,36,String,YES,
clickhouse,raw,ssp-clicks-dup-v1-dist,price_network_response_gross,37,Float32,YES,
clickhouse,raw,ssp-clicks-dup-v1-dist,price_network_response_net,38,Float32,YES,
clickhouse,raw,ssp-clicks-dup-v1-dist,price_publisher_response,39,Float32,YES,
clickhouse,raw,ssp-clicks-dup-v1-dist,json_qa,40,String,YES,
clickhouse,raw,ssp-clicks-dup-v1-dist,json_cache,41,String,YES,
clickhouse,raw,ssp-clicks-dup-v1-dist,video_length,42,Nullable(Int64),YES,
clickhouse,raw,ssp-clicks-dup-v1-dist,json_extra,43,String,YES,
clickhouse,raw,ssp-clicks-dup-v1-dist,referer,44,Nullable(String),YES,
clickhouse,raw,ssp-clicks-dup-v1-dist,hostname,45,String,YES,
clickhouse,raw,ssp-clicks-dup-v1-dist,domain_pixel,46,String,YES,
clickhouse,raw,ssp-clicks-dup-v1-dist,code_error,47,Nullable(String),YES,
clickhouse,raw,ssp-clicks-dup-v1-dist,message_error,48,Nullable(String),YES,
clickhouse,raw,ssp-clicks-dup-v1-dist,id_os,49,Int64,YES,
clickhouse,raw,ssp-clicks-dup-v1-dist,ttl_tappx,50,Int64,YES,
clickhouse,raw,ssp-clicks-dup-v1-dist,kafka_partition_id,51,Nullable(Int32),YES,
clickhouse,raw,ssp-clicks-timeout-v1,ts_request,1,DateTime64(3),YES,
clickhouse,raw,ssp-clicks-timeout-v1,ts_delivery_ad,2,DateTime64(3),YES,
clickhouse,raw,ssp-clicks-timeout-v1,ts_click,3,Nullable(DateTime64(3)),YES,
clickhouse,raw,ssp-clicks-timeout-v1,ttl,4,Int64,YES,
clickhouse,raw,ssp-clicks-timeout-v1,id_request,5,Int64,YES,
clickhouse,raw,ssp-clicks-timeout-v1,subid_request,6,Nullable(Int64),YES,
clickhouse,raw,ssp-clicks-timeout-v1,datacenter,7,String,YES,PRI
clickhouse,raw,ssp-clicks-timeout-v1,canary,8,Bool,YES,
clickhouse,raw,ssp-clicks-timeout-v1,ad_format,9,String,YES,
clickhouse,raw,ssp-clicks-timeout-v1,ad_markup,10,String,YES,
clickhouse,raw,ssp-clicks-timeout-v1,track_type,11,String,YES,
clickhouse,raw,ssp-clicks-timeout-v1,user_id,12,Int64,YES,
clickhouse,raw,ssp-clicks-timeout-v1,endpoint,13,String,YES,
clickhouse,raw,ssp-clicks-timeout-v1,endpoint_type,14,String,YES,
clickhouse,raw,ssp-clicks-timeout-v1,mediation_connection,15,String,YES,
clickhouse,raw,ssp-clicks-timeout-v1,adunit,16,String,YES,
clickhouse,raw,ssp-clicks-timeout-v1,id_app,17,Int64,YES,
clickhouse,raw,ssp-clicks-timeout-v1,id_size,18,Int64,YES,
clickhouse,raw,ssp-clicks-timeout-v1,ad_size,19,String,YES,PRI
clickhouse,raw,ssp-clicks-timeout-v1,bundle,20,String,YES,
clickhouse,raw,ssp-clicks-timeout-v1,bundle_numerico,21,Nullable(Int64),YES,
clickhouse,raw,ssp-clicks-timeout-v1,channel,22,Nullable(String),YES,
clickhouse,raw,ssp-clicks-timeout-v1,bundle_click,23,Nullable(String),YES,
clickhouse,raw,ssp-clicks-timeout-v1,inventory_type,24,String,YES,
clickhouse,raw,ssp-clicks-timeout-v1,country,25,String,YES,
clickhouse,raw,ssp-clicks-timeout-v1,network_id,26,Int64,YES,
clickhouse,raw,ssp-clicks-timeout-v1,network_name,27,String,YES,
clickhouse,raw,ssp-clicks-timeout-v1,network_key,28,String,YES,
clickhouse,raw,ssp-clicks-timeout-v1,ip,29,String,YES,
clickhouse,raw,ssp-clicks-timeout-v1,ipv6,30,String,YES,
clickhouse,raw,ssp-clicks-timeout-v1,ip_click,31,Nullable(String),YES,
clickhouse,raw,ssp-clicks-timeout-v1,ua_request,32,String,YES,
clickhouse,raw,ssp-clicks-timeout-v1,ua_click,33,Nullable(String),YES,
clickhouse,raw,ssp-clicks-timeout-v1,json_data,34,String,YES,
clickhouse,raw,ssp-clicks-timeout-v1,json_device,35,String,YES,
clickhouse,raw,ssp-clicks-timeout-v1,json_prices,36,String,YES,
clickhouse,raw,ssp-clicks-timeout-v1,price_network_response_gross,37,Float32,YES,
clickhouse,raw,ssp-clicks-timeout-v1,price_network_response_net,38,Float32,YES,
clickhouse,raw,ssp-clicks-timeout-v1,price_publisher_response,39,Float32,YES,
clickhouse,raw,ssp-clicks-timeout-v1,json_qa,40,String,YES,
clickhouse,raw,ssp-clicks-timeout-v1,json_cache,41,String,YES,
clickhouse,raw,ssp-clicks-timeout-v1,video_length,42,Nullable(Int64),YES,
clickhouse,raw,ssp-clicks-timeout-v1,json_extra,43,String,YES,
clickhouse,raw,ssp-clicks-timeout-v1,referer,44,Nullable(String),YES,
clickhouse,raw,ssp-clicks-timeout-v1,hostname,45,String,YES,
clickhouse,raw,ssp-clicks-timeout-v1,domain_pixel,46,String,YES,
clickhouse,raw,ssp-clicks-timeout-v1,code_error,47,Nullable(String),YES,
clickhouse,raw,ssp-clicks-timeout-v1,message_error,48,Nullable(String),YES,
clickhouse,raw,ssp-clicks-timeout-v1,id_os,49,Int64,YES,PRI
clickhouse,raw,ssp-clicks-timeout-v1,ttl_tappx,50,Int64,YES,
clickhouse,raw,ssp-clicks-timeout-v1,kafka_partition_id,51,Nullable(Int32),YES,
clickhouse,raw,ssp-clicks-timeout-v1-dist,ts_request,1,DateTime64(3),YES,
clickhouse,raw,ssp-clicks-timeout-v1-dist,ts_delivery_ad,2,DateTime64(3),YES,
clickhouse,raw,ssp-clicks-timeout-v1-dist,ts_click,3,Nullable(DateTime64(3)),YES,
clickhouse,raw,ssp-clicks-timeout-v1-dist,ttl,4,Int64,YES,
clickhouse,raw,ssp-clicks-timeout-v1-dist,id_request,5,Int64,YES,
clickhouse,raw,ssp-clicks-timeout-v1-dist,subid_request,6,Nullable(Int64),YES,
clickhouse,raw,ssp-clicks-timeout-v1-dist,datacenter,7,String,YES,
clickhouse,raw,ssp-clicks-timeout-v1-dist,canary,8,Bool,YES,
clickhouse,raw,ssp-clicks-timeout-v1-dist,ad_format,9,String,YES,
clickhouse,raw,ssp-clicks-timeout-v1-dist,ad_markup,10,String,YES,
clickhouse,raw,ssp-clicks-timeout-v1-dist,track_type,11,String,YES,
clickhouse,raw,ssp-clicks-timeout-v1-dist,user_id,12,Int64,YES,
clickhouse,raw,ssp-clicks-timeout-v1-dist,endpoint,13,String,YES,
clickhouse,raw,ssp-clicks-timeout-v1-dist,endpoint_type,14,String,YES,
clickhouse,raw,ssp-clicks-timeout-v1-dist,mediation_connection,15,String,YES,
clickhouse,raw,ssp-clicks-timeout-v1-dist,adunit,16,String,YES,
clickhouse,raw,ssp-clicks-timeout-v1-dist,id_app,17,Int64,YES,
clickhouse,raw,ssp-clicks-timeout-v1-dist,id_size,18,Int64,YES,
clickhouse,raw,ssp-clicks-timeout-v1-dist,ad_size,19,String,YES,
clickhouse,raw,ssp-clicks-timeout-v1-dist,bundle,20,String,YES,
clickhouse,raw,ssp-clicks-timeout-v1-dist,bundle_numerico,21,Nullable(Int64),YES,
clickhouse,raw,ssp-clicks-timeout-v1-dist,channel,22,Nullable(String),YES,
clickhouse,raw,ssp-clicks-timeout-v1-dist,bundle_click,23,Nullable(String),YES,
clickhouse,raw,ssp-clicks-timeout-v1-dist,inventory_type,24,String,YES,
clickhouse,raw,ssp-clicks-timeout-v1-dist,country,25,String,YES,
clickhouse,raw,ssp-clicks-timeout-v1-dist,network_id,26,Int64,YES,
clickhouse,raw,ssp-clicks-timeout-v1-dist,network_name,27,String,YES,
clickhouse,raw,ssp-clicks-timeout-v1-dist,network_key,28,String,YES,
clickhouse,raw,ssp-clicks-timeout-v1-dist,ip,29,String,YES,
clickhouse,raw,ssp-clicks-timeout-v1-dist,ipv6,30,String,YES,
clickhouse,raw,ssp-clicks-timeout-v1-dist,ip_click,31,Nullable(String),YES,
clickhouse,raw,ssp-clicks-timeout-v1-dist,ua_request,32,String,YES,
clickhouse,raw,ssp-clicks-timeout-v1-dist,ua_click,33,Nullable(String),YES,
clickhouse,raw,ssp-clicks-timeout-v1-dist,json_data,34,String,YES,
clickhouse,raw,ssp-clicks-timeout-v1-dist,json_device,35,String,YES,
clickhouse,raw,ssp-clicks-timeout-v1-dist,json_prices,36,String,YES,
clickhouse,raw,ssp-clicks-timeout-v1-dist,price_network_response_gross,37,Float32,YES,
clickhouse,raw,ssp-clicks-timeout-v1-dist,price_network_response_net,38,Float32,YES,
clickhouse,raw,ssp-clicks-timeout-v1-dist,price_publisher_response,39,Float32,YES,
clickhouse,raw,ssp-clicks-timeout-v1-dist,json_qa,40,String,YES,
clickhouse,raw,ssp-clicks-timeout-v1-dist,json_cache,41,String,YES,
clickhouse,raw,ssp-clicks-timeout-v1-dist,video_length,42,Nullable(Int64),YES,
clickhouse,raw,ssp-clicks-timeout-v1-dist,json_extra,43,String,YES,
clickhouse,raw,ssp-clicks-timeout-v1-dist,referer,44,Nullable(String),YES,
clickhouse,raw,ssp-clicks-timeout-v1-dist,hostname,45,String,YES,
clickhouse,raw,ssp-clicks-timeout-v1-dist,domain_pixel,46,String,YES,
clickhouse,raw,ssp-clicks-timeout-v1-dist,code_error,47,Nullable(String),YES,
clickhouse,raw,ssp-clicks-timeout-v1-dist,message_error,48,Nullable(String),YES,
clickhouse,raw,ssp-clicks-timeout-v1-dist,id_os,49,Int64,YES,
clickhouse,raw,ssp-clicks-timeout-v1-dist,ttl_tappx,50,Int64,YES,
clickhouse,raw,ssp-clicks-timeout-v1-dist,kafka_partition_id,51,Nullable(Int32),YES,
clickhouse,raw,ssp-clicks-unassigned-v1,ts_request,1,DateTime64(3),YES,
clickhouse,raw,ssp-clicks-unassigned-v1,ts_delivery_ad,2,DateTime64(3),YES,
clickhouse,raw,ssp-clicks-unassigned-v1,ts_click,3,Nullable(DateTime64(3)),YES,
clickhouse,raw,ssp-clicks-unassigned-v1,ttl,4,Int64,YES,
clickhouse,raw,ssp-clicks-unassigned-v1,id_request,5,Int64,YES,
clickhouse,raw,ssp-clicks-unassigned-v1,subid_request,6,Nullable(Int64),YES,
clickhouse,raw,ssp-clicks-unassigned-v1,datacenter,7,String,YES,PRI
clickhouse,raw,ssp-clicks-unassigned-v1,canary,8,Bool,YES,
clickhouse,raw,ssp-clicks-unassigned-v1,ad_format,9,String,YES,
clickhouse,raw,ssp-clicks-unassigned-v1,ad_markup,10,String,YES,
clickhouse,raw,ssp-clicks-unassigned-v1,track_type,11,String,YES,
clickhouse,raw,ssp-clicks-unassigned-v1,user_id,12,Int64,YES,
clickhouse,raw,ssp-clicks-unassigned-v1,endpoint,13,String,YES,
clickhouse,raw,ssp-clicks-unassigned-v1,endpoint_type,14,String,YES,
clickhouse,raw,ssp-clicks-unassigned-v1,mediation_connection,15,String,YES,
clickhouse,raw,ssp-clicks-unassigned-v1,adunit,16,String,YES,
clickhouse,raw,ssp-clicks-unassigned-v1,id_app,17,Int64,YES,
clickhouse,raw,ssp-clicks-unassigned-v1,id_size,18,Int64,YES,
clickhouse,raw,ssp-clicks-unassigned-v1,ad_size,19,String,YES,PRI
clickhouse,raw,ssp-clicks-unassigned-v1,bundle,20,String,YES,
clickhouse,raw,ssp-clicks-unassigned-v1,bundle_numerico,21,Nullable(Int64),YES,
clickhouse,raw,ssp-clicks-unassigned-v1,channel,22,Nullable(String),YES,
clickhouse,raw,ssp-clicks-unassigned-v1,bundle_click,23,Nullable(String),YES,
clickhouse,raw,ssp-clicks-unassigned-v1,inventory_type,24,String,YES,
clickhouse,raw,ssp-clicks-unassigned-v1,country,25,String,YES,
clickhouse,raw,ssp-clicks-unassigned-v1,network_id,26,Int64,YES,
clickhouse,raw,ssp-clicks-unassigned-v1,network_name,27,String,YES,
clickhouse,raw,ssp-clicks-unassigned-v1,network_key,28,String,YES,
clickhouse,raw,ssp-clicks-unassigned-v1,ip,29,String,YES,
clickhouse,raw,ssp-clicks-unassigned-v1,ipv6,30,String,YES,
clickhouse,raw,ssp-clicks-unassigned-v1,ip_click,31,Nullable(String),YES,
clickhouse,raw,ssp-clicks-unassigned-v1,ua_request,32,String,YES,
clickhouse,raw,ssp-clicks-unassigned-v1,ua_click,33,Nullable(String),YES,
clickhouse,raw,ssp-clicks-unassigned-v1,json_data,34,String,YES,
clickhouse,raw,ssp-clicks-unassigned-v1,json_device,35,String,YES,
clickhouse,raw,ssp-clicks-unassigned-v1,json_prices,36,String,YES,
clickhouse,raw,ssp-clicks-unassigned-v1,price_network_response_gross,37,Float32,YES,
clickhouse,raw,ssp-clicks-unassigned-v1,price_network_response_net,38,Float32,YES,
clickhouse,raw,ssp-clicks-unassigned-v1,price_publisher_response,39,Float32,YES,
clickhouse,raw,ssp-clicks-unassigned-v1,json_qa,40,String,YES,
clickhouse,raw,ssp-clicks-unassigned-v1,json_cache,41,String,YES,
clickhouse,raw,ssp-clicks-unassigned-v1,video_length,42,Nullable(Int64),YES,
clickhouse,raw,ssp-clicks-unassigned-v1,json_extra,43,String,YES,
clickhouse,raw,ssp-clicks-unassigned-v1,referer,44,Nullable(String),YES,
clickhouse,raw,ssp-clicks-unassigned-v1,hostname,45,String,YES,
clickhouse,raw,ssp-clicks-unassigned-v1,domain_pixel,46,String,YES,
clickhouse,raw,ssp-clicks-unassigned-v1,code_error,47,Nullable(String),YES,
clickhouse,raw,ssp-clicks-unassigned-v1,message_error,48,Nullable(String),YES,
clickhouse,raw,ssp-clicks-unassigned-v1,id_os,49,Int64,YES,PRI
clickhouse,raw,ssp-clicks-unassigned-v1,ttl_tappx,50,Int64,YES,
clickhouse,raw,ssp-clicks-unassigned-v1,kafka_partition_id,51,Nullable(Int32),YES,
clickhouse,raw,ssp-clicks-unassigned-v1-dist,ts_request,1,DateTime64(3),YES,
clickhouse,raw,ssp-clicks-unassigned-v1-dist,ts_delivery_ad,2,DateTime64(3),YES,
clickhouse,raw,ssp-clicks-unassigned-v1-dist,ts_click,3,Nullable(DateTime64(3)),YES,
clickhouse,raw,ssp-clicks-unassigned-v1-dist,ttl,4,Int64,YES,
clickhouse,raw,ssp-clicks-unassigned-v1-dist,id_request,5,Int64,YES,
clickhouse,raw,ssp-clicks-unassigned-v1-dist,subid_request,6,Nullable(Int64),YES,
clickhouse,raw,ssp-clicks-unassigned-v1-dist,datacenter,7,String,YES,
clickhouse,raw,ssp-clicks-unassigned-v1-dist,canary,8,Bool,YES,
clickhouse,raw,ssp-clicks-unassigned-v1-dist,ad_format,9,String,YES,
clickhouse,raw,ssp-clicks-unassigned-v1-dist,ad_markup,10,String,YES,
clickhouse,raw,ssp-clicks-unassigned-v1-dist,track_type,11,String,YES,
clickhouse,raw,ssp-clicks-unassigned-v1-dist,user_id,12,Int64,YES,
clickhouse,raw,ssp-clicks-unassigned-v1-dist,endpoint,13,String,YES,
clickhouse,raw,ssp-clicks-unassigned-v1-dist,endpoint_type,14,String,YES,
clickhouse,raw,ssp-clicks-unassigned-v1-dist,mediation_connection,15,String,YES,
clickhouse,raw,ssp-clicks-unassigned-v1-dist,adunit,16,String,YES,
clickhouse,raw,ssp-clicks-unassigned-v1-dist,id_app,17,Int64,YES,
clickhouse,raw,ssp-clicks-unassigned-v1-dist,id_size,18,Int64,YES,
clickhouse,raw,ssp-clicks-unassigned-v1-dist,ad_size,19,String,YES,
clickhouse,raw,ssp-clicks-unassigned-v1-dist,bundle,20,String,YES,
clickhouse,raw,ssp-clicks-unassigned-v1-dist,bundle_numerico,21,Nullable(Int64),YES,
clickhouse,raw,ssp-clicks-unassigned-v1-dist,channel,22,Nullable(String),YES,
clickhouse,raw,ssp-clicks-unassigned-v1-dist,bundle_click,23,Nullable(String),YES,
clickhouse,raw,ssp-clicks-unassigned-v1-dist,inventory_type,24,String,YES,
clickhouse,raw,ssp-clicks-unassigned-v1-dist,country,25,String,YES,
clickhouse,raw,ssp-clicks-unassigned-v1-dist,network_id,26,Int64,YES,
clickhouse,raw,ssp-clicks-unassigned-v1-dist,network_name,27,String,YES,
clickhouse,raw,ssp-clicks-unassigned-v1-dist,network_key,28,String,YES,
clickhouse,raw,ssp-clicks-unassigned-v1-dist,ip,29,String,YES,
clickhouse,raw,ssp-clicks-unassigned-v1-dist,ipv6,30,String,YES,
clickhouse,raw,ssp-clicks-unassigned-v1-dist,ip_click,31,Nullable(String),YES,
clickhouse,raw,ssp-clicks-unassigned-v1-dist,ua_request,32,String,YES,
clickhouse,raw,ssp-clicks-unassigned-v1-dist,ua_click,33,Nullable(String),YES,
clickhouse,raw,ssp-clicks-unassigned-v1-dist,json_data,34,String,YES,
clickhouse,raw,ssp-clicks-unassigned-v1-dist,json_device,35,String,YES,
clickhouse,raw,ssp-clicks-unassigned-v1-dist,json_prices,36,String,YES,
clickhouse,raw,ssp-clicks-unassigned-v1-dist,price_network_response_gross,37,Float32,YES,
clickhouse,raw,ssp-clicks-unassigned-v1-dist,price_network_response_net,38,Float32,YES,
clickhouse,raw,ssp-clicks-unassigned-v1-dist,price_publisher_response,39,Float32,YES,
clickhouse,raw,ssp-clicks-unassigned-v1-dist,json_qa,40,String,YES,
clickhouse,raw,ssp-clicks-unassigned-v1-dist,json_cache,41,String,YES,
clickhouse,raw,ssp-clicks-unassigned-v1-dist,video_length,42,Nullable(Int64),YES,
clickhouse,raw,ssp-clicks-unassigned-v1-dist,json_extra,43,String,YES,
clickhouse,raw,ssp-clicks-unassigned-v1-dist,referer,44,Nullable(String),YES,
clickhouse,raw,ssp-clicks-unassigned-v1-dist,hostname,45,String,YES,
clickhouse,raw,ssp-clicks-unassigned-v1-dist,domain_pixel,46,String,YES,
clickhouse,raw,ssp-clicks-unassigned-v1-dist,code_error,47,Nullable(String),YES,
clickhouse,raw,ssp-clicks-unassigned-v1-dist,message_error,48,Nullable(String),YES,
clickhouse,raw,ssp-clicks-unassigned-v1-dist,id_os,49,Int64,YES,
clickhouse,raw,ssp-clicks-unassigned-v1-dist,ttl_tappx,50,Int64,YES,
clickhouse,raw,ssp-clicks-unassigned-v1-dist,kafka_partition_id,51,Nullable(Int32),YES,
clickhouse,raw,ssp-clicks-validated-v1,ts_request,1,DateTime64(3),YES,
clickhouse,raw,ssp-clicks-validated-v1,ts_delivery_ad,2,DateTime64(3),YES,
clickhouse,raw,ssp-clicks-validated-v1,ts_click,3,Nullable(DateTime64(3)),YES,
clickhouse,raw,ssp-clicks-validated-v1,ttl,4,Int64,YES,
clickhouse,raw,ssp-clicks-validated-v1,id_request,5,Int64,YES,
clickhouse,raw,ssp-clicks-validated-v1,subid_request,6,Nullable(Int64),YES,
clickhouse,raw,ssp-clicks-validated-v1,datacenter,7,String,YES,PRI
clickhouse,raw,ssp-clicks-validated-v1,canary,8,Bool,YES,
clickhouse,raw,ssp-clicks-validated-v1,ad_format,9,String,YES,
clickhouse,raw,ssp-clicks-validated-v1,ad_markup,10,String,YES,
clickhouse,raw,ssp-clicks-validated-v1,track_type,11,String,YES,
clickhouse,raw,ssp-clicks-validated-v1,user_id,12,Int64,YES,
clickhouse,raw,ssp-clicks-validated-v1,endpoint,13,String,YES,
clickhouse,raw,ssp-clicks-validated-v1,endpoint_type,14,String,YES,
clickhouse,raw,ssp-clicks-validated-v1,mediation_connection,15,String,YES,
clickhouse,raw,ssp-clicks-validated-v1,adunit,16,String,YES,
clickhouse,raw,ssp-clicks-validated-v1,id_app,17,Int64,YES,
clickhouse,raw,ssp-clicks-validated-v1,id_size,18,Int64,YES,
clickhouse,raw,ssp-clicks-validated-v1,ad_size,19,String,YES,PRI
clickhouse,raw,ssp-clicks-validated-v1,bundle,20,String,YES,
clickhouse,raw,ssp-clicks-validated-v1,bundle_numerico,21,Nullable(Int64),YES,
clickhouse,raw,ssp-clicks-validated-v1,channel,22,Nullable(String),YES,
clickhouse,raw,ssp-clicks-validated-v1,bundle_click,23,Nullable(String),YES,
clickhouse,raw,ssp-clicks-validated-v1,inventory_type,24,String,YES,
clickhouse,raw,ssp-clicks-validated-v1,country,25,String,YES,
clickhouse,raw,ssp-clicks-validated-v1,network_id,26,Int64,YES,
clickhouse,raw,ssp-clicks-validated-v1,network_name,27,String,YES,
clickhouse,raw,ssp-clicks-validated-v1,network_key,28,String,YES,
clickhouse,raw,ssp-clicks-validated-v1,ip,29,String,YES,
clickhouse,raw,ssp-clicks-validated-v1,ipv6,30,String,YES,
clickhouse,raw,ssp-clicks-validated-v1,ip_click,31,Nullable(String),YES,
clickhouse,raw,ssp-clicks-validated-v1,ua_request,32,String,YES,
clickhouse,raw,ssp-clicks-validated-v1,ua_click,33,Nullable(String),YES,
clickhouse,raw,ssp-clicks-validated-v1,json_data,34,String,YES,
clickhouse,raw,ssp-clicks-validated-v1,json_device,35,String,YES,
clickhouse,raw,ssp-clicks-validated-v1,json_prices,36,String,YES,
clickhouse,raw,ssp-clicks-validated-v1,price_network_response_gross,37,Float32,YES,
clickhouse,raw,ssp-clicks-validated-v1,price_network_response_net,38,Float32,YES,
clickhouse,raw,ssp-clicks-validated-v1,price_publisher_response,39,Float32,YES,
clickhouse,raw,ssp-clicks-validated-v1,json_qa,40,String,YES,
clickhouse,raw,ssp-clicks-validated-v1,json_cache,41,String,YES,
clickhouse,raw,ssp-clicks-validated-v1,video_length,42,Nullable(Int64),YES,
clickhouse,raw,ssp-clicks-validated-v1,json_extra,43,String,YES,
clickhouse,raw,ssp-clicks-validated-v1,referer,44,Nullable(String),YES,
clickhouse,raw,ssp-clicks-validated-v1,hostname,45,String,YES,
clickhouse,raw,ssp-clicks-validated-v1,domain_pixel,46,String,YES,
clickhouse,raw,ssp-clicks-validated-v1,code_error,47,Nullable(String),YES,
clickhouse,raw,ssp-clicks-validated-v1,message_error,48,Nullable(String),YES,
clickhouse,raw,ssp-clicks-validated-v1,id_os,49,Int64,YES,PRI
clickhouse,raw,ssp-clicks-validated-v1,ttl_tappx,50,Int64,YES,
clickhouse,raw,ssp-clicks-validated-v1,kafka_partition_id,51,Nullable(Int32),YES,
clickhouse,raw,ssp-clicks-validated-v1-dist,ts_request,1,DateTime64(3),YES,
clickhouse,raw,ssp-clicks-validated-v1-dist,ts_delivery_ad,2,DateTime64(3),YES,
clickhouse,raw,ssp-clicks-validated-v1-dist,ts_click,3,Nullable(DateTime64(3)),YES,
clickhouse,raw,ssp-clicks-validated-v1-dist,ttl,4,Int64,YES,
clickhouse,raw,ssp-clicks-validated-v1-dist,id_request,5,Int64,YES,
clickhouse,raw,ssp-clicks-validated-v1-dist,subid_request,6,Nullable(Int64),YES,
clickhouse,raw,ssp-clicks-validated-v1-dist,datacenter,7,String,YES,
clickhouse,raw,ssp-clicks-validated-v1-dist,canary,8,Bool,YES,
clickhouse,raw,ssp-clicks-validated-v1-dist,ad_format,9,String,YES,
clickhouse,raw,ssp-clicks-validated-v1-dist,ad_markup,10,String,YES,
clickhouse,raw,ssp-clicks-validated-v1-dist,track_type,11,String,YES,
clickhouse,raw,ssp-clicks-validated-v1-dist,user_id,12,Int64,YES,
clickhouse,raw,ssp-clicks-validated-v1-dist,endpoint,13,String,YES,
clickhouse,raw,ssp-clicks-validated-v1-dist,endpoint_type,14,String,YES,
clickhouse,raw,ssp-clicks-validated-v1-dist,mediation_connection,15,String,YES,
clickhouse,raw,ssp-clicks-validated-v1-dist,adunit,16,String,YES,
clickhouse,raw,ssp-clicks-validated-v1-dist,id_app,17,Int64,YES,
clickhouse,raw,ssp-clicks-validated-v1-dist,id_size,18,Int64,YES,
clickhouse,raw,ssp-clicks-validated-v1-dist,ad_size,19,String,YES,
clickhouse,raw,ssp-clicks-validated-v1-dist,bundle,20,String,YES,
clickhouse,raw,ssp-clicks-validated-v1-dist,bundle_numerico,21,Nullable(Int64),YES,
clickhouse,raw,ssp-clicks-validated-v1-dist,channel,22,Nullable(String),YES,
clickhouse,raw,ssp-clicks-validated-v1-dist,bundle_click,23,Nullable(String),YES,
clickhouse,raw,ssp-clicks-validated-v1-dist,inventory_type,24,String,YES,
clickhouse,raw,ssp-clicks-validated-v1-dist,country,25,String,YES,
clickhouse,raw,ssp-clicks-validated-v1-dist,network_id,26,Int64,YES,
clickhouse,raw,ssp-clicks-validated-v1-dist,network_name,27,String,YES,
clickhouse,raw,ssp-clicks-validated-v1-dist,network_key,28,String,YES,
clickhouse,raw,ssp-clicks-validated-v1-dist,ip,29,String,YES,
clickhouse,raw,ssp-clicks-validated-v1-dist,ipv6,30,String,YES,
clickhouse,raw,ssp-clicks-validated-v1-dist,ip_click,31,Nullable(String),YES,
clickhouse,raw,ssp-clicks-validated-v1-dist,ua_request,32,String,YES,
clickhouse,raw,ssp-clicks-validated-v1-dist,ua_click,33,Nullable(String),YES,
clickhouse,raw,ssp-clicks-validated-v1-dist,json_data,34,String,YES,
clickhouse,raw,ssp-clicks-validated-v1-dist,json_device,35,String,YES,
clickhouse,raw,ssp-clicks-validated-v1-dist,json_prices,36,String,YES,
clickhouse,raw,ssp-clicks-validated-v1-dist,price_network_response_gross,37,Float32,YES,
clickhouse,raw,ssp-clicks-validated-v1-dist,price_network_response_net,38,Float32,YES,
clickhouse,raw,ssp-clicks-validated-v1-dist,price_publisher_response,39,Float32,YES,
clickhouse,raw,ssp-clicks-validated-v1-dist,json_qa,40,String,YES,
clickhouse,raw,ssp-clicks-validated-v1-dist,json_cache,41,String,YES,
clickhouse,raw,ssp-clicks-validated-v1-dist,video_length,42,Nullable(Int64),YES,
clickhouse,raw,ssp-clicks-validated-v1-dist,json_extra,43,String,YES,
clickhouse,raw,ssp-clicks-validated-v1-dist,referer,44,Nullable(String),YES,
clickhouse,raw,ssp-clicks-validated-v1-dist,hostname,45,String,YES,
clickhouse,raw,ssp-clicks-validated-v1-dist,domain_pixel,46,String,YES,
clickhouse,raw,ssp-clicks-validated-v1-dist,code_error,47,Nullable(String),YES,
clickhouse,raw,ssp-clicks-validated-v1-dist,message_error,48,Nullable(String),YES,
clickhouse,raw,ssp-clicks-validated-v1-dist,id_os,49,Int64,YES,
clickhouse,raw,ssp-clicks-validated-v1-dist,ttl_tappx,50,Int64,YES,
clickhouse,raw,ssp-clicks-validated-v1-dist,kafka_partition_id,51,Nullable(Int32),YES,
clickhouse,raw,ssp-dmn-deliveries-aggregate,date,1,String,YES,PRI
clickhouse,raw,ssp-dmn-deliveries-aggregate,hour,2,Int64,YES,PRI
clickhouse,raw,ssp-dmn-deliveries-aggregate,minute,3,Int64,YES,
clickhouse,raw,ssp-dmn-deliveries-aggregate,datacenter,4,String,YES,PRI
clickhouse,raw,ssp-dmn-deliveries-aggregate,canary,5,Bool,YES,
clickhouse,raw,ssp-dmn-deliveries-aggregate,endpoint,6,String,YES,
clickhouse,raw,ssp-dmn-deliveries-aggregate,endpoint_type,7,Nullable(String),YES,
clickhouse,raw,ssp-dmn-deliveries-aggregate,mediation_connection,8,Nullable(String),YES,
clickhouse,raw,ssp-dmn-deliveries-aggregate,id_user,9,Nullable(Int64),YES,
clickhouse,raw,ssp-dmn-deliveries-aggregate,adunit,10,String,YES,
clickhouse,raw,ssp-dmn-deliveries-aggregate,id_app,11,Nullable(Int64),YES,
clickhouse,raw,ssp-dmn-deliveries-aggregate,bundle,12,Nullable(String),YES,
clickhouse,raw,ssp-dmn-deliveries-aggregate,bundle_numerico,13,Nullable(Int64),YES,
clickhouse,raw,ssp-dmn-deliveries-aggregate,channel,14,Nullable(String),YES,
clickhouse,raw,ssp-dmn-deliveries-aggregate,id_os,15,Int64,YES,PRI
clickhouse,raw,ssp-dmn-deliveries-aggregate,inventory_type,16,Nullable(String),YES,
clickhouse,raw,ssp-dmn-deliveries-aggregate,country,17,String,YES,
clickhouse,raw,ssp-dmn-deliveries-aggregate,id_size,18,Nullable(Int64),YES,
clickhouse,raw,ssp-dmn-deliveries-aggregate,ad_size,19,String,YES,PRI
clickhouse,raw,ssp-dmn-deliveries-aggregate,network_id,20,Int64,YES,
clickhouse,raw,ssp-dmn-deliveries-aggregate,network_name,21,Nullable(String),YES,
clickhouse,raw,ssp-dmn-deliveries-aggregate,network_key,22,Nullable(String),YES,
clickhouse,raw,ssp-dmn-deliveries-aggregate,json_data,23,Nullable(String),YES,
clickhouse,raw,ssp-dmn-deliveries-aggregate,json_qa,24,Nullable(String),YES,
clickhouse,raw,ssp-dmn-deliveries-aggregate,delivery_network,25,Int64,YES,
clickhouse,raw,ssp-dmn-deliveries-aggregate,delivery_winner,26,Int64,YES,
clickhouse,raw,ssp-dmn-deliveries-aggregate,delivery_cache,27,Int64,YES,
clickhouse,raw,ssp-dmn-deliveries-aggregate,delivery_cache_winner,28,Int64,YES,
clickhouse,raw,ssp-dmn-deliveries-aggregate,delivery_network_rejected_ad,29,Int64,YES,
clickhouse,raw,ssp-dmn-deliveries-aggregate,sum_price_user_in_request,30,Nullable(Float32),YES,
clickhouse,raw,ssp-dmn-deliveries-aggregate,sum_price_user_dash_request,31,Float32,YES,
clickhouse,raw,ssp-dmn-deliveries-aggregate,sum_price_user_used,32,Float32,YES,
clickhouse,raw,ssp-dmn-deliveries-aggregate,max_price_user_request,33,Nullable(Float32),YES,
clickhouse,raw,ssp-dmn-deliveries-aggregate,min_price_user_request,34,Nullable(Float32),YES,
clickhouse,raw,ssp-dmn-deliveries-aggregate,sum_price_network_request,35,Float32,YES,
clickhouse,raw,ssp-dmn-deliveries-aggregate,max_price_network_request,36,Nullable(Float32),YES,
clickhouse,raw,ssp-dmn-deliveries-aggregate,min_price_network_request,37,Nullable(Float32),YES,
clickhouse,raw,ssp-dmn-deliveries-aggregate,sum_price_network_response_gross,38,Float32,YES,
clickhouse,raw,ssp-dmn-deliveries-aggregate,max_price_network_response_gross,39,Nullable(Float32),YES,
clickhouse,raw,ssp-dmn-deliveries-aggregate,min_price_network_response_gross,40,Nullable(Float32),YES,
clickhouse,raw,ssp-dmn-deliveries-aggregate,sum_price_network_response_net,41,Float32,YES,
clickhouse,raw,ssp-dmn-deliveries-aggregate,max_price_network_response_net,42,Nullable(Float32),YES,
clickhouse,raw,ssp-dmn-deliveries-aggregate,min_price_network_response_net,43,Nullable(Float32),YES,
clickhouse,raw,ssp-dmn-deliveries-aggregate,sum_price_publisher_response,44,Float32,YES,
clickhouse,raw,ssp-dmn-deliveries-aggregate,max_price_publisher_response,45,Nullable(Float32),YES,
clickhouse,raw,ssp-dmn-deliveries-aggregate,min_price_publisher_response,46,Nullable(Float32),YES,
clickhouse,raw,ssp-dmn-deliveries-aggregate,total_time_response,47,Int64,YES,
clickhouse,raw,ssp-dmn-deliveries-aggregate,total_time_response_with_ad,48,Int64,YES,
clickhouse,raw,ssp-dmn-deliveries-aggregate,total_time_response_with_ad_cache,49,Int64,YES,
clickhouse,raw,ssp-dmn-deliveries-aggregate,kafka_partition_id,50,Nullable(Int32),YES,
clickhouse,raw,ssp-dmn-deliveries-aggregate-dist,date,1,String,YES,
clickhouse,raw,ssp-dmn-deliveries-aggregate-dist,hour,2,Int64,YES,
clickhouse,raw,ssp-dmn-deliveries-aggregate-dist,minute,3,Int64,YES,
clickhouse,raw,ssp-dmn-deliveries-aggregate-dist,datacenter,4,String,YES,
clickhouse,raw,ssp-dmn-deliveries-aggregate-dist,canary,5,Bool,YES,
clickhouse,raw,ssp-dmn-deliveries-aggregate-dist,endpoint,6,String,YES,
clickhouse,raw,ssp-dmn-deliveries-aggregate-dist,endpoint_type,7,Nullable(String),YES,
clickhouse,raw,ssp-dmn-deliveries-aggregate-dist,mediation_connection,8,Nullable(String),YES,
clickhouse,raw,ssp-dmn-deliveries-aggregate-dist,id_user,9,Nullable(Int64),YES,
clickhouse,raw,ssp-dmn-deliveries-aggregate-dist,adunit,10,String,YES,
clickhouse,raw,ssp-dmn-deliveries-aggregate-dist,id_app,11,Nullable(Int64),YES,
clickhouse,raw,ssp-dmn-deliveries-aggregate-dist,bundle,12,Nullable(String),YES,
clickhouse,raw,ssp-dmn-deliveries-aggregate-dist,bundle_numerico,13,Nullable(Int64),YES,
clickhouse,raw,ssp-dmn-deliveries-aggregate-dist,channel,14,Nullable(String),YES,
clickhouse,raw,ssp-dmn-deliveries-aggregate-dist,id_os,15,Int64,YES,
clickhouse,raw,ssp-dmn-deliveries-aggregate-dist,inventory_type,16,Nullable(String),YES,
clickhouse,raw,ssp-dmn-deliveries-aggregate-dist,country,17,String,YES,
clickhouse,raw,ssp-dmn-deliveries-aggregate-dist,id_size,18,Nullable(Int64),YES,
clickhouse,raw,ssp-dmn-deliveries-aggregate-dist,ad_size,19,String,YES,
clickhouse,raw,ssp-dmn-deliveries-aggregate-dist,network_id,20,Int64,YES,
clickhouse,raw,ssp-dmn-deliveries-aggregate-dist,network_name,21,Nullable(String),YES,
clickhouse,raw,ssp-dmn-deliveries-aggregate-dist,network_key,22,Nullable(String),YES,
clickhouse,raw,ssp-dmn-deliveries-aggregate-dist,json_data,23,Nullable(String),YES,
clickhouse,raw,ssp-dmn-deliveries-aggregate-dist,json_qa,24,Nullable(String),YES,
clickhouse,raw,ssp-dmn-deliveries-aggregate-dist,delivery_network,25,Int64,YES,
clickhouse,raw,ssp-dmn-deliveries-aggregate-dist,delivery_winner,26,Int64,YES,
clickhouse,raw,ssp-dmn-deliveries-aggregate-dist,delivery_cache,27,Int64,YES,
clickhouse,raw,ssp-dmn-deliveries-aggregate-dist,delivery_cache_winner,28,Int64,YES,
clickhouse,raw,ssp-dmn-deliveries-aggregate-dist,delivery_network_rejected_ad,29,Int64,YES,
clickhouse,raw,ssp-dmn-deliveries-aggregate-dist,sum_price_user_in_request,30,Nullable(Float32),YES,
clickhouse,raw,ssp-dmn-deliveries-aggregate-dist,sum_price_user_dash_request,31,Float32,YES,
clickhouse,raw,ssp-dmn-deliveries-aggregate-dist,sum_price_user_used,32,Float32,YES,
clickhouse,raw,ssp-dmn-deliveries-aggregate-dist,max_price_user_request,33,Nullable(Float32),YES,
clickhouse,raw,ssp-dmn-deliveries-aggregate-dist,min_price_user_request,34,Nullable(Float32),YES,
clickhouse,raw,ssp-dmn-deliveries-aggregate-dist,sum_price_network_request,35,Float32,YES,
clickhouse,raw,ssp-dmn-deliveries-aggregate-dist,max_price_network_request,36,Nullable(Float32),YES,
clickhouse,raw,ssp-dmn-deliveries-aggregate-dist,min_price_network_request,37,Nullable(Float32),YES,
clickhouse,raw,ssp-dmn-deliveries-aggregate-dist,sum_price_network_response_gross,38,Float32,YES,
clickhouse,raw,ssp-dmn-deliveries-aggregate-dist,max_price_network_response_gross,39,Nullable(Float32),YES,
clickhouse,raw,ssp-dmn-deliveries-aggregate-dist,min_price_network_response_gross,40,Nullable(Float32),YES,
clickhouse,raw,ssp-dmn-deliveries-aggregate-dist,sum_price_network_response_net,41,Float32,YES,
clickhouse,raw,ssp-dmn-deliveries-aggregate-dist,max_price_network_response_net,42,Nullable(Float32),YES,
clickhouse,raw,ssp-dmn-deliveries-aggregate-dist,min_price_network_response_net,43,Nullable(Float32),YES,
clickhouse,raw,ssp-dmn-deliveries-aggregate-dist,sum_price_publisher_response,44,Float32,YES,
clickhouse,raw,ssp-dmn-deliveries-aggregate-dist,max_price_publisher_response,45,Nullable(Float32),YES,
clickhouse,raw,ssp-dmn-deliveries-aggregate-dist,min_price_publisher_response,46,Nullable(Float32),YES,
clickhouse,raw,ssp-dmn-deliveries-aggregate-dist,total_time_response,47,Int64,YES,
clickhouse,raw,ssp-dmn-deliveries-aggregate-dist,total_time_response_with_ad,48,Int64,YES,
clickhouse,raw,ssp-dmn-deliveries-aggregate-dist,total_time_response_with_ad_cache,49,Int64,YES,
clickhouse,raw,ssp-dmn-deliveries-aggregate-dist,kafka_partition_id,50,Nullable(Int32),YES,
clickhouse,raw,ssp-dmn-requests-aggregate,date,1,String,YES,PRI
clickhouse,raw,ssp-dmn-requests-aggregate,hour,2,Int64,YES,PRI
clickhouse,raw,ssp-dmn-requests-aggregate,minute,3,Int64,YES,
clickhouse,raw,ssp-dmn-requests-aggregate,datacenter,4,String,YES,PRI
clickhouse,raw,ssp-dmn-requests-aggregate,canary,5,Bool,YES,
clickhouse,raw,ssp-dmn-requests-aggregate,endpoint,6,String,YES,
clickhouse,raw,ssp-dmn-requests-aggregate,endpoint_type,7,Nullable(String),YES,
clickhouse,raw,ssp-dmn-requests-aggregate,mediation_connection,8,Nullable(String),YES,
clickhouse,raw,ssp-dmn-requests-aggregate,id_user,9,Nullable(Int64),YES,
clickhouse,raw,ssp-dmn-requests-aggregate,adunit,10,String,YES,
clickhouse,raw,ssp-dmn-requests-aggregate,id_app,11,Nullable(Int64),YES,
clickhouse,raw,ssp-dmn-requests-aggregate,bundle,12,Nullable(String),YES,
clickhouse,raw,ssp-dmn-requests-aggregate,bundle_numerico,13,Nullable(Int64),YES,
clickhouse,raw,ssp-dmn-requests-aggregate,channel,14,Nullable(String),YES,
clickhouse,raw,ssp-dmn-requests-aggregate,id_os,15,Int64,YES,PRI
clickhouse,raw,ssp-dmn-requests-aggregate,inventory_type,16,Nullable(String),YES,
clickhouse,raw,ssp-dmn-requests-aggregate,country,17,String,YES,
clickhouse,raw,ssp-dmn-requests-aggregate,id_size,18,Nullable(Int64),YES,
clickhouse,raw,ssp-dmn-requests-aggregate,ad_size,19,String,YES,PRI
clickhouse,raw,ssp-dmn-requests-aggregate,network_id,20,Int64,YES,
clickhouse,raw,ssp-dmn-requests-aggregate,network_name,21,Nullable(String),YES,
clickhouse,raw,ssp-dmn-requests-aggregate,network_key,22,Nullable(String),YES,
clickhouse,raw,ssp-dmn-requests-aggregate,json_data,23,Nullable(String),YES,
clickhouse,raw,ssp-dmn-requests-aggregate,requests_uniques,24,Nullable(Int64),YES,
clickhouse,raw,ssp-dmn-requests-aggregate,requests,25,Nullable(Int64),YES,
clickhouse,raw,ssp-dmn-requests-aggregate,sum_price_user_in_requests,26,Nullable(Float32),YES,
clickhouse,raw,ssp-dmn-requests-aggregate,sum_price_user_dash_requests,27,Nullable(Float32),YES,
clickhouse,raw,ssp-dmn-requests-aggregate,sum_price_user_used,28,Nullable(Float32),YES,
clickhouse,raw,ssp-dmn-requests-aggregate,max_price_user_requests,29,Nullable(Float32),YES,
clickhouse,raw,ssp-dmn-requests-aggregate,min_price_user_requests,30,Nullable(Float32),YES,
clickhouse,raw,ssp-dmn-requests-aggregate,sum_price_network_requests,31,Nullable(Float32),YES,
clickhouse,raw,ssp-dmn-requests-aggregate,max_price_network_requests,32,Nullable(Float32),YES,
clickhouse,raw,ssp-dmn-requests-aggregate,min_price_network_requests,33,Nullable(Float32),YES,
clickhouse,raw,ssp-dmn-requests-aggregate,sum_bytes_network_requests,34,Nullable(Int64),YES,
clickhouse,raw,ssp-dmn-requests-aggregate,kafka_partition_id,35,Nullable(Int32),YES,
clickhouse,raw,ssp-dmn-requests-aggregate-dist,date,1,String,YES,
clickhouse,raw,ssp-dmn-requests-aggregate-dist,hour,2,Int64,YES,
clickhouse,raw,ssp-dmn-requests-aggregate-dist,minute,3,Int64,YES,
clickhouse,raw,ssp-dmn-requests-aggregate-dist,datacenter,4,String,YES,
clickhouse,raw,ssp-dmn-requests-aggregate-dist,canary,5,Bool,YES,
clickhouse,raw,ssp-dmn-requests-aggregate-dist,endpoint,6,String,YES,
clickhouse,raw,ssp-dmn-requests-aggregate-dist,endpoint_type,7,Nullable(String),YES,
clickhouse,raw,ssp-dmn-requests-aggregate-dist,mediation_connection,8,Nullable(String),YES,
clickhouse,raw,ssp-dmn-requests-aggregate-dist,id_user,9,Nullable(Int64),YES,
clickhouse,raw,ssp-dmn-requests-aggregate-dist,adunit,10,String,YES,
clickhouse,raw,ssp-dmn-requests-aggregate-dist,id_app,11,Nullable(Int64),YES,
clickhouse,raw,ssp-dmn-requests-aggregate-dist,bundle,12,Nullable(String),YES,
clickhouse,raw,ssp-dmn-requests-aggregate-dist,bundle_numerico,13,Nullable(Int64),YES,
clickhouse,raw,ssp-dmn-requests-aggregate-dist,channel,14,Nullable(String),YES,
clickhouse,raw,ssp-dmn-requests-aggregate-dist,id_os,15,Int64,YES,
clickhouse,raw,ssp-dmn-requests-aggregate-dist,inventory_type,16,Nullable(String),YES,
clickhouse,raw,ssp-dmn-requests-aggregate-dist,country,17,String,YES,
clickhouse,raw,ssp-dmn-requests-aggregate-dist,id_size,18,Nullable(Int64),YES,
clickhouse,raw,ssp-dmn-requests-aggregate-dist,ad_size,19,String,YES,
clickhouse,raw,ssp-dmn-requests-aggregate-dist,network_id,20,Int64,YES,
clickhouse,raw,ssp-dmn-requests-aggregate-dist,network_name,21,Nullable(String),YES,
clickhouse,raw,ssp-dmn-requests-aggregate-dist,network_key,22,Nullable(String),YES,
clickhouse,raw,ssp-dmn-requests-aggregate-dist,json_data,23,Nullable(String),YES,
clickhouse,raw,ssp-dmn-requests-aggregate-dist,requests_uniques,24,Nullable(Int64),YES,
clickhouse,raw,ssp-dmn-requests-aggregate-dist,requests,25,Nullable(Int64),YES,
clickhouse,raw,ssp-dmn-requests-aggregate-dist,sum_price_user_in_requests,26,Nullable(Float32),YES,
clickhouse,raw,ssp-dmn-requests-aggregate-dist,sum_price_user_dash_requests,27,Nullable(Float32),YES,
clickhouse,raw,ssp-dmn-requests-aggregate-dist,sum_price_user_used,28,Nullable(Float32),YES,
clickhouse,raw,ssp-dmn-requests-aggregate-dist,max_price_user_requests,29,Nullable(Float32),YES,
clickhouse,raw,ssp-dmn-requests-aggregate-dist,min_price_user_requests,30,Nullable(Float32),YES,
clickhouse,raw,ssp-dmn-requests-aggregate-dist,sum_price_network_requests,31,Nullable(Float32),YES,
clickhouse,raw,ssp-dmn-requests-aggregate-dist,max_price_network_requests,32,Nullable(Float32),YES,
clickhouse,raw,ssp-dmn-requests-aggregate-dist,min_price_network_requests,33,Nullable(Float32),YES,
clickhouse,raw,ssp-dmn-requests-aggregate-dist,sum_bytes_network_requests,34,Nullable(Int64),YES,
clickhouse,raw,ssp-dmn-requests-aggregate-dist,kafka_partition_id,35,Nullable(Int32),YES,
clickhouse,raw,ssp-impressions-dup-v1,ts_request,1,DateTime64(3),YES,
clickhouse,raw,ssp-impressions-dup-v1,ts_delivery_ad,2,DateTime64(3),YES,
clickhouse,raw,ssp-impressions-dup-v1,ts_impression,3,Nullable(DateTime64(3)),YES,
clickhouse,raw,ssp-impressions-dup-v1,ttl,4,Int64,YES,
clickhouse,raw,ssp-impressions-dup-v1,id_request,5,Int64,YES,
clickhouse,raw,ssp-impressions-dup-v1,subid_request,6,Nullable(Int64),YES,
clickhouse,raw,ssp-impressions-dup-v1,datacenter,7,String,YES,PRI
clickhouse,raw,ssp-impressions-dup-v1,canary,8,Bool,YES,
clickhouse,raw,ssp-impressions-dup-v1,ad_format,9,String,YES,
clickhouse,raw,ssp-impressions-dup-v1,ad_markup,10,String,YES,
clickhouse,raw,ssp-impressions-dup-v1,track_type,11,String,YES,
clickhouse,raw,ssp-impressions-dup-v1,user_id,12,Int64,YES,
clickhouse,raw,ssp-impressions-dup-v1,endpoint,13,String,YES,
clickhouse,raw,ssp-impressions-dup-v1,endpoint_type,14,String,YES,
clickhouse,raw,ssp-impressions-dup-v1,mediation_connection,15,String,YES,
clickhouse,raw,ssp-impressions-dup-v1,adunit,16,String,YES,
clickhouse,raw,ssp-impressions-dup-v1,id_app,17,Int64,YES,
clickhouse,raw,ssp-impressions-dup-v1,id_size,18,Int64,YES,
clickhouse,raw,ssp-impressions-dup-v1,ad_size,19,String,YES,PRI
clickhouse,raw,ssp-impressions-dup-v1,bundle,20,String,YES,
clickhouse,raw,ssp-impressions-dup-v1,bundle_numerico,21,Nullable(Int64),YES,
clickhouse,raw,ssp-impressions-dup-v1,channel,22,Nullable(String),YES,
clickhouse,raw,ssp-impressions-dup-v1,bundle_impression,23,Nullable(String),YES,
clickhouse,raw,ssp-impressions-dup-v1,inventory_type,24,String,YES,
clickhouse,raw,ssp-impressions-dup-v1,country,25,String,YES,
clickhouse,raw,ssp-impressions-dup-v1,network_id,26,Int64,YES,
clickhouse,raw,ssp-impressions-dup-v1,network_name,27,String,YES,
clickhouse,raw,ssp-impressions-dup-v1,network_key,28,String,YES,
clickhouse,raw,ssp-impressions-dup-v1,ip,29,String,YES,
clickhouse,raw,ssp-impressions-dup-v1,ipv6,30,String,YES,
clickhouse,raw,ssp-impressions-dup-v1,ip_impression,31,Nullable(String),YES,
clickhouse,raw,ssp-impressions-dup-v1,ua_request,32,String,YES,
clickhouse,raw,ssp-impressions-dup-v1,ua_impression,33,Nullable(String),YES,
clickhouse,raw,ssp-impressions-dup-v1,json_data,34,String,YES,
clickhouse,raw,ssp-impressions-dup-v1,json_device,35,String,YES,
clickhouse,raw,ssp-impressions-dup-v1,json_prices,36,String,YES,
clickhouse,raw,ssp-impressions-dup-v1,price_network_response_gross,37,Float32,YES,
clickhouse,raw,ssp-impressions-dup-v1,price_network_response_net,38,Float32,YES,
clickhouse,raw,ssp-impressions-dup-v1,price_publisher_response,39,Float32,YES,
clickhouse,raw,ssp-impressions-dup-v1,json_qa,40,String,YES,
clickhouse,raw,ssp-impressions-dup-v1,json_cache,41,String,YES,
clickhouse,raw,ssp-impressions-dup-v1,video_length,42,Nullable(Int64),YES,
clickhouse,raw,ssp-impressions-dup-v1,json_extra,43,String,YES,
clickhouse,raw,ssp-impressions-dup-v1,referer,44,Nullable(String),YES,
clickhouse,raw,ssp-impressions-dup-v1,hostname,45,String,YES,
clickhouse,raw,ssp-impressions-dup-v1,domain_pixel,46,String,YES,
clickhouse,raw,ssp-impressions-dup-v1,code_error,47,Nullable(String),YES,
clickhouse,raw,ssp-impressions-dup-v1,message_error,48,Nullable(String),YES,
clickhouse,raw,ssp-impressions-dup-v1,id_os,49,Int64,YES,PRI
clickhouse,raw,ssp-impressions-dup-v1,ttl_tappx,50,Int64,YES,
clickhouse,raw,ssp-impressions-dup-v1,kafka_partition_id,51,Nullable(Int32),YES,
clickhouse,raw,ssp-impressions-dup-v1-dist,ts_request,1,DateTime64(3),YES,
clickhouse,raw,ssp-impressions-dup-v1-dist,ts_delivery_ad,2,DateTime64(3),YES,
clickhouse,raw,ssp-impressions-dup-v1-dist,ts_impression,3,Nullable(DateTime64(3)),YES,
clickhouse,raw,ssp-impressions-dup-v1-dist,ttl,4,Int64,YES,
clickhouse,raw,ssp-impressions-dup-v1-dist,id_request,5,Int64,YES,
clickhouse,raw,ssp-impressions-dup-v1-dist,subid_request,6,Nullable(Int64),YES,
clickhouse,raw,ssp-impressions-dup-v1-dist,datacenter,7,String,YES,
clickhouse,raw,ssp-impressions-dup-v1-dist,canary,8,Bool,YES,
clickhouse,raw,ssp-impressions-dup-v1-dist,ad_format,9,String,YES,
clickhouse,raw,ssp-impressions-dup-v1-dist,ad_markup,10,String,YES,
clickhouse,raw,ssp-impressions-dup-v1-dist,track_type,11,String,YES,
clickhouse,raw,ssp-impressions-dup-v1-dist,user_id,12,Int64,YES,
clickhouse,raw,ssp-impressions-dup-v1-dist,endpoint,13,String,YES,
clickhouse,raw,ssp-impressions-dup-v1-dist,endpoint_type,14,String,YES,
clickhouse,raw,ssp-impressions-dup-v1-dist,mediation_connection,15,String,YES,
clickhouse,raw,ssp-impressions-dup-v1-dist,adunit,16,String,YES,
clickhouse,raw,ssp-impressions-dup-v1-dist,id_app,17,Int64,YES,
clickhouse,raw,ssp-impressions-dup-v1-dist,id_size,18,Int64,YES,
clickhouse,raw,ssp-impressions-dup-v1-dist,ad_size,19,String,YES,
clickhouse,raw,ssp-impressions-dup-v1-dist,bundle,20,String,YES,
clickhouse,raw,ssp-impressions-dup-v1-dist,bundle_numerico,21,Nullable(Int64),YES,
clickhouse,raw,ssp-impressions-dup-v1-dist,channel,22,Nullable(String),YES,
clickhouse,raw,ssp-impressions-dup-v1-dist,bundle_impression,23,Nullable(String),YES,
clickhouse,raw,ssp-impressions-dup-v1-dist,inventory_type,24,String,YES,
clickhouse,raw,ssp-impressions-dup-v1-dist,country,25,String,YES,
clickhouse,raw,ssp-impressions-dup-v1-dist,network_id,26,Int64,YES,
clickhouse,raw,ssp-impressions-dup-v1-dist,network_name,27,String,YES,
clickhouse,raw,ssp-impressions-dup-v1-dist,network_key,28,String,YES,
clickhouse,raw,ssp-impressions-dup-v1-dist,ip,29,String,YES,
clickhouse,raw,ssp-impressions-dup-v1-dist,ipv6,30,String,YES,
clickhouse,raw,ssp-impressions-dup-v1-dist,ip_impression,31,Nullable(String),YES,
clickhouse,raw,ssp-impressions-dup-v1-dist,ua_request,32,String,YES,
clickhouse,raw,ssp-impressions-dup-v1-dist,ua_impression,33,Nullable(String),YES,
clickhouse,raw,ssp-impressions-dup-v1-dist,json_data,34,String,YES,
clickhouse,raw,ssp-impressions-dup-v1-dist,json_device,35,String,YES,
clickhouse,raw,ssp-impressions-dup-v1-dist,json_prices,36,String,YES,
clickhouse,raw,ssp-impressions-dup-v1-dist,price_network_response_gross,37,Float32,YES,
clickhouse,raw,ssp-impressions-dup-v1-dist,price_network_response_net,38,Float32,YES,
clickhouse,raw,ssp-impressions-dup-v1-dist,price_publisher_response,39,Float32,YES,
clickhouse,raw,ssp-impressions-dup-v1-dist,json_qa,40,String,YES,
clickhouse,raw,ssp-impressions-dup-v1-dist,json_cache,41,String,YES,
clickhouse,raw,ssp-impressions-dup-v1-dist,video_length,42,Nullable(Int64),YES,
clickhouse,raw,ssp-impressions-dup-v1-dist,json_extra,43,String,YES,
clickhouse,raw,ssp-impressions-dup-v1-dist,referer,44,Nullable(String),YES,
clickhouse,raw,ssp-impressions-dup-v1-dist,hostname,45,String,YES,
clickhouse,raw,ssp-impressions-dup-v1-dist,domain_pixel,46,String,YES,
clickhouse,raw,ssp-impressions-dup-v1-dist,code_error,47,Nullable(String),YES,
clickhouse,raw,ssp-impressions-dup-v1-dist,message_error,48,Nullable(String),YES,
clickhouse,raw,ssp-impressions-dup-v1-dist,id_os,49,Int64,YES,
clickhouse,raw,ssp-impressions-dup-v1-dist,ttl_tappx,50,Int64,YES,
clickhouse,raw,ssp-impressions-dup-v1-dist,kafka_partition_id,51,Nullable(Int32),YES,
clickhouse,raw,ssp-impressions-timeout-v1,ts_request,1,DateTime64(3),YES,
clickhouse,raw,ssp-impressions-timeout-v1,ts_delivery_ad,2,DateTime64(3),YES,
clickhouse,raw,ssp-impressions-timeout-v1,ts_impression,3,Nullable(DateTime64(3)),YES,
clickhouse,raw,ssp-impressions-timeout-v1,ttl,4,Int64,YES,
clickhouse,raw,ssp-impressions-timeout-v1,id_request,5,Int64,YES,
clickhouse,raw,ssp-impressions-timeout-v1,subid_request,6,Nullable(Int64),YES,
clickhouse,raw,ssp-impressions-timeout-v1,datacenter,7,String,YES,PRI
clickhouse,raw,ssp-impressions-timeout-v1,canary,8,Bool,YES,
clickhouse,raw,ssp-impressions-timeout-v1,ad_format,9,String,YES,
clickhouse,raw,ssp-impressions-timeout-v1,ad_markup,10,String,YES,
clickhouse,raw,ssp-impressions-timeout-v1,track_type,11,String,YES,
clickhouse,raw,ssp-impressions-timeout-v1,user_id,12,Int64,YES,
clickhouse,raw,ssp-impressions-timeout-v1,endpoint,13,String,YES,
clickhouse,raw,ssp-impressions-timeout-v1,endpoint_type,14,String,YES,
clickhouse,raw,ssp-impressions-timeout-v1,mediation_connection,15,String,YES,
clickhouse,raw,ssp-impressions-timeout-v1,adunit,16,String,YES,
clickhouse,raw,ssp-impressions-timeout-v1,id_app,17,Int64,YES,
clickhouse,raw,ssp-impressions-timeout-v1,id_size,18,Int64,YES,
clickhouse,raw,ssp-impressions-timeout-v1,ad_size,19,String,YES,PRI
clickhouse,raw,ssp-impressions-timeout-v1,bundle,20,String,YES,
clickhouse,raw,ssp-impressions-timeout-v1,bundle_numerico,21,Nullable(Int64),YES,
clickhouse,raw,ssp-impressions-timeout-v1,channel,22,Nullable(String),YES,
clickhouse,raw,ssp-impressions-timeout-v1,bundle_impression,23,Nullable(String),YES,
clickhouse,raw,ssp-impressions-timeout-v1,inventory_type,24,String,YES,
clickhouse,raw,ssp-impressions-timeout-v1,country,25,String,YES,
clickhouse,raw,ssp-impressions-timeout-v1,network_id,26,Int64,YES,
clickhouse,raw,ssp-impressions-timeout-v1,network_name,27,String,YES,
clickhouse,raw,ssp-impressions-timeout-v1,network_key,28,String,YES,
clickhouse,raw,ssp-impressions-timeout-v1,ip,29,String,YES,
clickhouse,raw,ssp-impressions-timeout-v1,ipv6,30,String,YES,
clickhouse,raw,ssp-impressions-timeout-v1,ip_impression,31,Nullable(String),YES,
clickhouse,raw,ssp-impressions-timeout-v1,ua_request,32,String,YES,
clickhouse,raw,ssp-impressions-timeout-v1,ua_impression,33,Nullable(String),YES,
clickhouse,raw,ssp-impressions-timeout-v1,json_data,34,String,YES,
clickhouse,raw,ssp-impressions-timeout-v1,json_device,35,String,YES,
clickhouse,raw,ssp-impressions-timeout-v1,json_prices,36,String,YES,
clickhouse,raw,ssp-impressions-timeout-v1,price_network_response_gross,37,Float32,YES,
clickhouse,raw,ssp-impressions-timeout-v1,price_network_response_net,38,Float32,YES,
clickhouse,raw,ssp-impressions-timeout-v1,price_publisher_response,39,Float32,YES,
clickhouse,raw,ssp-impressions-timeout-v1,json_qa,40,String,YES,
clickhouse,raw,ssp-impressions-timeout-v1,json_cache,41,String,YES,
clickhouse,raw,ssp-impressions-timeout-v1,video_length,42,Nullable(Int64),YES,
clickhouse,raw,ssp-impressions-timeout-v1,json_extra,43,String,YES,
clickhouse,raw,ssp-impressions-timeout-v1,referer,44,Nullable(String),YES,
clickhouse,raw,ssp-impressions-timeout-v1,hostname,45,String,YES,
clickhouse,raw,ssp-impressions-timeout-v1,domain_pixel,46,String,YES,
clickhouse,raw,ssp-impressions-timeout-v1,code_error,47,Nullable(String),YES,
clickhouse,raw,ssp-impressions-timeout-v1,message_error,48,Nullable(String),YES,
clickhouse,raw,ssp-impressions-timeout-v1,id_os,49,Int64,YES,PRI
clickhouse,raw,ssp-impressions-timeout-v1,ttl_tappx,50,Int64,YES,
clickhouse,raw,ssp-impressions-timeout-v1,kafka_partition_id,51,Nullable(Int32),YES,
clickhouse,raw,ssp-impressions-timeout-v1-dist,ts_request,1,DateTime64(3),YES,
clickhouse,raw,ssp-impressions-timeout-v1-dist,ts_delivery_ad,2,DateTime64(3),YES,
clickhouse,raw,ssp-impressions-timeout-v1-dist,ts_impression,3,Nullable(DateTime64(3)),YES,
clickhouse,raw,ssp-impressions-timeout-v1-dist,ttl,4,Int64,YES,
clickhouse,raw,ssp-impressions-timeout-v1-dist,id_request,5,Int64,YES,
clickhouse,raw,ssp-impressions-timeout-v1-dist,subid_request,6,Nullable(Int64),YES,
clickhouse,raw,ssp-impressions-timeout-v1-dist,datacenter,7,String,YES,
clickhouse,raw,ssp-impressions-timeout-v1-dist,canary,8,Bool,YES,
clickhouse,raw,ssp-impressions-timeout-v1-dist,ad_format,9,String,YES,
clickhouse,raw,ssp-impressions-timeout-v1-dist,ad_markup,10,String,YES,
clickhouse,raw,ssp-impressions-timeout-v1-dist,track_type,11,String,YES,
clickhouse,raw,ssp-impressions-timeout-v1-dist,user_id,12,Int64,YES,
clickhouse,raw,ssp-impressions-timeout-v1-dist,endpoint,13,String,YES,
clickhouse,raw,ssp-impressions-timeout-v1-dist,endpoint_type,14,String,YES,
clickhouse,raw,ssp-impressions-timeout-v1-dist,mediation_connection,15,String,YES,
clickhouse,raw,ssp-impressions-timeout-v1-dist,adunit,16,String,YES,
clickhouse,raw,ssp-impressions-timeout-v1-dist,id_app,17,Int64,YES,
clickhouse,raw,ssp-impressions-timeout-v1-dist,id_size,18,Int64,YES,
clickhouse,raw,ssp-impressions-timeout-v1-dist,ad_size,19,String,YES,
clickhouse,raw,ssp-impressions-timeout-v1-dist,bundle,20,String,YES,
clickhouse,raw,ssp-impressions-timeout-v1-dist,bundle_numerico,21,Nullable(Int64),YES,
clickhouse,raw,ssp-impressions-timeout-v1-dist,channel,22,Nullable(String),YES,
clickhouse,raw,ssp-impressions-timeout-v1-dist,bundle_impression,23,Nullable(String),YES,
clickhouse,raw,ssp-impressions-timeout-v1-dist,inventory_type,24,String,YES,
clickhouse,raw,ssp-impressions-timeout-v1-dist,country,25,String,YES,
clickhouse,raw,ssp-impressions-timeout-v1-dist,network_id,26,Int64,YES,
clickhouse,raw,ssp-impressions-timeout-v1-dist,network_name,27,String,YES,
clickhouse,raw,ssp-impressions-timeout-v1-dist,network_key,28,String,YES,
clickhouse,raw,ssp-impressions-timeout-v1-dist,ip,29,String,YES,
clickhouse,raw,ssp-impressions-timeout-v1-dist,ipv6,30,String,YES,
clickhouse,raw,ssp-impressions-timeout-v1-dist,ip_impression,31,Nullable(String),YES,
clickhouse,raw,ssp-impressions-timeout-v1-dist,ua_request,32,String,YES,
clickhouse,raw,ssp-impressions-timeout-v1-dist,ua_impression,33,Nullable(String),YES,
clickhouse,raw,ssp-impressions-timeout-v1-dist,json_data,34,String,YES,
clickhouse,raw,ssp-impressions-timeout-v1-dist,json_device,35,String,YES,
clickhouse,raw,ssp-impressions-timeout-v1-dist,json_prices,36,String,YES,
clickhouse,raw,ssp-impressions-timeout-v1-dist,price_network_response_gross,37,Float32,YES,
clickhouse,raw,ssp-impressions-timeout-v1-dist,price_network_response_net,38,Float32,YES,
clickhouse,raw,ssp-impressions-timeout-v1-dist,price_publisher_response,39,Float32,YES,
clickhouse,raw,ssp-impressions-timeout-v1-dist,json_qa,40,String,YES,
clickhouse,raw,ssp-impressions-timeout-v1-dist,json_cache,41,String,YES,
clickhouse,raw,ssp-impressions-timeout-v1-dist,video_length,42,Nullable(Int64),YES,
clickhouse,raw,ssp-impressions-timeout-v1-dist,json_extra,43,String,YES,
clickhouse,raw,ssp-impressions-timeout-v1-dist,referer,44,Nullable(String),YES,
clickhouse,raw,ssp-impressions-timeout-v1-dist,hostname,45,String,YES,
clickhouse,raw,ssp-impressions-timeout-v1-dist,domain_pixel,46,String,YES,
clickhouse,raw,ssp-impressions-timeout-v1-dist,code_error,47,Nullable(String),YES,
clickhouse,raw,ssp-impressions-timeout-v1-dist,message_error,48,Nullable(String),YES,
clickhouse,raw,ssp-impressions-timeout-v1-dist,id_os,49,Int64,YES,
clickhouse,raw,ssp-impressions-timeout-v1-dist,ttl_tappx,50,Int64,YES,
clickhouse,raw,ssp-impressions-timeout-v1-dist,kafka_partition_id,51,Nullable(Int32),YES,
clickhouse,raw,ssp-impressions-validated-v1,ts_request,1,DateTime64(3),YES,
clickhouse,raw,ssp-impressions-validated-v1,ts_delivery_ad,2,DateTime64(3),YES,
clickhouse,raw,ssp-impressions-validated-v1,ts_impression,3,Nullable(DateTime64(3)),YES,
clickhouse,raw,ssp-impressions-validated-v1,ttl,4,Int64,YES,
clickhouse,raw,ssp-impressions-validated-v1,id_request,5,Int64,YES,
clickhouse,raw,ssp-impressions-validated-v1,subid_request,6,Nullable(Int64),YES,
clickhouse,raw,ssp-impressions-validated-v1,datacenter,7,String,YES,PRI
clickhouse,raw,ssp-impressions-validated-v1,canary,8,Bool,YES,
clickhouse,raw,ssp-impressions-validated-v1,ad_format,9,String,YES,
clickhouse,raw,ssp-impressions-validated-v1,ad_markup,10,String,YES,
clickhouse,raw,ssp-impressions-validated-v1,track_type,11,String,YES,
clickhouse,raw,ssp-impressions-validated-v1,user_id,12,Int64,YES,
clickhouse,raw,ssp-impressions-validated-v1,endpoint,13,String,YES,
clickhouse,raw,ssp-impressions-validated-v1,endpoint_type,14,String,YES,
clickhouse,raw,ssp-impressions-validated-v1,mediation_connection,15,String,YES,
clickhouse,raw,ssp-impressions-validated-v1,adunit,16,String,YES,
clickhouse,raw,ssp-impressions-validated-v1,id_app,17,Int64,YES,
clickhouse,raw,ssp-impressions-validated-v1,id_size,18,Int64,YES,
clickhouse,raw,ssp-impressions-validated-v1,ad_size,19,String,YES,PRI
clickhouse,raw,ssp-impressions-validated-v1,bundle,20,String,YES,
clickhouse,raw,ssp-impressions-validated-v1,bundle_numerico,21,Nullable(Int64),YES,
clickhouse,raw,ssp-impressions-validated-v1,channel,22,Nullable(String),YES,
clickhouse,raw,ssp-impressions-validated-v1,bundle_impression,23,Nullable(String),YES,
clickhouse,raw,ssp-impressions-validated-v1,inventory_type,24,String,YES,
clickhouse,raw,ssp-impressions-validated-v1,country,25,String,YES,
clickhouse,raw,ssp-impressions-validated-v1,network_id,26,Int64,YES,
clickhouse,raw,ssp-impressions-validated-v1,network_name,27,String,YES,
clickhouse,raw,ssp-impressions-validated-v1,network_key,28,String,YES,
clickhouse,raw,ssp-impressions-validated-v1,ip,29,String,YES,
clickhouse,raw,ssp-impressions-validated-v1,ipv6,30,String,YES,
clickhouse,raw,ssp-impressions-validated-v1,ip_impression,31,Nullable(String),YES,
clickhouse,raw,ssp-impressions-validated-v1,ua_request,32,String,YES,
clickhouse,raw,ssp-impressions-validated-v1,ua_impression,33,Nullable(String),YES,
clickhouse,raw,ssp-impressions-validated-v1,json_data,34,String,YES,
clickhouse,raw,ssp-impressions-validated-v1,json_device,35,String,YES,
clickhouse,raw,ssp-impressions-validated-v1,json_prices,36,String,YES,
clickhouse,raw,ssp-impressions-validated-v1,price_network_response_gross,37,Float32,YES,
clickhouse,raw,ssp-impressions-validated-v1,price_network_response_net,38,Float32,YES,
clickhouse,raw,ssp-impressions-validated-v1,price_publisher_response,39,Float32,YES,
clickhouse,raw,ssp-impressions-validated-v1,json_qa,40,String,YES,
clickhouse,raw,ssp-impressions-validated-v1,json_cache,41,String,YES,
clickhouse,raw,ssp-impressions-validated-v1,video_length,42,Nullable(Int64),YES,
clickhouse,raw,ssp-impressions-validated-v1,json_extra,43,String,YES,
clickhouse,raw,ssp-impressions-validated-v1,referer,44,Nullable(String),YES,
clickhouse,raw,ssp-impressions-validated-v1,hostname,45,String,YES,
clickhouse,raw,ssp-impressions-validated-v1,domain_pixel,46,String,YES,
clickhouse,raw,ssp-impressions-validated-v1,code_error,47,Nullable(String),YES,
clickhouse,raw,ssp-impressions-validated-v1,message_error,48,Nullable(String),YES,
clickhouse,raw,ssp-impressions-validated-v1,id_os,49,Int64,YES,PRI
clickhouse,raw,ssp-impressions-validated-v1,ttl_tappx,50,Int64,YES,
clickhouse,raw,ssp-impressions-validated-v1,kafka_partition_id,51,Nullable(Int32),YES,
clickhouse,raw,ssp-impressions-validated-v1-dist,ts_request,1,DateTime64(3),YES,
clickhouse,raw,ssp-impressions-validated-v1-dist,ts_delivery_ad,2,DateTime64(3),YES,
clickhouse,raw,ssp-impressions-validated-v1-dist,ts_impression,3,Nullable(DateTime64(3)),YES,
clickhouse,raw,ssp-impressions-validated-v1-dist,ttl,4,Int64,YES,
clickhouse,raw,ssp-impressions-validated-v1-dist,id_request,5,Int64,YES,
clickhouse,raw,ssp-impressions-validated-v1-dist,subid_request,6,Nullable(Int64),YES,
clickhouse,raw,ssp-impressions-validated-v1-dist,datacenter,7,String,YES,
clickhouse,raw,ssp-impressions-validated-v1-dist,canary,8,Bool,YES,
clickhouse,raw,ssp-impressions-validated-v1-dist,ad_format,9,String,YES,
clickhouse,raw,ssp-impressions-validated-v1-dist,ad_markup,10,String,YES,
clickhouse,raw,ssp-impressions-validated-v1-dist,track_type,11,String,YES,
clickhouse,raw,ssp-impressions-validated-v1-dist,user_id,12,Int64,YES,
clickhouse,raw,ssp-impressions-validated-v1-dist,endpoint,13,String,YES,
clickhouse,raw,ssp-impressions-validated-v1-dist,endpoint_type,14,String,YES,
clickhouse,raw,ssp-impressions-validated-v1-dist,mediation_connection,15,String,YES,
clickhouse,raw,ssp-impressions-validated-v1-dist,adunit,16,String,YES,
clickhouse,raw,ssp-impressions-validated-v1-dist,id_app,17,Int64,YES,
clickhouse,raw,ssp-impressions-validated-v1-dist,id_size,18,Int64,YES,
clickhouse,raw,ssp-impressions-validated-v1-dist,ad_size,19,String,YES,
clickhouse,raw,ssp-impressions-validated-v1-dist,bundle,20,String,YES,
clickhouse,raw,ssp-impressions-validated-v1-dist,bundle_numerico,21,Nullable(Int64),YES,
clickhouse,raw,ssp-impressions-validated-v1-dist,channel,22,Nullable(String),YES,
clickhouse,raw,ssp-impressions-validated-v1-dist,bundle_impression,23,Nullable(String),YES,
clickhouse,raw,ssp-impressions-validated-v1-dist,inventory_type,24,String,YES,
clickhouse,raw,ssp-impressions-validated-v1-dist,country,25,String,YES,
clickhouse,raw,ssp-impressions-validated-v1-dist,network_id,26,Int64,YES,
clickhouse,raw,ssp-impressions-validated-v1-dist,network_name,27,String,YES,
clickhouse,raw,ssp-impressions-validated-v1-dist,network_key,28,String,YES,
clickhouse,raw,ssp-impressions-validated-v1-dist,ip,29,String,YES,
clickhouse,raw,ssp-impressions-validated-v1-dist,ipv6,30,String,YES,
clickhouse,raw,ssp-impressions-validated-v1-dist,ip_impression,31,Nullable(String),YES,
clickhouse,raw,ssp-impressions-validated-v1-dist,ua_request,32,String,YES,
clickhouse,raw,ssp-impressions-validated-v1-dist,ua_impression,33,Nullable(String),YES,
clickhouse,raw,ssp-impressions-validated-v1-dist,json_data,34,String,YES,
clickhouse,raw,ssp-impressions-validated-v1-dist,json_device,35,String,YES,
clickhouse,raw,ssp-impressions-validated-v1-dist,json_prices,36,String,YES,
clickhouse,raw,ssp-impressions-validated-v1-dist,price_network_response_gross,37,Float32,YES,
clickhouse,raw,ssp-impressions-validated-v1-dist,price_network_response_net,38,Float32,YES,
clickhouse,raw,ssp-impressions-validated-v1-dist,price_publisher_response,39,Float32,YES,
clickhouse,raw,ssp-impressions-validated-v1-dist,json_qa,40,String,YES,
clickhouse,raw,ssp-impressions-validated-v1-dist,json_cache,41,String,YES,
clickhouse,raw,ssp-impressions-validated-v1-dist,video_length,42,Nullable(Int64),YES,
clickhouse,raw,ssp-impressions-validated-v1-dist,json_extra,43,String,YES,
clickhouse,raw,ssp-impressions-validated-v1-dist,referer,44,Nullable(String),YES,
clickhouse,raw,ssp-impressions-validated-v1-dist,hostname,45,String,YES,
clickhouse,raw,ssp-impressions-validated-v1-dist,domain_pixel,46,String,YES,
clickhouse,raw,ssp-impressions-validated-v1-dist,code_error,47,Nullable(String),YES,
clickhouse,raw,ssp-impressions-validated-v1-dist,message_error,48,Nullable(String),YES,
clickhouse,raw,ssp-impressions-validated-v1-dist,id_os,49,Int64,YES,
clickhouse,raw,ssp-impressions-validated-v1-dist,ttl_tappx,50,Int64,YES,
clickhouse,raw,ssp-impressions-validated-v1-dist,kafka_partition_id,51,Nullable(Int32),YES,
clickhouse,raw,ssp-limit-network-lnabcs-finally,datacenter,1,LowCardinality(String),YES,
clickhouse,raw,ssp-limit-network-lnabcs-finally,id_network,2,UInt32,YES,PRI
clickhouse,raw,ssp-limit-network-lnabcs-finally,endpoint,3,String,YES,PRI
clickhouse,raw,ssp-limit-network-lnabcs-finally,adunit,4,String,YES,PRI
clickhouse,raw,ssp-limit-network-lnabcs-finally,bundle,5,String,YES,PRI
clickhouse,raw,ssp-limit-network-lnabcs-finally,channel,6,String,YES,
clickhouse,raw,ssp-limit-network-lnabcs-finally,id_size,7,UInt32,YES,PRI
clickhouse,raw,ssp-limit-network-lnabcs-finally,id_size_alternative_forced,8,UInt32,YES,
clickhouse,raw,ssp-limit-network-lnabcs-finally,country,9,LowCardinality(String),YES,PRI
clickhouse,raw,ssp-limit-network-lnabcs-finally,combo_extra_id,10,String,YES,
clickhouse,raw,ssp-limit-network-lnabcs-finally,ts,11,DateTime64(3),YES,
clickhouse,raw,ssp-limit-network-lnabcs-finally,publisher_processed_requests,12,Nullable(String),YES,
clickhouse,raw,ssp-limit-network-lnabcs-finally,requests,13,UInt64,YES,
clickhouse,raw,ssp-limit-network-lnabcs-finally,deliveries,14,UInt64,YES,
clickhouse,raw,ssp-limit-network-lnabcs-finally,impressions,15,UInt64,YES,
clickhouse,raw,ssp-limit-network-lnabcs-finally,lim,16,"Decimal(11, 10)",YES,
clickhouse,raw,ssp-limit-network-lnabcs-finally,lim_cnf_file,17,"Decimal(11, 10)",YES,
clickhouse,raw,ssp-limit-network-lnabcs-finally,ts_line_creation,18,DateTime64(3),YES,
clickhouse,raw,ssp-limit-network-lnabcs-finally,ts_last_live_data,19,DateTime64(3),YES,
clickhouse,raw,ssp-limit-network-lnabcs-finally,last_live_hours,20,Nullable(UInt64),YES,
clickhouse,raw,ssp-limit-network-lnabcs-finally,ts_last_limit,21,Nullable(DateTime64(3)),YES,
clickhouse,raw,ssp-limit-network-lnabcs-finally,ts_last_block,22,Nullable(DateTime64(3)),YES,
clickhouse,raw,ssp-limit-network-lnabcs-finally,ts_last_block_end,23,Nullable(DateTime64(3)),YES,
clickhouse,raw,ssp-limit-network-lnabcs-finally,ts_force_reactivation_start,24,Nullable(DateTime64(3)),YES,
clickhouse,raw,ssp-limit-network-lnabcs-finally,rcpm,25,"Decimal(10, 6)",YES,
clickhouse,raw,ssp-limit-network-lnabcs-finally,rcpm_tx,26,"Decimal(10, 6)",YES,
clickhouse,raw,ssp-limit-network-lnabcs-finally,rcpm_restriction,27,"Decimal(10, 6)",YES,
clickhouse,raw,ssp-limit-network-lnabcs-finally,verbose_limit_reason,28,Nullable(String),YES,
clickhouse,raw,ssp-limit-network-lnabcs-finally,verbose_limit_rule,29,Nullable(String),YES,
clickhouse,raw,ssp-limit-network-lnabcs-finally,block_step,30,UInt64,YES,
clickhouse,raw,ssp-limit-network-lnabcs-finally,reactivation_step,31,UInt64,YES,
clickhouse,raw,ssp-limit-network-lnabcs-finally,test_combo_petitioner,32,Nullable(String),YES,
clickhouse,raw,ssp-limit-network-lnabcs-finally,test_combo_retries,33,UInt16,YES,
clickhouse,raw,ssp-limit-network-lnabcs-finally,__deleted,34,String,YES,
clickhouse,raw,ssp-limit-network-lnabcs-finally,updated_at,35,DateTime64(3),YES,
clickhouse,raw,ssp-limit-network-lnabcs-finally,city_hash,36,UInt64,YES,PRI
clickhouse,raw,ssp-limit-network-lnabcs-finally-dist,datacenter,1,LowCardinality(String),YES,
clickhouse,raw,ssp-limit-network-lnabcs-finally-dist,id_network,2,UInt32,YES,
clickhouse,raw,ssp-limit-network-lnabcs-finally-dist,endpoint,3,String,YES,
clickhouse,raw,ssp-limit-network-lnabcs-finally-dist,adunit,4,String,YES,
clickhouse,raw,ssp-limit-network-lnabcs-finally-dist,bundle,5,String,YES,
clickhouse,raw,ssp-limit-network-lnabcs-finally-dist,channel,6,String,YES,
clickhouse,raw,ssp-limit-network-lnabcs-finally-dist,id_size,7,UInt32,YES,
clickhouse,raw,ssp-limit-network-lnabcs-finally-dist,id_size_alternative_forced,8,UInt32,YES,
clickhouse,raw,ssp-limit-network-lnabcs-finally-dist,country,9,LowCardinality(String),YES,
clickhouse,raw,ssp-limit-network-lnabcs-finally-dist,combo_extra_id,10,String,YES,
clickhouse,raw,ssp-limit-network-lnabcs-finally-dist,ts,11,DateTime64(3),YES,
clickhouse,raw,ssp-limit-network-lnabcs-finally-dist,publisher_processed_requests,12,Nullable(String),YES,
clickhouse,raw,ssp-limit-network-lnabcs-finally-dist,requests,13,UInt64,YES,
clickhouse,raw,ssp-limit-network-lnabcs-finally-dist,deliveries,14,UInt64,YES,
clickhouse,raw,ssp-limit-network-lnabcs-finally-dist,impressions,15,UInt64,YES,
clickhouse,raw,ssp-limit-network-lnabcs-finally-dist,lim,16,"Decimal(11, 10)",YES,
clickhouse,raw,ssp-limit-network-lnabcs-finally-dist,lim_cnf_file,17,"Decimal(11, 10)",YES,
clickhouse,raw,ssp-limit-network-lnabcs-finally-dist,ts_line_creation,18,DateTime64(3),YES,
clickhouse,raw,ssp-limit-network-lnabcs-finally-dist,ts_last_live_data,19,DateTime64(3),YES,
clickhouse,raw,ssp-limit-network-lnabcs-finally-dist,last_live_hours,20,Nullable(UInt64),YES,
clickhouse,raw,ssp-limit-network-lnabcs-finally-dist,ts_last_limit,21,Nullable(DateTime64(3)),YES,
clickhouse,raw,ssp-limit-network-lnabcs-finally-dist,ts_last_block,22,Nullable(DateTime64(3)),YES,
clickhouse,raw,ssp-limit-network-lnabcs-finally-dist,ts_last_block_end,23,Nullable(DateTime64(3)),YES,
clickhouse,raw,ssp-limit-network-lnabcs-finally-dist,ts_force_reactivation_start,24,Nullable(DateTime64(3)),YES,
clickhouse,raw,ssp-limit-network-lnabcs-finally-dist,rcpm,25,"Decimal(10, 6)",YES,
clickhouse,raw,ssp-limit-network-lnabcs-finally-dist,rcpm_tx,26,"Decimal(10, 6)",YES,
clickhouse,raw,ssp-limit-network-lnabcs-finally-dist,rcpm_restriction,27,"Decimal(10, 6)",YES,
clickhouse,raw,ssp-limit-network-lnabcs-finally-dist,verbose_limit_reason,28,Nullable(String),YES,
clickhouse,raw,ssp-limit-network-lnabcs-finally-dist,verbose_limit_rule,29,Nullable(String),YES,
clickhouse,raw,ssp-limit-network-lnabcs-finally-dist,block_step,30,UInt64,YES,
clickhouse,raw,ssp-limit-network-lnabcs-finally-dist,reactivation_step,31,UInt64,YES,
clickhouse,raw,ssp-limit-network-lnabcs-finally-dist,test_combo_petitioner,32,Nullable(String),YES,
clickhouse,raw,ssp-limit-network-lnabcs-finally-dist,test_combo_retries,33,UInt16,YES,
clickhouse,raw,ssp-limit-network-lnabcs-finally-dist,__deleted,34,String,YES,
clickhouse,raw,ssp-limit-network-lnabcs-finally-dist,updated_at,35,DateTime64(3),YES,
clickhouse,raw,ssp-limit-network-lnabcs-finally-dist,city_hash,36,UInt64,YES,
clickhouse,raw,ssp-limit-network-lnabcs-freezer-finally,datacenter,1,LowCardinality(String),YES,
clickhouse,raw,ssp-limit-network-lnabcs-freezer-finally,id_network,2,UInt32,YES,PRI
clickhouse,raw,ssp-limit-network-lnabcs-freezer-finally,endpoint,3,String,YES,PRI
clickhouse,raw,ssp-limit-network-lnabcs-freezer-finally,adunit,4,String,YES,PRI
clickhouse,raw,ssp-limit-network-lnabcs-freezer-finally,bundle,5,String,YES,PRI
clickhouse,raw,ssp-limit-network-lnabcs-freezer-finally,channel,6,String,YES,
clickhouse,raw,ssp-limit-network-lnabcs-freezer-finally,id_size,7,UInt32,YES,PRI
clickhouse,raw,ssp-limit-network-lnabcs-freezer-finally,id_size_alternative_forced,8,UInt32,YES,
clickhouse,raw,ssp-limit-network-lnabcs-freezer-finally,country,9,LowCardinality(String),YES,PRI
clickhouse,raw,ssp-limit-network-lnabcs-freezer-finally,combo_extra_id,10,String,YES,
clickhouse,raw,ssp-limit-network-lnabcs-freezer-finally,ts_freeze,11,DateTime64(3),YES,
clickhouse,raw,ssp-limit-network-lnabcs-freezer-finally,publisher_processed_requests,12,String,YES,
clickhouse,raw,ssp-limit-network-lnabcs-freezer-finally,last_live_hours,13,UInt64,YES,
clickhouse,raw,ssp-limit-network-lnabcs-freezer-finally,rcpm,14,"Decimal(10, 6)",YES,
clickhouse,raw,ssp-limit-network-lnabcs-freezer-finally,rcpm_tx,15,"Decimal(10, 6)",YES,
clickhouse,raw,ssp-limit-network-lnabcs-freezer-finally,rcpm_restriction,16,"Decimal(10, 6)",YES,
clickhouse,raw,ssp-limit-network-lnabcs-freezer-finally,ts_combo_creation,17,DateTime64(3),YES,
clickhouse,raw,ssp-limit-network-lnabcs-freezer-finally,ts_last_block_end,18,DateTime64(3),YES,
clickhouse,raw,ssp-limit-network-lnabcs-freezer-finally,block_step,19,UInt64,YES,
clickhouse,raw,ssp-limit-network-lnabcs-freezer-finally,__deleted,20,String,YES,
clickhouse,raw,ssp-limit-network-lnabcs-freezer-finally,updated_at,21,DateTime64(3),YES,
clickhouse,raw,ssp-limit-network-lnabcs-freezer-finally,city_hash,22,UInt64,YES,PRI
clickhouse,raw,ssp-limit-network-lnabcs-freezer-finally-dist,datacenter,1,LowCardinality(String),YES,
clickhouse,raw,ssp-limit-network-lnabcs-freezer-finally-dist,id_network,2,UInt32,YES,
clickhouse,raw,ssp-limit-network-lnabcs-freezer-finally-dist,endpoint,3,String,YES,
clickhouse,raw,ssp-limit-network-lnabcs-freezer-finally-dist,adunit,4,String,YES,
clickhouse,raw,ssp-limit-network-lnabcs-freezer-finally-dist,bundle,5,String,YES,
clickhouse,raw,ssp-limit-network-lnabcs-freezer-finally-dist,channel,6,String,YES,
clickhouse,raw,ssp-limit-network-lnabcs-freezer-finally-dist,id_size,7,UInt32,YES,
clickhouse,raw,ssp-limit-network-lnabcs-freezer-finally-dist,id_size_alternative_forced,8,UInt32,YES,
clickhouse,raw,ssp-limit-network-lnabcs-freezer-finally-dist,country,9,LowCardinality(String),YES,
clickhouse,raw,ssp-limit-network-lnabcs-freezer-finally-dist,combo_extra_id,10,String,YES,
clickhouse,raw,ssp-limit-network-lnabcs-freezer-finally-dist,ts_freeze,11,DateTime64(3),YES,
clickhouse,raw,ssp-limit-network-lnabcs-freezer-finally-dist,publisher_processed_requests,12,String,YES,
clickhouse,raw,ssp-limit-network-lnabcs-freezer-finally-dist,last_live_hours,13,UInt64,YES,
clickhouse,raw,ssp-limit-network-lnabcs-freezer-finally-dist,rcpm,14,"Decimal(10, 6)",YES,
clickhouse,raw,ssp-limit-network-lnabcs-freezer-finally-dist,rcpm_tx,15,"Decimal(10, 6)",YES,
clickhouse,raw,ssp-limit-network-lnabcs-freezer-finally-dist,rcpm_restriction,16,"Decimal(10, 6)",YES,
clickhouse,raw,ssp-limit-network-lnabcs-freezer-finally-dist,ts_combo_creation,17,DateTime64(3),YES,
clickhouse,raw,ssp-limit-network-lnabcs-freezer-finally-dist,ts_last_block_end,18,DateTime64(3),YES,
clickhouse,raw,ssp-limit-network-lnabcs-freezer-finally-dist,block_step,19,UInt64,YES,
clickhouse,raw,ssp-limit-network-lnabcs-freezer-finally-dist,__deleted,20,String,YES,
clickhouse,raw,ssp-limit-network-lnabcs-freezer-finally-dist,updated_at,21,DateTime64(3),YES,
clickhouse,raw,ssp-limit-network-lnabcs-freezer-finally-dist,city_hash,22,UInt64,YES,
clickhouse,raw,ssp-pub-deliveries,ts,1,DateTime64(3),YES,
clickhouse,raw,ssp-pub-deliveries,id_req,2,Int64,YES,
clickhouse,raw,ssp-pub-deliveries,country,3,String,YES,
clickhouse,raw,ssp-pub-deliveries,device_id,4,Nullable(String),YES,
clickhouse,raw,ssp-pub-deliveries,bundle,5,String,YES,
clickhouse,raw,ssp-pub-deliveries,bundle_numerico,6,Nullable(Int64),YES,
clickhouse,raw,ssp-pub-deliveries,channel,7,Nullable(String),YES,
clickhouse,raw,ssp-pub-deliveries,id_os,8,Int64,YES,PRI
clickhouse,raw,ssp-pub-deliveries,inventory_type,9,String,YES,
clickhouse,raw,ssp-pub-deliveries,ad_size,10,String,YES,PRI
clickhouse,raw,ssp-pub-deliveries,id_size,11,Int64,YES,
clickhouse,raw,ssp-pub-deliveries,datacenter,12,String,YES,PRI
clickhouse,raw,ssp-pub-deliveries,canary,13,Bool,YES,
clickhouse,raw,ssp-pub-deliveries,id_user,14,Int64,YES,
clickhouse,raw,ssp-pub-deliveries,id_app,15,Int64,YES,
clickhouse,raw,ssp-pub-deliveries,adunit,16,String,YES,
clickhouse,raw,ssp-pub-deliveries,endpoint,17,String,YES,
clickhouse,raw,ssp-pub-deliveries,endpoint_type,18,String,YES,
clickhouse,raw,ssp-pub-deliveries,mediation_connection,19,String,YES,
clickhouse,raw,ssp-pub-deliveries,bytes_request,20,Nullable(Int64),YES,
clickhouse,raw,ssp-pub-deliveries,bytes_ad,21,Nullable(Int64),YES,
clickhouse,raw,ssp-pub-deliveries,count,22,Int64,YES,
clickhouse,raw,ssp-pub-deliveries,subid_request,23,Nullable(Int64),YES,
clickhouse,raw,ssp-pub-deliveries,ts_request,24,DateTime64(3),YES,
clickhouse,raw,ssp-pub-deliveries,network_id,25,Int64,YES,
clickhouse,raw,ssp-pub-deliveries,network_name,26,String,YES,
clickhouse,raw,ssp-pub-deliveries,network_key,27,String,YES,
clickhouse,raw,ssp-pub-deliveries,status_code,28,Int64,YES,
clickhouse,raw,ssp-pub-deliveries,elapsed_time_network,29,Int64,YES,
clickhouse,raw,ssp-pub-deliveries,elapsed_time_global,30,Nullable(Int64),YES,
clickhouse,raw,ssp-pub-deliveries,from_cache,31,Bool,YES,
clickhouse,raw,ssp-pub-deliveries,json_data,32,Nullable(String),YES,
clickhouse,raw,ssp-pub-deliveries,json_prices,33,Nullable(String),YES,
clickhouse,raw,ssp-pub-deliveries,json_qa,34,Nullable(String),YES,
clickhouse,raw,ssp-pub-deliveries,json_cache,35,Nullable(String),YES,
clickhouse,raw,ssp-pub-deliveries,kafka_partition_id,36,Nullable(Int32),YES,
clickhouse,raw,ssp-pub-deliveries-dist,ts,1,DateTime64(3),YES,
clickhouse,raw,ssp-pub-deliveries-dist,id_req,2,Int64,YES,
clickhouse,raw,ssp-pub-deliveries-dist,country,3,String,YES,
clickhouse,raw,ssp-pub-deliveries-dist,device_id,4,Nullable(String),YES,
clickhouse,raw,ssp-pub-deliveries-dist,bundle,5,String,YES,
clickhouse,raw,ssp-pub-deliveries-dist,bundle_numerico,6,Nullable(Int64),YES,
clickhouse,raw,ssp-pub-deliveries-dist,channel,7,Nullable(String),YES,
clickhouse,raw,ssp-pub-deliveries-dist,id_os,8,Int64,YES,
clickhouse,raw,ssp-pub-deliveries-dist,inventory_type,9,String,YES,
clickhouse,raw,ssp-pub-deliveries-dist,ad_size,10,String,YES,
clickhouse,raw,ssp-pub-deliveries-dist,id_size,11,Int64,YES,
clickhouse,raw,ssp-pub-deliveries-dist,datacenter,12,String,YES,
clickhouse,raw,ssp-pub-deliveries-dist,canary,13,Bool,YES,
clickhouse,raw,ssp-pub-deliveries-dist,id_user,14,Int64,YES,
clickhouse,raw,ssp-pub-deliveries-dist,id_app,15,Int64,YES,
clickhouse,raw,ssp-pub-deliveries-dist,adunit,16,String,YES,
clickhouse,raw,ssp-pub-deliveries-dist,endpoint,17,String,YES,
clickhouse,raw,ssp-pub-deliveries-dist,endpoint_type,18,String,YES,
clickhouse,raw,ssp-pub-deliveries-dist,mediation_connection,19,String,YES,
clickhouse,raw,ssp-pub-deliveries-dist,bytes_request,20,Nullable(Int64),YES,
clickhouse,raw,ssp-pub-deliveries-dist,bytes_ad,21,Nullable(Int64),YES,
clickhouse,raw,ssp-pub-deliveries-dist,count,22,Int64,YES,
clickhouse,raw,ssp-pub-deliveries-dist,subid_request,23,Nullable(Int64),YES,
clickhouse,raw,ssp-pub-deliveries-dist,ts_request,24,DateTime64(3),YES,
clickhouse,raw,ssp-pub-deliveries-dist,network_id,25,Int64,YES,
clickhouse,raw,ssp-pub-deliveries-dist,network_name,26,String,YES,
clickhouse,raw,ssp-pub-deliveries-dist,network_key,27,String,YES,
clickhouse,raw,ssp-pub-deliveries-dist,status_code,28,Int64,YES,
clickhouse,raw,ssp-pub-deliveries-dist,elapsed_time_network,29,Int64,YES,
clickhouse,raw,ssp-pub-deliveries-dist,elapsed_time_global,30,Nullable(Int64),YES,
clickhouse,raw,ssp-pub-deliveries-dist,from_cache,31,Bool,YES,
clickhouse,raw,ssp-pub-deliveries-dist,json_data,32,Nullable(String),YES,
clickhouse,raw,ssp-pub-deliveries-dist,json_prices,33,Nullable(String),YES,
clickhouse,raw,ssp-pub-deliveries-dist,json_qa,34,Nullable(String),YES,
clickhouse,raw,ssp-pub-deliveries-dist,json_cache,35,Nullable(String),YES,
clickhouse,raw,ssp-pub-deliveries-dist,kafka_partition_id,36,Nullable(Int32),YES,
clickhouse,raw,ssp-pub-requests,ts,1,DateTime64(3),YES,
clickhouse,raw,ssp-pub-requests,id_req,2,Int64,YES,
clickhouse,raw,ssp-pub-requests,country,3,Nullable(String),YES,
clickhouse,raw,ssp-pub-requests,device_id,4,Nullable(String),YES,
clickhouse,raw,ssp-pub-requests,bundle,5,Nullable(String),YES,
clickhouse,raw,ssp-pub-requests,bundle_numerico,6,Nullable(Int64),YES,
clickhouse,raw,ssp-pub-requests,channel,7,Nullable(String),YES,
clickhouse,raw,ssp-pub-requests,id_os,8,Nullable(Int64),YES,PRI
clickhouse,raw,ssp-pub-requests,inventory_type,9,String,YES,
clickhouse,raw,ssp-pub-requests,ad_size,10,Nullable(String),YES,PRI
clickhouse,raw,ssp-pub-requests,id_size,11,Nullable(Int64),YES,
clickhouse,raw,ssp-pub-requests,datacenter,12,String,YES,PRI
clickhouse,raw,ssp-pub-requests,canary,13,Bool,YES,
clickhouse,raw,ssp-pub-requests,id_user,14,Nullable(Int64),YES,
clickhouse,raw,ssp-pub-requests,id_app,15,Nullable(Int64),YES,
clickhouse,raw,ssp-pub-requests,adunit,16,Nullable(String),YES,
clickhouse,raw,ssp-pub-requests,endpoint,17,Nullable(String),YES,
clickhouse,raw,ssp-pub-requests,endpoint_type,18,Nullable(String),YES,
clickhouse,raw,ssp-pub-requests,mediation_connection,19,Nullable(String),YES,
clickhouse,raw,ssp-pub-requests,bytes_request,20,Nullable(Int64),YES,
clickhouse,raw,ssp-pub-requests,bytes_ad,21,Nullable(Int64),YES,
clickhouse,raw,ssp-pub-requests,count,22,Int64,YES,
clickhouse,raw,ssp-pub-requests,json_data,23,Nullable(String),YES,
clickhouse,raw,ssp-pub-requests,json_prices,24,Nullable(String),YES,
clickhouse,raw,ssp-pub-requests,ts_request,25,DateTime64(3),YES,
clickhouse,raw,ssp-pub-requests,status_code,26,Int64,YES,
clickhouse,raw,ssp-pub-requests,kafka_partition_id,27,Nullable(Int32),YES,
clickhouse,raw,ssp-pub-requests-aggregate,date,1,String,YES,PRI
clickhouse,raw,ssp-pub-requests-aggregate,hour,2,Int64,YES,PRI
clickhouse,raw,ssp-pub-requests-aggregate,minute,3,Int64,YES,PRI
clickhouse,raw,ssp-pub-requests-aggregate,datacenter,4,String,YES,PRI
clickhouse,raw,ssp-pub-requests-aggregate,canary,5,Bool,YES,
clickhouse,raw,ssp-pub-requests-aggregate,endpoint,6,String,YES,
clickhouse,raw,ssp-pub-requests-aggregate,endpoint_type,7,String,YES,
clickhouse,raw,ssp-pub-requests-aggregate,mediation_connection,8,String,YES,
clickhouse,raw,ssp-pub-requests-aggregate,id_user,9,Int64,YES,
clickhouse,raw,ssp-pub-requests-aggregate,adunit,10,String,YES,
clickhouse,raw,ssp-pub-requests-aggregate,id_app,11,Int64,YES,
clickhouse,raw,ssp-pub-requests-aggregate,bundle,12,String,YES,
clickhouse,raw,ssp-pub-requests-aggregate,bundle_numerico,13,Nullable(Int64),YES,
clickhouse,raw,ssp-pub-requests-aggregate,channel,14,Nullable(String),YES,
clickhouse,raw,ssp-pub-requests-aggregate,id_os,15,Int64,YES,PRI
clickhouse,raw,ssp-pub-requests-aggregate,inventory_type,16,String,YES,
clickhouse,raw,ssp-pub-requests-aggregate,country,17,String,YES,
clickhouse,raw,ssp-pub-requests-aggregate,id_size,18,Int64,YES,
clickhouse,raw,ssp-pub-requests-aggregate,ad_size,19,String,YES,PRI
clickhouse,raw,ssp-pub-requests-aggregate,json_data,20,String,YES,
clickhouse,raw,ssp-pub-requests-aggregate,requests_accepted,21,Int64,YES,
clickhouse,raw,ssp-pub-requests-aggregate,requests_rejected,22,Int64,YES,
clickhouse,raw,ssp-pub-requests-aggregate,requests_bad,23,Int64,YES,
clickhouse,raw,ssp-pub-requests-aggregate,requests_test,24,Int64,YES,
clickhouse,raw,ssp-pub-requests-aggregate,sum_price_user_in_requests,25,Nullable(Float32),YES,
clickhouse,raw,ssp-pub-requests-aggregate,sum_price_user_dash_requests,26,Nullable(Float32),YES,
clickhouse,raw,ssp-pub-requests-aggregate,max_price_user_requests,27,Nullable(Float32),YES,
clickhouse,raw,ssp-pub-requests-aggregate,min_price_user_requests,28,Nullable(Float32),YES,
clickhouse,raw,ssp-pub-requests-aggregate,sum_bytes_publisher_requests,29,Int64,YES,
clickhouse,raw,ssp-pub-requests-aggregate,kafka_partition_id,30,Nullable(Int32),YES,
clickhouse,raw,ssp-pub-requests-aggregate-dist,date,1,String,YES,
clickhouse,raw,ssp-pub-requests-aggregate-dist,hour,2,Int64,YES,
clickhouse,raw,ssp-pub-requests-aggregate-dist,minute,3,Int64,YES,
clickhouse,raw,ssp-pub-requests-aggregate-dist,datacenter,4,String,YES,
clickhouse,raw,ssp-pub-requests-aggregate-dist,canary,5,Bool,YES,
clickhouse,raw,ssp-pub-requests-aggregate-dist,endpoint,6,String,YES,
clickhouse,raw,ssp-pub-requests-aggregate-dist,endpoint_type,7,String,YES,
clickhouse,raw,ssp-pub-requests-aggregate-dist,mediation_connection,8,String,YES,
clickhouse,raw,ssp-pub-requests-aggregate-dist,id_user,9,Int64,YES,
clickhouse,raw,ssp-pub-requests-aggregate-dist,adunit,10,String,YES,
clickhouse,raw,ssp-pub-requests-aggregate-dist,id_app,11,Int64,YES,
clickhouse,raw,ssp-pub-requests-aggregate-dist,bundle,12,String,YES,
clickhouse,raw,ssp-pub-requests-aggregate-dist,bundle_numerico,13,Nullable(Int64),YES,
clickhouse,raw,ssp-pub-requests-aggregate-dist,channel,14,Nullable(String),YES,
clickhouse,raw,ssp-pub-requests-aggregate-dist,id_os,15,Int64,YES,
clickhouse,raw,ssp-pub-requests-aggregate-dist,inventory_type,16,String,YES,
clickhouse,raw,ssp-pub-requests-aggregate-dist,country,17,String,YES,
clickhouse,raw,ssp-pub-requests-aggregate-dist,id_size,18,Int64,YES,
clickhouse,raw,ssp-pub-requests-aggregate-dist,ad_size,19,String,YES,
clickhouse,raw,ssp-pub-requests-aggregate-dist,json_data,20,String,YES,
clickhouse,raw,ssp-pub-requests-aggregate-dist,requests_accepted,21,Int64,YES,
clickhouse,raw,ssp-pub-requests-aggregate-dist,requests_rejected,22,Int64,YES,
clickhouse,raw,ssp-pub-requests-aggregate-dist,requests_bad,23,Int64,YES,
clickhouse,raw,ssp-pub-requests-aggregate-dist,requests_test,24,Int64,YES,
clickhouse,raw,ssp-pub-requests-aggregate-dist,sum_price_user_in_requests,25,Nullable(Float32),YES,
clickhouse,raw,ssp-pub-requests-aggregate-dist,sum_price_user_dash_requests,26,Nullable(Float32),YES,
clickhouse,raw,ssp-pub-requests-aggregate-dist,max_price_user_requests,27,Nullable(Float32),YES,
clickhouse,raw,ssp-pub-requests-aggregate-dist,min_price_user_requests,28,Nullable(Float32),YES,
clickhouse,raw,ssp-pub-requests-aggregate-dist,sum_bytes_publisher_requests,29,Int64,YES,
clickhouse,raw,ssp-pub-requests-aggregate-dist,kafka_partition_id,30,Nullable(Int32),YES,
clickhouse,raw,ssp-pub-requests-dist,ts,1,DateTime64(3),YES,
clickhouse,raw,ssp-pub-requests-dist,id_req,2,Int64,YES,
clickhouse,raw,ssp-pub-requests-dist,country,3,Nullable(String),YES,
clickhouse,raw,ssp-pub-requests-dist,device_id,4,Nullable(String),YES,
clickhouse,raw,ssp-pub-requests-dist,bundle,5,Nullable(String),YES,
clickhouse,raw,ssp-pub-requests-dist,bundle_numerico,6,Nullable(Int64),YES,
clickhouse,raw,ssp-pub-requests-dist,channel,7,Nullable(String),YES,
clickhouse,raw,ssp-pub-requests-dist,id_os,8,Nullable(Int64),YES,
clickhouse,raw,ssp-pub-requests-dist,inventory_type,9,String,YES,
clickhouse,raw,ssp-pub-requests-dist,ad_size,10,Nullable(String),YES,
clickhouse,raw,ssp-pub-requests-dist,id_size,11,Nullable(Int64),YES,
clickhouse,raw,ssp-pub-requests-dist,datacenter,12,String,YES,
clickhouse,raw,ssp-pub-requests-dist,canary,13,Bool,YES,
clickhouse,raw,ssp-pub-requests-dist,id_user,14,Nullable(Int64),YES,
clickhouse,raw,ssp-pub-requests-dist,id_app,15,Nullable(Int64),YES,
clickhouse,raw,ssp-pub-requests-dist,adunit,16,Nullable(String),YES,
clickhouse,raw,ssp-pub-requests-dist,endpoint,17,Nullable(String),YES,
clickhouse,raw,ssp-pub-requests-dist,endpoint_type,18,Nullable(String),YES,
clickhouse,raw,ssp-pub-requests-dist,mediation_connection,19,Nullable(String),YES,
clickhouse,raw,ssp-pub-requests-dist,bytes_request,20,Nullable(Int64),YES,
clickhouse,raw,ssp-pub-requests-dist,bytes_ad,21,Nullable(Int64),YES,
clickhouse,raw,ssp-pub-requests-dist,count,22,Int64,YES,
clickhouse,raw,ssp-pub-requests-dist,json_data,23,Nullable(String),YES,
clickhouse,raw,ssp-pub-requests-dist,json_prices,24,Nullable(String),YES,
clickhouse,raw,ssp-pub-requests-dist,ts_request,25,DateTime64(3),YES,
clickhouse,raw,ssp-pub-requests-dist,status_code,26,Int64,YES,
clickhouse,raw,ssp-pub-requests-dist,kafka_partition_id,27,Nullable(Int32),YES,
clickhouse,raw,ssp-vast-errors,ts_request,1,DateTime64(3),YES,
clickhouse,raw,ssp-vast-errors,ts_delivery_ad,2,DateTime64(3),YES,
clickhouse,raw,ssp-vast-errors,ts_impression,3,Nullable(DateTime64(3)),YES,
clickhouse,raw,ssp-vast-errors,ttl,4,Int64,YES,
clickhouse,raw,ssp-vast-errors,id_request,5,Int64,YES,
clickhouse,raw,ssp-vast-errors,code,6,Nullable(String),YES,
clickhouse,raw,ssp-vast-errors,subid_request,7,Nullable(Int64),YES,
clickhouse,raw,ssp-vast-errors,datacenter,8,String,YES,PRI
clickhouse,raw,ssp-vast-errors,canary,9,Bool,YES,
clickhouse,raw,ssp-vast-errors,ad_format,10,String,YES,
clickhouse,raw,ssp-vast-errors,ad_markup,11,String,YES,
clickhouse,raw,ssp-vast-errors,track_type,12,String,YES,
clickhouse,raw,ssp-vast-errors,user_id,13,Int64,YES,
clickhouse,raw,ssp-vast-errors,endpoint,14,String,YES,
clickhouse,raw,ssp-vast-errors,endpoint_type,15,String,YES,
clickhouse,raw,ssp-vast-errors,mediation_connection,16,String,YES,
clickhouse,raw,ssp-vast-errors,adunit,17,String,YES,
clickhouse,raw,ssp-vast-errors,id_app,18,Int64,YES,
clickhouse,raw,ssp-vast-errors,id_size,19,Int64,YES,
clickhouse,raw,ssp-vast-errors,ad_size,20,String,YES,PRI
clickhouse,raw,ssp-vast-errors,bundle,21,String,YES,
clickhouse,raw,ssp-vast-errors,bundle_numerico,22,Nullable(Int64),YES,
clickhouse,raw,ssp-vast-errors,channel,23,Nullable(String),YES,
clickhouse,raw,ssp-vast-errors,bundle_impression,24,Nullable(String),YES,
clickhouse,raw,ssp-vast-errors,inventory_type,25,String,YES,
clickhouse,raw,ssp-vast-errors,country,26,String,YES,
clickhouse,raw,ssp-vast-errors,network_id,27,Int64,YES,
clickhouse,raw,ssp-vast-errors,network_name,28,String,YES,
clickhouse,raw,ssp-vast-errors,network_key,29,String,YES,
clickhouse,raw,ssp-vast-errors,ip,30,String,YES,
clickhouse,raw,ssp-vast-errors,ipv6,31,String,YES,
clickhouse,raw,ssp-vast-errors,ip_impression,32,Nullable(String),YES,
clickhouse,raw,ssp-vast-errors,ua_request,33,String,YES,
clickhouse,raw,ssp-vast-errors,ua_impression,34,Nullable(String),YES,
clickhouse,raw,ssp-vast-errors,json_data,35,String,YES,
clickhouse,raw,ssp-vast-errors,json_device,36,String,YES,
clickhouse,raw,ssp-vast-errors,json_prices,37,String,YES,
clickhouse,raw,ssp-vast-errors,price_network_response_gross,38,Float32,YES,
clickhouse,raw,ssp-vast-errors,price_network_response_net,39,Float32,YES,
clickhouse,raw,ssp-vast-errors,price_publisher_response,40,Float32,YES,
clickhouse,raw,ssp-vast-errors,json_qa,41,String,YES,
clickhouse,raw,ssp-vast-errors,json_cache,42,String,YES,
clickhouse,raw,ssp-vast-errors,video_length,43,Nullable(Int64),YES,
clickhouse,raw,ssp-vast-errors,json_extra,44,String,YES,
clickhouse,raw,ssp-vast-errors,referer,45,Nullable(String),YES,
clickhouse,raw,ssp-vast-errors,hostname,46,String,YES,
clickhouse,raw,ssp-vast-errors,domain_pixel,47,String,YES,
clickhouse,raw,ssp-vast-errors,code_error,48,Nullable(String),YES,
clickhouse,raw,ssp-vast-errors,message_error,49,Nullable(String),YES,
clickhouse,raw,ssp-vast-errors,id_os,50,Int64,YES,PRI
clickhouse,raw,ssp-vast-errors,ttl_tappx,51,Int64,YES,
clickhouse,raw,ssp-vast-errors,kafka_partition_id,52,Nullable(Int32),YES,
clickhouse,raw,ssp-vast-errors-dist,ts_request,1,DateTime64(3),YES,
clickhouse,raw,ssp-vast-errors-dist,ts_delivery_ad,2,DateTime64(3),YES,
clickhouse,raw,ssp-vast-errors-dist,ts_impression,3,Nullable(DateTime64(3)),YES,
clickhouse,raw,ssp-vast-errors-dist,ttl,4,Int64,YES,
clickhouse,raw,ssp-vast-errors-dist,id_request,5,Int64,YES,
clickhouse,raw,ssp-vast-errors-dist,code,6,Nullable(String),YES,
clickhouse,raw,ssp-vast-errors-dist,subid_request,7,Nullable(Int64),YES,
clickhouse,raw,ssp-vast-errors-dist,datacenter,8,String,YES,
clickhouse,raw,ssp-vast-errors-dist,canary,9,Bool,YES,
clickhouse,raw,ssp-vast-errors-dist,ad_format,10,String,YES,
clickhouse,raw,ssp-vast-errors-dist,ad_markup,11,String,YES,
clickhouse,raw,ssp-vast-errors-dist,track_type,12,String,YES,
clickhouse,raw,ssp-vast-errors-dist,user_id,13,Int64,YES,
clickhouse,raw,ssp-vast-errors-dist,endpoint,14,String,YES,
clickhouse,raw,ssp-vast-errors-dist,endpoint_type,15,String,YES,
clickhouse,raw,ssp-vast-errors-dist,mediation_connection,16,String,YES,
clickhouse,raw,ssp-vast-errors-dist,adunit,17,String,YES,
clickhouse,raw,ssp-vast-errors-dist,id_app,18,Int64,YES,
clickhouse,raw,ssp-vast-errors-dist,id_size,19,Int64,YES,
clickhouse,raw,ssp-vast-errors-dist,ad_size,20,String,YES,
clickhouse,raw,ssp-vast-errors-dist,bundle,21,String,YES,
clickhouse,raw,ssp-vast-errors-dist,bundle_numerico,22,Nullable(Int64),YES,
clickhouse,raw,ssp-vast-errors-dist,channel,23,Nullable(String),YES,
clickhouse,raw,ssp-vast-errors-dist,bundle_impression,24,Nullable(String),YES,
clickhouse,raw,ssp-vast-errors-dist,inventory_type,25,String,YES,
clickhouse,raw,ssp-vast-errors-dist,country,26,String,YES,
clickhouse,raw,ssp-vast-errors-dist,network_id,27,Int64,YES,
clickhouse,raw,ssp-vast-errors-dist,network_name,28,String,YES,
clickhouse,raw,ssp-vast-errors-dist,network_key,29,String,YES,
clickhouse,raw,ssp-vast-errors-dist,ip,30,String,YES,
clickhouse,raw,ssp-vast-errors-dist,ipv6,31,String,YES,
clickhouse,raw,ssp-vast-errors-dist,ip_impression,32,Nullable(String),YES,
clickhouse,raw,ssp-vast-errors-dist,ua_request,33,String,YES,
clickhouse,raw,ssp-vast-errors-dist,ua_impression,34,Nullable(String),YES,
clickhouse,raw,ssp-vast-errors-dist,json_data,35,String,YES,
clickhouse,raw,ssp-vast-errors-dist,json_device,36,String,YES,
clickhouse,raw,ssp-vast-errors-dist,json_prices,37,String,YES,
clickhouse,raw,ssp-vast-errors-dist,price_network_response_gross,38,Float32,YES,
clickhouse,raw,ssp-vast-errors-dist,price_network_response_net,39,Float32,YES,
clickhouse,raw,ssp-vast-errors-dist,price_publisher_response,40,Float32,YES,
clickhouse,raw,ssp-vast-errors-dist,json_qa,41,String,YES,
clickhouse,raw,ssp-vast-errors-dist,json_cache,42,String,YES,
clickhouse,raw,ssp-vast-errors-dist,video_length,43,Nullable(Int64),YES,
clickhouse,raw,ssp-vast-errors-dist,json_extra,44,String,YES,
clickhouse,raw,ssp-vast-errors-dist,referer,45,Nullable(String),YES,
clickhouse,raw,ssp-vast-errors-dist,hostname,46,String,YES,
clickhouse,raw,ssp-vast-errors-dist,domain_pixel,47,String,YES,
clickhouse,raw,ssp-vast-errors-dist,code_error,48,Nullable(String),YES,
clickhouse,raw,ssp-vast-errors-dist,message_error,49,Nullable(String),YES,
clickhouse,raw,ssp-vast-errors-dist,id_os,50,Int64,YES,
clickhouse,raw,ssp-vast-errors-dist,ttl_tappx,51,Int64,YES,
clickhouse,raw,ssp-vast-errors-dist,kafka_partition_id,52,Nullable(Int32),YES,
mysql-sl,AppStoreService,bundle_segments,last_update,1,date,YES,MUL
mysql-sl,AppStoreService,bundle_segments,bundle,2,varchar,NO,PRI
mysql-sl,AppStoreService,bundle_segments,bundle_bidder,3,varchar,YES,
mysql-sl,AppStoreService,bundle_segments,id_os,4,bigint,NO,PRI
mysql-sl,AppStoreService,bundle_segments,adomain,5,varchar,YES,
mysql-sl,AppStoreService,bundle_segments,tappx_categories,6,varchar,YES,
mysql-sl,AppStoreService,bundle_segments,st_confidence,7,varchar,YES,
mysql-sl,AppStoreService,bundle_segments,st_demographics,8,json,YES,
mysql-sl,AppStoreService,bundle_segments,gender_distribution,9,json,YES,
mysql-sl,AppStoreService,bundle_segments,age_distribution,10,json,YES,
mysql-sl,AppStoreService,market_info_application,bundle,1,varchar,NO,PRI
mysql-sl,AppStoreService,market_info_application,id_os,2,tinyint,NO,PRI
mysql-sl,AppStoreService,market_info_application,creation,3,datetime,NO,
mysql-sl,AppStoreService,market_info_application,crawler_dl_tries,4,smallint,NO,
mysql-sl,AppStoreService,market_info_application,crawler_last_check,5,datetime,NO,
mysql-sl,AppStoreService,market_info_application,crawler_last_ok,6,timestamp,NO,
mysql-sl,AppStoreService,market_info_application,market_url,7,varchar,NO,
mysql-sl,AppStoreService,market_info_application,market_country,8,varchar,YES,
mysql-sl,AppStoreService,market_info_application,market_app_last_update,9,date,YES,
mysql-sl,AppStoreService,market_info_application,market_apple_id,10,varchar,YES,
mysql-sl,AppStoreService,market_info_application,market_title,11,varchar,YES,
mysql-sl,AppStoreService,market_info_application,market_description,12,varchar,YES,
mysql-sl,AppStoreService,market_info_application,market_logo,13,varchar,YES,
mysql-sl,AppStoreService,market_info_application,market_is_free,14,tinyint,YES,
mysql-sl,AppStoreService,market_info_application,market_rate,15,float,YES,
mysql-sl,AppStoreService,market_info_application,market_category,16,varchar,YES,
mysql-sl,AppStoreService,market_info_application,market_reviews,17,bigint,YES,
mysql-sl,AppStoreService,market_info_application,market_downloads,18,bigint,YES,
mysql-sl,AppStoreService,market_info_application,market_appsize,19,float,YES,
mysql-sl,AppStoreService,market_info_application,market_developer_marketurl,20,varchar,YES,
mysql-sl,AppStoreService,market_info_application,market_developer_website,21,varchar,YES,
mysql-sl,AppStoreService,market_info_application,market_content_rating,22,varchar,YES,
mysql-sl,AppStoreService,market_info_application,market_version_required,23,varchar,YES,
mysql-sl,AppStoreService,market_info_application,market_mail,24,varchar,YES,
mysql-sl,AppStoreService,market_info_application,bundle_hash,25,varchar,NO,
mysql-sl,tappx,application,id,1,bigint,NO,PRI
mysql-sl,tappx,application,type,2,enum,NO,
mysql-sl,tappx,application,id_user,3,bigint,NO,MUL
mysql-sl,tappx,application,id_os,4,bigint,NO,MUL
mysql-sl,tappx,application,name,5,varchar,NO,
mysql-sl,tappx,application,creation,6,timestamp,NO,
mysql-sl,tappx,application,date_last_request,7,timestamp,YES,
mysql-sl,tappx,application,bundle,8,varchar,YES,
mysql-sl,tappx,application,bundle_dl_tries,9,int,NO,
mysql-sl,tappx,application,bundle_dl_tries_date,10,timestamp,YES,
mysql-sl,tappx,application,id_app_status,11,int,NO,MUL
mysql-sl,tappx,application,id_app_status_monetization,12,int,NO,MUL
mysql-sl,tappx,application,active,13,int,NO,
mysql-sl,tappx,application,market_url,14,varchar,YES,
mysql-sl,tappx,application,market_last_update_app,15,date,YES,
mysql-sl,tappx,application,market_country,16,varchar,YES,
mysql-sl,tappx,application,market_app_id,17,varchar,YES,
mysql-sl,tappx,application,market_title,18,varchar,YES,
mysql-sl,tappx,application,market_description,19,varchar,YES,
mysql-sl,tappx,application,market_rate,20,float,YES,
mysql-sl,tappx,application,market_reviews,21,bigint,YES,
mysql-sl,tappx,application,market_is_free,22,int,YES,
mysql-sl,tappx,application,market_logo,23,varchar,YES,
mysql-sl,tappx,application,market_last_update,24,timestamp,YES,
mysql-sl,tappx,application,market_genre,25,varchar,YES,
mysql-sl,tappx,application,dfp_active,26,int,NO,
mysql-sl,tappx,application,dfp_advertiser_active,27,int,YES,
mysql-sl,tappx,application,dfp_advertiser_id,28,bigint,YES,
mysql-sl,tappx,application,dfp_advertiser_name,29,varchar,YES,
mysql-sl,tappx,application,dfp_publisher_active,30,tinyint,YES,
mysql-sl,tappx,application,dfp_publisher_id,31,bigint,YES,
mysql-sl,tappx,application,dfp_publisher_name,32,varchar,YES,UNI
mysql-sl,tappx,application,dfp_no_count_fill_rate_ads,33,tinyint,NO,
mysql-sl,tappx,application,campaigns_priority,34,enum,NO,
mysql-sl,tappx,application,tappix,35,bigint,NO,
mysql-sl,tappx,application,tappix_credit,36,bigint,NO,
mysql-sl,tappx,application,web_featured_app,37,int,NO,
mysql-sl,tappx,application,group_ctr_forced,38,varchar,YES,
mysql-sl,tappx,application,group_ctr_calculated,39,varchar,YES,
mysql-sl,tappx,application,group_community_id,40,varchar,YES,
mysql-sl,tappx,application,dfp_group_id,41,varchar,YES,
mysql-sl,tappx,application,percentage_cross,42,int,NO,
mysql-sl,tappx,application,track_install,43,date,YES,
mysql-sl,tappx,application,status_track_install,44,enum,YES,
mysql-sl,tappx,application,perf_id_site,45,bigint,YES,UNI
mysql-sl,tappx,application,perf_tracking_platform_id,46,bigint,YES,
mysql-sl,tappx,application,perf_api_key,47,varchar,YES,
mysql-sl,tappx,application,is_performance,48,int,NO,
mysql-sl,tappx,application,appadstxt_url,49,varchar,YES,
mysql-sl,tappx,creative_size,id,1,smallint,NO,PRI
mysql-sl,tappx,creative_size,name,2,varchar,NO,
mysql-sl,tappx,creative_size,width,3,int,NO,
mysql-sl,tappx,creative_size,height,4,int,NO,
mysql-sl,tappx,creative_size,used_for_monetization,5,tinyint,YES,
mysql-sl,tappx,creative_size,used_for_crosspromotion,6,tinyint,YES,
mysql-sl,tappx,creative_size,used_for_performance,7,tinyint,YES,
mysql-sl,tappx,creative_size,creative_family,8,varchar,YES,
mysql-sl,tappx,creative_size,creative_type,9,varchar,NO,
mysql-sl,tappx,creative_size,orientation,10,varchar,NO,
mysql-sl,tappx,creative_size,tappix_impression,11,int,NO,
mysql-sl,tappx,creative_size,tappix_click,12,int,NO,
mysql-sl,tappx,creative_size,tappix_install,13,int,NO,
mysql-sl,tappx,creative_size,monetization_default_cpm,14,float,YES,
mysql-sl,tappx,creative_size,monetization_default_cpc,15,float,YES,
mysql-sl,tappx,perf_invoices_demand,document_type,1,enum,NO,PRI
mysql-sl,tappx,perf_invoices_demand,financial_year,2,int,NO,PRI
mysql-sl,tappx,perf_invoices_demand,id_seq,3,int,NO,PRI
mysql-sl,tappx,perf_invoices_demand,document_id,4,varchar,NO,UNI
mysql-sl,tappx,perf_invoices_demand,date,5,date,NO,
mysql-sl,tappx,perf_invoices_demand,id_company,6,int,NO,MUL
mysql-sl,tappx,perf_invoices_demand,id_network,7,int,NO,
mysql-sl,tappx,perf_invoices_demand,date_start,8,date,NO,
mysql-sl,tappx,perf_invoices_demand,date_end,9,date,NO,
mysql-sl,tappx,perf_invoices_demand,impressions,10,bigint,NO,
mysql-sl,tappx,perf_invoices_demand,clicks,11,bigint,NO,
mysql-sl,tappx,perf_invoices_demand,conversions,12,int,NO,
mysql-sl,tappx,perf_invoices_demand,currency,13,enum,NO,
mysql-sl,tappx,perf_invoices_demand,exchange_to_eur,14,decimal,NO,
mysql-sl,tappx,perf_invoices_demand,revenue_net,15,decimal,NO,
mysql-sl,tappx,perf_invoices_demand,revenue_vat,16,decimal,NO,
mysql-sl,tappx,perf_invoices_demand,revenue_gross,17,decimal,NO,
mysql-sl,tappx,perf_invoices_demand,vat,18,tinyint,NO,
mysql-sl,tappx,perf_invoices_demand,revenue_discrepancy,19,decimal,NO,
mysql-sl,tappx,perf_invoices_demand,credit_reason,20,varchar,YES,
mysql-sl,tappx,perf_invoices_demand,document_text_content,21,text,YES,
mysql-sl,tappx,perf_invoices_demand,sent_date,22,timestamp,YES,
mysql-sl,tappx,perf_invoices_demand,due_date,23,date,NO,
mysql-sl,tappx,perf_invoices_demand,received_payment_date,24,timestamp,YES,
mysql-sl,tappx,perf_invoices_demand,document_file_base_64,25,mediumblob,YES,
mysql-sl,tappx,perf_invoices_demand,info_company,26,varchar,NO,
mysql-sl,tappx,perf_invoices_demand,info_tax_number,27,varchar,NO,
mysql-sl,tappx,perf_invoices_demand,info_address,28,varchar,NO,
mysql-sl,tappx,perf_invoices_demand,approval_log,29,text,NO,
mysql-sl,tappx,perf_invoices_demand,follow_delay_level,30,tinyint,YES,
mysql-sl,tappx,perf_invoices_demand,follow_new_due_date,31,date,YES,
mysql-sl,tappx,perf_invoices_demand,follow_notifications_standby,32,tinyint,NO,
mysql-sl,tappx,perf_invoices_demand,comments,33,mediumtext,YES,
mysql-sl,tappx,perf_invoices_demand,bc_id,34,varchar,YES,MUL
mysql-sl,tappx,perf_invoices_demand,bc_sync_date,35,datetime,YES,
mysql-sl,tappx,perf_invoices_demand,bc_sync_error,36,text,YES,
mysql-sl,tappx,perf_invoices_demand,bc_error_count,37,int,YES,
mysql-sl,tappx,perf_mediabuying_cpm_extractor,DATE,1,date,NO,
mysql-sl,tappx,perf_mediabuying_cpm_extractor,id_user,2,int,NO,
mysql-sl,tappx,perf_mediabuying_cpm_extractor,id_app,3,int,NO,
mysql-sl,tappx,perf_mediabuying_cpm_extractor,id_os,4,tinyint,YES,
mysql-sl,tappx,perf_mediabuying_cpm_extractor,ad_type,5,enum,NO,
mysql-sl,tappx,perf_mediabuying_cpm_extractor,country,6,varchar,NO,
mysql-sl,tappx,perf_mediabuying_cpm_extractor,requests,7,bigint,YES,
mysql-sl,tappx,perf_mediabuying_cpm_extractor,deliveries,8,int,YES,
mysql-sl,tappx,perf_mediabuying_cpm_extractor,impressions,9,int,YES,
mysql-sl,tappx,perf_mediabuying_cpm_extractor,clicks,10,int,YES,
mysql-sl,tappx,perf_mediabuying_cpm_extractor,revenue,11,decimal,YES,
mysql-sl,tappx,perf_mediabuying_cpm_extractor,currency,12,varchar,NO,
mysql-sl,tappx,segmentation,id,1,bigint,NO,PRI
mysql-sl,tappx,segmentation,id_rel,2,bigint,YES,MUL
mysql-sl,tappx,segmentation,level,3,tinyint,YES,
mysql-sl,tappx,segmentation,name,4,varchar,NO,
mysql-sl,tappx,segmentation,image,5,varchar,YES,
mysql-sl,tappx,segmentation,dfp_value,6,bigint,NO,
mysql-sl,tappx,segmentation,external_value,7,varchar,YES,
mysql-sl,tappx,segmentation,maxmind_value,8,varchar,YES,
mysql-sl,tappx,ssp_app_monetization,date,1,date,NO,PRI
mysql-sl,tappx,ssp_app_monetization,adjustment_type,2,varchar,NO,PRI
mysql-sl,tappx,ssp_app_monetization,id_user,3,int,NO,PRI
mysql-sl,tappx,ssp_app_monetization,id_app,4,int,NO,PRI
mysql-sl,tappx,ssp_app_monetization,ad_type,5,enum,NO,PRI
mysql-sl,tappx,ssp_app_monetization,country,6,varchar,NO,PRI
mysql-sl,tappx,ssp_app_monetization,requests,7,int,YES,
mysql-sl,tappx,ssp_app_monetization,total_requests,8,bigint,YES,
mysql-sl,tappx,ssp_app_monetization,deliveries,9,int,YES,
mysql-sl,tappx,ssp_app_monetization,impressions,10,int,YES,
mysql-sl,tappx,ssp_app_monetization,clicks,11,int,YES,
mysql-sl,tappx,ssp_app_monetization,revenue,12,decimal,YES,
mysql-sl,tappx,ssp_app_monetization,currency,13,varchar,NO,
mysql-sl,tappx,ssp_app_monetization,id_os,14,tinyint,YES,MUL
mysql-sl,tappx,ssp_app_monetization,invoice_supply,15,varchar,YES,
mysql-sl,tappx,ssp_elevator_prices_history,ts,1,datetime,NO,PRI
mysql-sl,tappx,ssp_elevator_prices_history,adunit,2,varchar,NO,PRI
mysql-sl,tappx,ssp_elevator_prices_history,size,3,varchar,NO,PRI
mysql-sl,tappx,ssp_elevator_prices_history,country,4,varchar,NO,PRI
mysql-sl,tappx,ssp_elevator_prices_history,combo_extra_id,5,varchar,NO,PRI
mysql-sl,tappx,ssp_elevator_prices_history,win_split,6,varchar,NO,
mysql-sl,tappx,ssp_elevator_prices_history,win_cpm,7,decimal,NO,
mysql-sl,tappx,ssp_elevator_prices_history,win_algo,8,varchar,NO,
mysql-sl,tappx,ssp_elevator_prices_history,log,9,json,NO,
mysql-sl,tappx,ssp_elevator_prices_history,info,10,varchar,NO,
mysql-sl,tappx,ssp_limit_endpoint_leba,datacenter,1,varchar,NO,PRI
mysql-sl,tappx,ssp_limit_endpoint_leba,endpoint,2,varchar,NO,PRI
mysql-sl,tappx,ssp_limit_endpoint_leba,adunit,3,varchar,NO,PRI
mysql-sl,tappx,ssp_limit_endpoint_leba,bundle,4,varchar,NO,PRI
mysql-sl,tappx,ssp_limit_endpoint_leba,channel,5,varchar,NO,PRI
mysql-sl,tappx,ssp_limit_endpoint_leba,id_size,6,int,NO,PRI
mysql-sl,tappx,ssp_limit_endpoint_leba,country,7,varchar,NO,PRI
mysql-sl,tappx,ssp_limit_endpoint_leba,combo_extra_id,8,varchar,NO,PRI
mysql-sl,tappx,ssp_limit_endpoint_leba,ts_line_creation,9,datetime,NO,
mysql-sl,tappx,ssp_limit_endpoint_leba,ts_last_update,10,datetime,NO,
mysql-sl,tappx,ssp_limit_endpoint_leba,ts_last_live_data,11,datetime,NO,
mysql-sl,tappx,ssp_limit_endpoint_leba,last_live_data_hours,12,decimal,NO,
mysql-sl,tappx,ssp_limit_endpoint_leba,requests,13,bigint,NO,
mysql-sl,tappx,ssp_limit_endpoint_leba,deliveries,14,bigint,NO,
mysql-sl,tappx,ssp_limit_endpoint_leba,impressions,15,bigint,NO,
mysql-sl,tappx,ssp_limit_endpoint_leba,rcpm,16,decimal,NO,
mysql-sl,tappx,ssp_limit_endpoint_leba,rcpm_tx,17,decimal,NO,
mysql-sl,tappx,ssp_limit_endpoint_leba,frequency_capping_minute,18,int,NO,
mysql-sl,tappx,ssp_limit_endpoint_leba,qps,19,bigint,NO,
mysql-sl,tappx,ssp_limit_network_lnabcs,datacenter,1,varchar,NO,PRI
mysql-sl,tappx,ssp_limit_network_lnabcs,id_network,2,int,NO,PRI
mysql-sl,tappx,ssp_limit_network_lnabcs,endpoint,3,varchar,NO,PRI
mysql-sl,tappx,ssp_limit_network_lnabcs,adunit,4,varchar,NO,PRI
mysql-sl,tappx,ssp_limit_network_lnabcs,bundle,5,varchar,NO,PRI
mysql-sl,tappx,ssp_limit_network_lnabcs,channel,6,varchar,NO,PRI
mysql-sl,tappx,ssp_limit_network_lnabcs,id_size,7,int,NO,PRI
mysql-sl,tappx,ssp_limit_network_lnabcs,id_size_alternative_forced,8,int,NO,PRI
mysql-sl,tappx,ssp_limit_network_lnabcs,country,9,varchar,NO,PRI
mysql-sl,tappx,ssp_limit_network_lnabcs,combo_extra_id,10,varchar,NO,PRI
mysql-sl,tappx,ssp_limit_network_lnabcs,ts,11,datetime,NO,
mysql-sl,tappx,ssp_limit_network_lnabcs,publisher_processed_requests,12,json,YES,
mysql-sl,tappx,ssp_limit_network_lnabcs,requests,13,bigint,NO,
mysql-sl,tappx,ssp_limit_network_lnabcs,deliveries,14,bigint,NO,
mysql-sl,tappx,ssp_limit_network_lnabcs,impressions,15,bigint,NO,
mysql-sl,tappx,ssp_limit_network_lnabcs,lim,16,decimal,NO,
mysql-sl,tappx,ssp_limit_network_lnabcs,lim_cnf_file,17,decimal,NO,
mysql-sl,tappx,ssp_limit_network_lnabcs,ts_line_creation,18,datetime,NO,
mysql-sl,tappx,ssp_limit_network_lnabcs,ts_last_live_data,19,datetime,NO,
mysql-sl,tappx,ssp_limit_network_lnabcs,last_live_hours,20,int,YES,
mysql-sl,tappx,ssp_limit_network_lnabcs,ts_last_limit,21,datetime,YES,
mysql-sl,tappx,ssp_limit_network_lnabcs,ts_last_block,22,datetime,YES,
mysql-sl,tappx,ssp_limit_network_lnabcs,ts_last_block_end,23,datetime,YES,
mysql-sl,tappx,ssp_limit_network_lnabcs,ts_force_reactivation_start,24,datetime,YES,
mysql-sl,tappx,ssp_limit_network_lnabcs,rcpm,25,decimal,NO,
mysql-sl,tappx,ssp_limit_network_lnabcs,rcpm_tx,26,decimal,NO,
mysql-sl,tappx,ssp_limit_network_lnabcs,rcpm_restriction,27,decimal,NO,
mysql-sl,tappx,ssp_limit_network_lnabcs,verbose_limit_reason,28,varchar,YES,
mysql-sl,tappx,ssp_limit_network_lnabcs,verbose_limit_rule,29,json,YES,
mysql-sl,tappx,ssp_limit_network_lnabcs,block_step,30,int,NO,
mysql-sl,tappx,ssp_limit_network_lnabcs,reactivation_step,31,int,NO,
mysql-sl,tappx,ssp_limit_network_lnabcs,test_combo_petitioner,32,json,YES,
mysql-sl,tappx,ssp_limit_network_lnabcs,test_combo_retries,33,tinyint,NO,
mysql-sl,tappx,ssp_limit_network_lnabcs,ep_partition,34,tinyint,YES,MUL
mysql-sl,tappx,ssp_limit_network_lnabcs_freezer,datacenter,1,varchar,NO,PRI
mysql-sl,tappx,ssp_limit_network_lnabcs_freezer,id_network,2,int,NO,PRI
mysql-sl,tappx,ssp_limit_network_lnabcs_freezer,endpoint,3,varchar,NO,PRI
mysql-sl,tappx,ssp_limit_network_lnabcs_freezer,adunit,4,varchar,NO,PRI
mysql-sl,tappx,ssp_limit_network_lnabcs_freezer,bundle,5,varchar,NO,PRI
mysql-sl,tappx,ssp_limit_network_lnabcs_freezer,channel,6,varchar,NO,PRI
mysql-sl,tappx,ssp_limit_network_lnabcs_freezer,id_size,7,int,NO,PRI
mysql-sl,tappx,ssp_limit_network_lnabcs_freezer,id_size_alternative_forced,8,int,NO,PRI
mysql-sl,tappx,ssp_limit_network_lnabcs_freezer,country,9,varchar,NO,PRI
mysql-sl,tappx,ssp_limit_network_lnabcs_freezer,combo_extra_id,10,varchar,NO,PRI
mysql-sl,tappx,ssp_limit_network_lnabcs_freezer,ts_freeze,11,datetime,NO,
mysql-sl,tappx,ssp_limit_network_lnabcs_freezer,publisher_processed_requests,12,json,NO,
mysql-sl,tappx,ssp_limit_network_lnabcs_freezer,last_live_hours,13,int,NO,
mysql-sl,tappx,ssp_limit_network_lnabcs_freezer,rcpm,14,decimal,NO,
mysql-sl,tappx,ssp_limit_network_lnabcs_freezer,rcpm_tx,15,decimal,NO,
mysql-sl,tappx,ssp_limit_network_lnabcs_freezer,rcpm_restriction,16,decimal,NO,
mysql-sl,tappx,ssp_limit_network_lnabcs_freezer,ts_combo_creation,17,datetime,NO,
mysql-sl,tappx,ssp_limit_network_lnabcs_freezer,ts_last_block_end,18,datetime,NO,
mysql-sl,tappx,ssp_limit_network_lnabcs_freezer,block_step,19,int,NO,
mysql-sl,tappx,ssp_limit_network_lnabcs_freezer,ep_partition,20,tinyint,YES,MUL
mysql-sl,tappx,ssp_networks,id_network,1,int,NO,PRI
mysql-sl,tappx,ssp_networks,id_network_real,2,int,YES,
mysql-sl,tappx,ssp_networks,name,3,varchar,NO,UNI
mysql-sl,tappx,ssp_networks,is_tappx_network,4,tinyint,NO,
mysql-sl,tappx,ssp_networks,ssp_class_name,5,varchar,YES,
mysql-sl,tappx,ssp_networks,owner,6,int,YES,
mysql-sl,tappx,ssp_networks,bd_manager,7,int,YES,
mysql-sl,tappx,ssp_networks,id_tam,8,int,YES,
mysql-sl,tappx,ssp_networks,pub_id,9,varchar,YES,
mysql-sl,tappx,ssp_networks,description,10,varchar,NO,
mysql-sl,tappx,ssp_networks,type,11,enum,NO,
mysql-sl,tappx,ssp_networks,traffic_source,12,enum,NO,
mysql-sl,tappx,ssp_networks,ad_format,13,enum,NO,
mysql-sl,tappx,ssp_networks,is_dmp,14,tinyint,NO,
mysql-sl,tappx,ssp_networks,p121_active,15,enum,NO,
mysql-sl,tappx,ssp_networks,reporting_active,16,tinyint,NO,
mysql-sl,tappx,ssp_networks,price_in_request,17,int,YES,
mysql-sl,tappx,ssp_networks,price_in_request_type,18,enum,YES,
mysql-sl,tappx,ssp_networks,price_in_request_currency,19,enum,YES,
mysql-sl,tappx,ssp_networks,price_in_response,20,tinyint,NO,
mysql-sl,tappx,ssp_networks,price_in_response_type,21,enum,YES,
mysql-sl,tappx,ssp_networks,price_in_response_currency,22,enum,YES,
mysql-sl,tappx,ssp_networks,reporting_rtb,23,enum,NO,
mysql-sl,tappx,ssp_networks,reporting_currency,24,enum,NO,
mysql-sl,tappx,ssp_networks,reporting_lkqd,25,tinyint,NO,
mysql-sl,tappx,ssp_networks,network_test,26,tinyint,NO,
mysql-sl,tappx,ssp_networks,deprecated_active,27,tinyint,NO,
mysql-sl,tappx,ssp_networks,blocked,28,timestamp,NO,
mysql-sl,tappx,ssp_networks,block_reason,29,varchar,YES,
mysql-sl,tappx,ssp_networks,ttl,30,smallint,YES,
mysql-sl,tappx,ssp_networks,timezone_utc_diff,31,tinyint,YES,
mysql-sl,tappx,ssp_networks,reporting_updated_same_day,32,tinyint,NO,
mysql-sl,tappx,ssp_networks,reporting_country_info,33,tinyint,NO,
mysql-sl,tappx,ssp_networks,reporting_clicks_info,34,tinyint,NO,
mysql-sl,tappx,ssp_networks,waterfall_file_config,35,tinyint,NO,
mysql-sl,tappx,ssp_networks,waterfall_default_order,36,tinyint,NO,
mysql-sl,tappx,ssp_networks,waterfall_priority_group,37,tinyint,NO,
mysql-sl,tappx,ssp_networks,waterfall_backfill,38,tinyint,NO,
mysql-sl,tappx,ssp_networks,revenue_percentage,39,tinyint,NO,
mysql-sl,tappx,ssp_networks,revenue_percentage_user_base,40,tinyint,NO,
mysql-sl,tappx,ssp_networks,revenue_percentage_user_base_comment,41,varchar,YES,
mysql-sl,tappx,ssp_networks,revenue_percentage_user_penalty,42,tinyint,NO,
mysql-sl,tappx,ssp_networks,revenue_percentage_user_penalty_new,43,tinyint,YES,
mysql-sl,tappx,ssp_networks,revenue_percentage_user,44,tinyint,NO,
mysql-sl,tappx,ssp_networks,has_deals,45,tinyint,NO,
mysql-sl,tappx,ssp_networks,has_floor_cpm,46,tinyint,NO,
mysql-sl,tappx,ssp_networks,has_floor_cpc,47,tinyint,NO,
mysql-sl,tappx,ssp_networks,restriction_rcpm_ignore_test,48,tinyint,NO,
mysql-sl,tappx,ssp_networks,restriction_rcpm_ignore_test_extra,49,int,NO,
mysql-sl,tappx,ssp_networks,restriction_rcpm_ignore_test_ts,50,timestamp,NO,
mysql-sl,tappx,ssp_networks,restriction_rcpm_current,51,decimal,YES,
mysql-sl,tappx,ssp_networks,restriction_rcpm_current_new,52,decimal,YES,
mysql-sl,tappx,ssp_networks,restriction_max_cpm,53,decimal,NO,
mysql-sl,tappx,ssp_networks,restriction_qps_current,54,int,NO,
mysql-sl,tappx,ssp_networks,restriction_rcpm,55,decimal,YES,
mysql-sl,tappx,ssp_networks,restriction_qps,56,int,YES,
mysql-sl,tappx,ssp_networks,restriction_req_day,57,int,YES,
mysql-sl,tappx,ssp_networks,restriction_revenue_day,58,int,YES,
mysql-sl,tappx,ssp_networks,restriction_req_follow,59,enum,NO,
mysql-sl,tappx,ssp_networks,restriction_comment,60,varchar,YES,
mysql-sl,tappx,ssp_networks,mail_floor_changes,61,varchar,NO,
mysql-sl,tappx,ssp_networks,mail_contact_name,62,varchar,NO,
mysql-sl,tappx,ssp_networks,token,63,varchar,NO,
mysql-sl,tappx,ssp_networks,auto_app_creation_block_user,64,bigint,YES,
mysql-sl,tappx,ssp_networks,auto_apps_creation_step,65,int,YES,
mysql-sl,tappx,ssp_networks,auto_floors,66,enum,YES,
mysql-sl,tappx,ssp_networks,avg_reporting_duration,67,decimal,NO,
mysql-sl,tappx,ssp_networks,last_exec_floor_change,68,date,YES,
mysql-sl,tappx,ssp_networks,contact_poc_name,69,varchar,YES,
mysql-sl,tappx,ssp_networks,contact_poc_mail,70,varchar,YES,
mysql-sl,tappx,ssp_networks,contact_billing_name,71,varchar,YES,
mysql-sl,tappx,ssp_networks,contact_billing_mail,72,varchar,YES,
mysql-sl,tappx,ssp_networks,newsletter,73,tinyint,YES,
mysql-sl,tappx,ssp_networks,is_space_id_provided,74,tinyint,YES,
mysql-sl,tappx,ssp_networks,is_space_creation_manual,75,tinyint,NO,
mysql-sl,tappx,ssp_networks,is_need_alternative_space,76,tinyint,NO,
mysql-sl,tappx,ssp_networks,is_backfill_server,77,tinyint,NO,
mysql-sl,tappx,ssp_networks,id_vendor,78,int,YES,
mysql-sl,tappx,ssp_networks,classification_traffic,79,varchar,YES,
mysql-sl,tappx,ssp_networks,report_stats,80,enum,YES,
mysql-sl,tappx,ssp_networks,discrepancy,81,enum,YES,
mysql-sl,tappx,ssp_networks,connection_side,82,enum,NO,
mysql-sl,tappx,ssp_networks,active_second_call,83,tinyint,NO,
mysql-sl,tappx,ssp_networks,id_company,84,int,YES,MUL
mysql-sl,tappx,ssp_networks,id_billing_group,85,int,YES,MUL
mysql-sl,tappx,ssp_networks,integration_type,86,varchar,YES,
mysql-sl,tappx,ssp_networks,sch_class_name,87,varchar,YES,
mysql-sl,tappx,ssp_networks,sch_accept_range,88,tinyint,NO,
mysql-sl,tappx,ssp_networks,reporting_type,89,enum,YES,
mysql-sl,tappx,ssp_networks,alias_user_last_update,90,varchar,YES,
mysql-sl,tappx,ssp_networks,web_traffic_allow,91,enum,NO,
mysql-sl,tappx,ssp_networks,repartir_margen_con_pub,92,tinyint,NO,
mysql-sl,tappx,ssp_networks,idfa_traffic_allow,93,enum,NO,
mysql-sl,tappx,ssp_networks,kpi_integration_task_id,94,varchar,YES,
mysql-sl,tappx,ssp_networks,kpi_integration_task_created,95,date,YES,
mysql-sl,tappx,ssp_networks,kpi_integration_task_started,96,date,YES,
mysql-sl,tappx,ssp_networks,kpi_integration_task_completed,97,date,YES,
mysql-sl,tappx,ssp_networks,kpi_precreation_date,98,date,YES,
mysql-sl,tappx,ssp_networks,kpi_autotest_date,99,date,YES,
mysql-sl,tappx,ssp_networks,kpi_creation_date,100,date,YES,
mysql-sl,tappx,ssp_networks,kpi_first_request_date,101,date,YES,
mysql-sl,tappx,ssp_networks,kpi_ready_for_first_goal,102,date,YES,
mysql-sl,tappx,ssp_networks,kpi_first_goal_date,103,date,YES,
mysql-sl,tappx,ssp_networks,kpi_exit_goal_date,104,date,YES,
mysql-sl,tappx,ssp_networks,kpi_scaleup_goal_date,105,date,YES,
mysql-sl,tappx,ssp_networks,kpi_good_network_goal_date,106,date,YES,
mysql-sl,tappx,ssp_networks,kpi_integration_estimated_time,107,int,YES,
mysql-sl,tappx,ssp_networks,kpi_integration_real_time,108,int,YES,
mysql-sl,tappx,ssp_networks,kpi_api_integration_date,109,date,YES,
mysql-sl,tappx,ssp_networks,lnabcs_launching_date,110,datetime,YES,
mysql-sl,tappx,ssp_networks,lnabcs_launching_active,111,int,NO,
mysql-sl,tappx,ssp_networks,video_display_allow,112,tinyint,NO,
mysql-sl,tappx,ssp_networks,lnabcs_ignore_tbwl,113,tinyint,NO,
mysql-sl,tappx,ssp_networks,ignore_ssp_margin,114,tinyint,NO,
mysql-sl,tappx,ssp_networks,minimum_share_ignore_margin,115,tinyint,NO,
mysql-sl,tappx,ssp_networks,minimum_share_ignore_margin_new,116,tinyint,YES,
mysql-sl,tappx,ssp_pricegroup_app,id_pricegroup,1,bigint,NO,PRI
mysql-sl,tappx,ssp_pricegroup_app,id_app,2,bigint,YES,MUL
mysql-sl,tappx,ssp_pricegroup_app,name,3,varchar,YES,
mysql-sl,tappx,ssp_pricegroup_country,id_pricegroup,1,bigint,NO,PRI
mysql-sl,tappx,ssp_pricegroup_country,id_country,2,bigint,NO,PRI
mysql-sl,tappx,ssp_pricegroup_floors,id_pricegroup,1,bigint,NO,PRI
mysql-sl,tappx,ssp_pricegroup_floors,id_size,2,smallint,NO,PRI
mysql-sl,tappx,ssp_pricegroup_floors,cpm,3,decimal,NO,
mysql-sl,tappx,ssp_pricegroup_floors,last_update,4,datetime,NO,
mysql-sl,tappx,ssp_pricegroup_floors_log,id,1,bigint,NO,PRI
mysql-sl,tappx,ssp_pricegroup_floors_log,timestamp,2,datetime,NO,MUL
mysql-sl,tappx,ssp_pricegroup_floors_log,id_app,3,bigint,YES,
mysql-sl,tappx,ssp_pricegroup_floors_log,pricegroup_name,4,varchar,YES,
mysql-sl,tappx,ssp_pricegroup_floors_log,id_pricegroup,5,bigint,NO,
mysql-sl,tappx,ssp_pricegroup_floors_log,id_size,6,smallint,NO,
mysql-sl,tappx,ssp_pricegroup_floors_log,old_value,7,varchar,YES,
mysql-sl,tappx,ssp_pricegroup_floors_log,new_value,8,varchar,YES,
mysql-sl,tappx,ssp_pricegroup_floors_log,processed,9,datetime,YES,
mysql-sl,tappx,ssp_statistics,date,1,date,NO,PRI
mysql-sl,tappx,ssp_statistics,id_network,2,int,NO,PRI
mysql-sl,tappx,ssp_statistics,bundle_hash,3,varchar,NO,
mysql-sl,tappx,ssp_statistics,id_space,4,varchar,NO,PRI
mysql-sl,tappx,ssp_statistics,id_size,5,int,NO,PRI
mysql-sl,tappx,ssp_statistics,size,6,varchar,NO,
mysql-sl,tappx,ssp_statistics,country,7,varchar,NO,PRI
mysql-sl,tappx,ssp_statistics,id_app,8,bigint,YES,
mysql-sl,tappx,ssp_statistics,id_user,9,bigint,YES,
mysql-sl,tappx,ssp_statistics,requests_uniques,10,int,NO,
mysql-sl,tappx,ssp_statistics,requests_network,11,int,NO,
mysql-sl,tappx,ssp_statistics,requests_tracked,12,int,NO,
mysql-sl,tappx,ssp_statistics,received_tracked,13,int,NO,
mysql-sl,tappx,ssp_statistics,deliveries_network,14,int,NO,
mysql-sl,tappx,ssp_statistics,deliveries_tracked,15,int,NO,
mysql-sl,tappx,ssp_statistics,impressions_network,16,int,NO,
mysql-sl,tappx,ssp_statistics,impressions_tracked,17,int,NO,
mysql-sl,tappx,ssp_statistics,clicks_network,18,int,NO,
mysql-sl,tappx,ssp_statistics,revenue_gross_network,19,decimal,NO,
mysql-sl,tappx,ssp_statistics,revenue_gross,20,decimal,NO,
mysql-sl,tappx,ssp_statistics,revenue_net,21,decimal,NO,
mysql-sl,tappx,ssp_statistics,revenue_net_currency,22,varchar,NO,
mysql-sl,tappx,ssp_statistics,network_penalty_percentage,23,decimal,NO,
mysql-sl,tappx,ssp_statistics,user_revenue_percentage,24,decimal,NO,
mysql-sl,tappx,ssp_statistics,user_revenue_value,25,decimal,NO,
mysql-sl,tappx,ssp_statistics,floor_cpm,26,float,YES,
mysql-sl,tappx,ssp_statistics,floor_cpc,27,float,YES,
mysql-sl,tappx,ssp_statistics,invoice_demand,28,varchar,YES,
mysql-sl,tappx,ssp_statistics,last_update,29,date,NO,MUL
mysql-sl,tappx,ssp_user_info,id_user,1,bigint,NO,PRI
mysql-sl,tappx,ssp_user_info,id_crm,2,bigint,YES,
mysql-sl,tappx,ssp_user_info,type_connection,3,json,YES,
mysql-sl,tappx,ssp_user_info,type_connection_detail,4,json,YES,
mysql-sl,tappx,user,id,1,bigint,NO,PRI
mysql-sl,tappx,user,name,2,varchar,NO,
mysql-sl,tappx,user,id_master,3,int,YES,
mysql-sl,tappx,user,alias,4,varchar,YES,UNI
mysql-sl,tappx,user,sellersjson_priority,5,enum,NO,
mysql-sl,tappx,user,id_group,6,varchar,YES,MUL
mysql-sl,tappx,user,user_type,7,enum,NO,
mysql-sl,tappx,user,source,8,enum,YES,
mysql-sl,tappx,user,mail,9,varchar,NO,UNI
mysql-sl,tappx,user,active,10,int,NO,
mysql-sl,tappx,user,endpoint,11,varchar,NO,
mysql-sl,tappx,user,connection_type,12,varchar,YES,
mysql-sl,tappx,user,account_type,13,enum,NO,
mysql-sl,tappx,user,owner,14,bigint,YES,MUL
mysql-sl,tappx,user,tam,15,bigint,YES,MUL
mysql-sl,tappx,user,amazon_tam_id,16,bigint,YES,
mysql-sl,tappx,user,ssp_block_ibv,17,int,NO,
mysql-sl,tappx,user,tappix_shared_all_apps,18,int,NO,
mysql-sl,tappx,user,comments,19,tinytext,YES,
mysql-sl,tappx,user,creation,20,timestamp,NO,
mysql-sl,tappx,user,promotion_code_id,21,bigint,YES,MUL
mysql-sl,tappx,user,promotion_pending,22,int,NO,
mysql-sl,tappx,user,pass,23,varchar,NO,
mysql-sl,tappx,user,verified,24,int,NO,
mysql-sl,tappx,user,verified_date,25,timestamp,YES,
mysql-sl,tappx,user,last_connection,26,timestamp,YES,
mysql-sl,tappx,user,monetize,27,tinyint,NO,
mysql-sl,tappx,user,monetize_start,28,date,YES,
mysql-sl,tappx,user,monetize_user_revenue_bonus,29,tinyint,NO,
mysql-sl,tappx,user,no_newsletter,30,tinyint,NO,
mysql-sl,tappx,user,profile_cross,31,tinyint,NO,
mysql-sl,tappx,user,profile_cpm,32,tinyint,NO,
mysql-sl,tappx,user,profile_perf,33,tinyint,NO,
mysql-sl,tappx,user,profile_advertiser,34,tinyint,NO,
mysql-sl,tappx,user,ids_profiles,35,varchar,NO,
mysql-sl,tappx,user,advertise,36,tinyint,NO,
mysql-sl,tappx,user,perf_affise_id,37,bigint,YES,UNI
mysql-sl,tappx,user,privacy_policy_version,38,int,NO,
mysql-sl,tappx,user,bdam_c,39,int,YES,
mysql-sl,tappx,user,rebate,40,decimal,NO,
mysql-sl,tappx,user,dashboard_version,41,tinyint,NO,
mysql-sl,tappx,user,has_api,42,tinyint,NO,
mysql-sl,tappx,user,google_open_bidding_id,43,varchar,YES,
mysql-sl,tappx,user_endpoint,id_user,1,bigint,NO,PRI
mysql-sl,tappx,user_endpoint,subdomain,2,varchar,NO,PRI
mysql-sl,tappx,user_endpoint,connection_type,3,varchar,NO,PRI
mysql-sl,tappx,user_endpoint,ad_format,4,enum,NO,PRI
mysql-sl,tappx,user_endpoint,create,5,timestamp,NO,
mysql-sl,tappx,user_endpoint,us_west_blocked,6,timestamp,YES,
mysql-sl,tappx,user_endpoint,us_east_blocked,7,timestamp,YES,
mysql-sl,tappx,user_endpoint,eu_west_blocked,8,timestamp,YES,
mysql-sl,tappx,user_endpoint,blocked,9,timestamp,YES,
mysql-sl,tappx,user_endpoint,blocked_reason,10,varchar,YES,
mysql-sl,tappx,user_endpoint,us_west_blocked_reason,11,varchar,YES,
mysql-sl,tappx,user_endpoint,us_east_blocked_reason,12,varchar,YES,
mysql-sl,tappx,user_endpoint,eu_west_blocked_reason,13,varchar,YES,
mysql-sl,tappx,VIEW_LOOKER_LNABCS_Log,Filtrado,1,int,NO,
mysql-sl,tappx,VIEW_LOOKER_LNABCS_Log,_date,2,date,NO,
mysql-sl,tappx,VIEW_LOOKER_LNABCS_Log,network,3,varchar,YES,
mysql-sl,tappx,VIEW_LOOKER_LNABCS_Log,_info,4,varchar,NO,
mysql-sl,tappx,VIEW_LOOKER_LNABCS_Log,_value,5,varchar,NO,
mysql-sl,tappx,VIEW_LOOKER_LNABCS_Log,total_combos,6,int,NO,
mysql-sl,tappx,VIEW_LOOKER_performance_billing,date,1,date,NO,
mysql-sl,tappx,VIEW_LOOKER_performance_billing,date_start,2,date,NO,
mysql-sl,tappx,VIEW_LOOKER_performance_billing,date_end,3,date,NO,
mysql-sl,tappx,VIEW_LOOKER_performance_billing,account_manager,4,varchar,YES,
mysql-sl,tappx,VIEW_LOOKER_performance_billing,company,5,varchar,YES,
mysql-sl,tappx,VIEW_LOOKER_performance_billing,id_network,6,int,NO,
mysql-sl,tappx,VIEW_LOOKER_performance_billing,financial_year,7,int,NO,
mysql-sl,tappx,VIEW_LOOKER_performance_billing,revenue_net,8,decimal,YES,
mysql-sl,tappx,VIEW_LOOKER_performance_billing,revenue_discrepancy,9,decimal,YES,
mysql-sl,tappx,VIEW_LOOKER_ssp_billing,date,1,date,NO,
mysql-sl,tappx,VIEW_LOOKER_ssp_billing,date_start,2,date,NO,
mysql-sl,tappx,VIEW_LOOKER_ssp_billing,date_end,3,date,NO,
mysql-sl,tappx,VIEW_LOOKER_ssp_billing,account_manager,4,varchar,YES,
mysql-sl,tappx,VIEW_LOOKER_ssp_billing,company,5,varchar,YES,
mysql-sl,tappx,VIEW_LOOKER_ssp_billing,financial_year,6,int,NO,
mysql-sl,tappx,VIEW_LOOKER_ssp_billing,id_network,7,int,NO,
mysql-sl,tappx,VIEW_LOOKER_ssp_billing,revenue_net,8,decimal,YES,
mysql-sl,tappx,VIEW_LOOKER_ssp_billing,revenue_discrepancy,9,decimal,YES,
mysql-sl,tappx,VIEW_LOOKER_ssp_billing,revenue_fraud,10,decimal,YES,
mysql-sl,tappx,VIEW_LOOKER_ssp_billing,revenue_penalty,11,decimal,YES,
mysql-sl,tappx_performance,perf_agency_campaigns,id,1,bigint,NO,PRI
mysql-sl,tappx_performance,perf_agency_campaigns,id_attribution_platform,2,int,NO,MUL
mysql-sl,tappx_performance,perf_agency_campaigns,id_network,3,bigint,NO,MUL
mysql-sl,tappx_performance,perf_agency_campaigns,name,4,varchar,NO,
mysql-sl,tappx_performance,perf_agency_campaigns,bundle,5,varchar,NO,
mysql-sl,tappx_performance,perf_agency_campaigns,logo,6,varchar,NO,
mysql-sl,tappx_performance,perf_agency_campaigns,app_id_in_attribution_platform,7,varchar,YES,
mysql-sl,tappx_performance,perf_agency_campaigns,status,8,varchar,NO,
mysql-sl,tappx_performance,perf_networks,id_network,1,bigint,NO,PRI
mysql-sl,tappx_performance,perf_networks,name,2,varchar,NO,UNI
mysql-sl,tappx_performance,perf_networks,description,3,varchar,NO,
mysql-sl,tappx_performance,perf_networks,active,4,tinyint,NO,
mysql-sl,tappx_performance,perf_networks,cpi_active,5,int,YES,
mysql-sl,tappx_performance,perf_networks,blocked,6,timestamp,YES,
mysql-sl,tappx_performance,perf_networks,block_reason,7,varchar,YES,
mysql-sl,tappx_performance,perf_networks,bd_manager,8,int,YES,
mysql-sl,tappx_performance,perf_networks,account_manager,9,bigint,YES,
mysql-sl,tappx_performance,perf_networks,reporting_active,10,tinyint,NO,
mysql-sl,tappx_performance,perf_networks,revenue_percentage,11,tinyint,NO,
mysql-sl,tappx_performance,perf_networks,revenue_percentage_user_base,12,tinyint,NO,
mysql-sl,tappx_performance,perf_networks,revenue_percentage_user_penalty,13,tinyint,NO,
mysql-sl,tappx_performance,perf_networks,revenue_percentage_user,14,tinyint,NO,
mysql-sl,tappx_performance,perf_networks,tappx_margin_percentage,15,tinyint,NO,
mysql-sl,tappx_performance,perf_networks,publishers_penalty_percentage,16,tinyint,NO,
mysql-sl,tappx_performance,perf_networks,currency,17,enum,NO,
mysql-sl,tappx_performance,perf_networks,email,18,varchar,YES,
mysql-sl,tappx_performance,perf_networks,tracking_platform_id,19,varchar,YES,UNI
mysql-sl,tappx_performance,perf_networks,date_added,20,date,YES,
mysql-sl,tappx_performance,perf_networks,id_company,21,int,YES,
mysql-sl,tappx_performance,perf_networks,id_billing_group,22,int,YES,MUL
mysql-sl,tappx_performance,perf_networks_setting,id_network,1,bigint,NO,PRI
mysql-sl,tappx_performance,perf_networks_setting,type,2,enum,YES,
mysql-sl,tappx_performance,perf_networks_setting,visibility,3,enum,YES,
mysql-sl,tappx_performance,perf_networks_setting,demand_category,4,enum,YES,
mysql-sl,tappx_performance,perf_networks_setting,advertiser_platform_id,5,int,YES,
mysql-sl,tappx_performance,perf_networks_setting,category_id,6,int,YES,MUL
mysql-sl,tappx_performance,perf_networks_setting,is_manual,7,tinyint,NO,
mysql-sl,tappx_performance,perf_networks_setting,is_direct,8,tinyint,NO,
mysql-sl,tappx_performance,perf_networks_setting,antifraud_active,9,tinyint,NO,
mysql-sl,tappx_performance,perf_networks_setting,custom_creatives,10,tinyint,YES,
mysql-sl,tappx_performance,perf_networks_setting,tracking_platform,11,enum,YES,
mysql-sl,tappx_performance,perf_networks_setting,redirection_steps,12,int,YES,
mysql-sl,tappx_performance,perf_networks_setting,autosend_cpc_postback,13,tinyint,YES,
mysql-sl,tappx_performance,perf_networks_setting,agency_currency,14,enum,NO,
mysql-sl,tappx_performance,perf_networks_setting,attribution_type,15,enum,YES,
mysql-sl,tappx_performance,perf_networks_setting,monthly_budget,16,int,YES,
mysql-sl,tappx_performance,perf_networks_setting,allows_probabilistic_attribution,17,tinyint,NO,
mysql-sl,tappx_performance,perf_networks_setting,max_allowed_days,18,int,YES,
mysql-sl,tappx_performance,perf_networks_setting,has_appsflyer_raw_data,19,tinyint,YES,
mysql-sl,tappx_performance,perf_offer,id,1,bigint,NO,PRI
mysql-sl,tappx_performance,perf_offer,deal_id,2,bigint,YES,MUL
mysql-sl,tappx_performance,perf_offer,tracking_platform_id,3,varchar,YES,MUL
mysql-sl,tappx_performance,perf_offer,name,4,varchar,NO,
mysql-sl,tappx_performance,perf_offer,description,5,longtext,NO,
mysql-sl,tappx_performance,perf_offer,advertiser_description,6,longtext,YES,
mysql-sl,tappx_performance,perf_offer,default_payout,7,double,NO,
mysql-sl,tappx_performance,perf_offer,tracking_url,8,varchar,NO,
mysql-sl,tappx_performance,perf_offer,imp_pixel_url,9,varchar,YES,
mysql-sl,tappx_performance,perf_offer,advertiser_offer_id,10,varchar,NO,
mysql-sl,tappx_performance,perf_offer,creation_date,11,date,NO,
mysql-sl,tappx_performance,perf_offer,expiration_date,12,date,NO,
mysql-sl,tappx_performance,perf_offer,protocol,13,varchar,NO,
mysql-sl,tappx_performance,perf_offer,revenue_type,14,varchar,NO,
mysql-sl,tappx_performance,perf_offer,revenue_mode,15,varchar,YES,
mysql-sl,tappx_performance,perf_offer,revenue_margin_percentage,16,double,YES,
mysql-sl,tappx_performance,perf_offer,payout_type,17,varchar,NO,
mysql-sl,tappx_performance,perf_offer,payable_event,18,varchar,YES,
mysql-sl,tappx_performance,perf_offer,revenue_value,19,double,YES,
mysql-sl,tappx_performance,perf_offer,goal_type,20,varchar,YES,
mysql-sl,tappx_performance,perf_offer,goal,21,double,YES,
mysql-sl,tappx_performance,perf_offer,max_cpm,22,double,YES,
mysql-sl,tappx_performance,perf_offer,manual_status,23,varchar,NO,
mysql-sl,tappx_performance,perf_offer,status,24,varchar,NO,
mysql-sl,tappx_performance,perf_offer,daily_conversion_cap,25,int,YES,
mysql-sl,tappx_performance,perf_offer,preview_url,26,varchar,YES,
mysql-sl,tappx_performance,perf_offer,preview_icon,27,varchar,YES,
mysql-sl,tappx_performance,perf_offer,advertiser_id,28,bigint,NO,MUL
mysql-sl,tappx_performance,perf_offer,bundle_id,29,varchar,YES,
mysql-sl,tappx_performance,perf_offer,last_update,30,datetime,YES,
mysql-sl,tappx_performance,perf_offer,updated,31,int,NO,
mysql-sl,tappx_performance,perf_offer,aid_required,32,int,NO,
mysql-sl,tappx_performance,perf_offer,cities,33,text,YES,
mysql-sl,tappx_performance,perf_offer,kpis_info,34,varchar,YES,
mysql-sl,tappx_performance,perf_offer,isaffise,35,int,YES,
mysql-sl,tappx_performance,perf_offer,mobile_content,36,int,YES,
mysql-sl,tappx_performance,perf_offer,validator_errors,37,int,YES,
mysql-sl,tappx_performance,perf_offer,validations_active,38,int,YES,
mysql-sl,tappx_performance,perf_offer,cross_advertiser_id,39,int,YES,
mysql-sl,tappx_performance,perf_offer,cross_campaign_id,40,bigint,YES,UNI
mysql-sl,tappx_performance,perf_offer,geos,41,json,YES,
mysql-sl,tappx_performance,perf_offer,offer_caps,42,json,YES,
mysql-sl,tappx_performance,perf_offer,algorithms,43,json,YES,
mysql-sl,tappx_performance,perf_offer,priorities,44,json,YES,
mysql-sl,tappx_performance,perf_offer,traffic_type,45,json,YES,
mysql-sl,tappx_performance,perf_offer,is_sdk,46,int,NO,
mysql-sl,tappx_performance,perf_offer,allows_probabilistic_attribution,47,tinyint,NO,
mysql-sl,tappx_performance,perf_offer,allows_auto_optimization,48,tinyint,NO,
mysql-sl,tappx_performance,perf_offer,sdk_config,49,varchar,YES,
mysql-sl,tappx_performance,perf_offer,start_at,50,datetime,YES,
mysql-sl,tappx_performance,perf_offer,end_at,51,datetime,YES,
mysql-sl,tappx_performance,perf_offer_changelog,id,1,bigint,NO,PRI
mysql-sl,tappx_performance,perf_offer_changelog,offer_id,2,bigint,YES,
mysql-sl,tappx_performance,perf_offer_changelog,alias_user_last_update,3,varchar,YES,
mysql-sl,tappx_performance,perf_offer_changelog,create_time,4,datetime,YES,
mysql-sl,tappx_performance,perf_offer_changelog,change_log,5,json,YES,
mysql-sl,tappx_performance,perf_rotator_creatives,id,1,varchar,YES,
mysql-sl,tappx_performance,perf_rotator_creatives,id_offer,2,bigint,NO,
mysql-sl,tappx_performance,perf_rotator_creatives,status,3,varchar,NO,
mysql-sl,tappx_performance,perf_rotator_creatives,file_name,4,varchar,YES,
mysql-sl,tappx_performance,perf_rotator_creatives,image_url,5,varchar,YES,
mysql-sl,tappx_performance,perf_rotator_creatives,size,6,varchar,YES,
mysql-sl,tappx_performance,perf_rotator_creatives,width,7,int,YES,
mysql-sl,tappx_performance,perf_rotator_creatives,height,8,int,YES,
mysql-sl,tappx_performance,perf_rotator_creatives,aspect_ratio,9,decimal,YES,
mysql-sl,tappx_performance,perf_rotator_creatives,ad_format,10,varchar,NO,
mysql-sl,tappx_performance,perf_rotator_creatives,video_duration,11,int,YES,
mysql-sl,tappx_performance,perf_rotator_creatives,vast_link,12,text,YES,
mysql-sl,tappx_performance,perf_rotator_creatives,vast_xml,13,text,YES,
mysql-sl,tappx_performance,perf_rotator_creatives,traffic_type,14,json,YES,
mysql-sl,tappx_performance,perf_rotator_creatives,categories,15,varchar,YES,
mysql-sl,tappx_performance,perf_rotator_offers,id_offer,1,bigint,NO,PRI
mysql-sl,tappx_performance,perf_rotator_offers,id_deal,2,bigint,YES,
mysql-sl,tappx_performance,perf_rotator_offers,bundle_id,3,varchar,YES,
mysql-sl,tappx_performance,perf_rotator_offers,app_name,4,varchar,YES,
mysql-sl,tappx_performance,perf_rotator_offers,country,5,varchar,NO,
mysql-sl,tappx_performance,perf_rotator_offers,geos,6,json,YES,
mysql-sl,tappx_performance,perf_rotator_offers,cities,7,text,YES,
mysql-sl,tappx_performance,perf_rotator_offers,carrier,8,varchar,NO,
mysql-sl,tappx_performance,perf_rotator_offers,device_types,9,varchar,NO,
mysql-sl,tappx_performance,perf_rotator_offers,device_platforms,10,varchar,NO,
mysql-sl,tappx_performance,perf_rotator_offers,device_os,11,varchar,NO,
mysql-sl,tappx_performance,perf_rotator_offers,payout,12,double,YES,
mysql-sl,tappx_performance,perf_rotator_offers,id_network,13,bigint,NO,
mysql-sl,tappx_performance,perf_rotator_offers,advertiser_acronym,14,varchar,NO,
mysql-sl,tappx_performance,perf_rotator_offers,advertiser_name,15,varchar,NO,
mysql-sl,tappx_performance,perf_rotator_offers,status,16,varchar,NO,
mysql-sl,tappx_performance,perf_rotator_offers,aid_required,17,int,NO,
mysql-sl,tappx_performance,perf_rotator_offers,last_update,18,datetime,YES,
mysql-sl,tappx_performance,perf_rotator_offers,tracking_platform,19,varchar,YES,
mysql-sl,tappx_performance,perf_rotator_offers,uses_own_creatives,20,int,YES,
mysql-sl,tappx_performance,perf_rotator_offers,description,21,varchar,YES,
mysql-sl,tappx_performance,perf_rotator_offers,short_description,22,varchar,YES,
mysql-sl,tappx_performance,perf_rotator_offers,downloads,23,varchar,YES,
mysql-sl,tappx_performance,perf_rotator_offers,language,24,varchar,YES,
mysql-sl,tappx_performance,perf_rotator_offers,price,25,varchar,YES,
mysql-sl,tappx_performance,perf_rotator_offers,score,26,float,YES,
mysql-sl,tappx_performance,perf_rotator_offers,min_os_version,27,varchar,YES,
mysql-sl,tappx_performance,perf_rotator_offers,max_os_version,28,varchar,YES,
mysql-sl,tappx_performance,perf_rotator_offers,preview_url,29,varchar,YES,
mysql-sl,tappx_performance,perf_rotator_offers,tracking_url,30,text,NO,
mysql-sl,tappx_performance,perf_rotator_offers,imp_pixel_url,31,varchar,YES,
mysql-sl,tappx_performance,perf_rotator_offers,max_cpm,32,decimal,YES,
mysql-sl,tappx_performance,perf_rotator_offers,rev_type,33,varchar,NO,
mysql-sl,tappx_performance,perf_rotator_offers,rev_mode,34,varchar,YES,
mysql-sl,tappx_performance,perf_rotator_offers,payout_margin_percentage,35,double,YES,
mysql-sl,tappx_performance,perf_rotator_offers,autosend_cpc_postback,36,tinyint,YES,
mysql-sl,tappx_performance,perf_rotator_offers,cross_advertiser_id,37,int,YES,
mysql-sl,tappx_performance,perf_rotator_offers,tappx_categories,38,varchar,YES,
mysql-sl,tappx_performance,perf_rotator_offers,goal_type,39,varchar,YES,
mysql-sl,tappx_performance,perf_rotator_offers,goal,40,double,YES,
mysql-sl,tappx_performance,perf_rotator_offers,adomain,41,varchar,YES,
mysql-sl,tappx_performance,perf_rotator_offers,algorithms,42,json,YES,
mysql-sl,tappx_performance,perf_rotator_offers,priorities,43,json,YES,
mysql-sl,tappx_performance,perf_rotator_offers,traffic_type,44,json,YES,
mysql-sl,tappx_performance,perf_rotator_offers,allows_probabilistic_attribution,45,tinyint,NO,
mysql-sl,tappx_performance,perf_rotator_offers,sdk_config,46,varchar,YES,
mysql-sl,tappx_performance,perf_ssp_traffic_config,country,1,varchar,NO,PRI
mysql-sl,tappx_performance,perf_ssp_traffic_config,region,2,varchar,NO,PRI
mysql-sl,tappx_performance,perf_ssp_traffic_config,subregion,3,varchar,NO,PRI
mysql-sl,tappx_performance,perf_ssp_traffic_config,city,4,varchar,NO,PRI
mysql-sl,tappx_performance,perf_ssp_traffic_config,os,5,varchar,NO,PRI
mysql-sl,tappx_performance,perf_ssp_traffic_config,ad_format,6,enum,NO,PRI
mysql-sl,tappx_performance,perf_ssp_traffic_config,id_size,7,varchar,NO,PRI
mysql-sl,tappx_performance,perf_ssp_traffic_config,adunit,8,varchar,NO,PRI
mysql-sl,tappx_performance,perf_ssp_traffic_config,bundle,9,varchar,NO,PRI
mysql-sl,tappx_performance,perf_ssp_traffic_config,active,10,tinyint,YES,
mysql-sl,tappx_performance,perf_ssp_traffic_config,price,11,decimal,NO,
mysql-sl,tappx_performance,perf_ssp_traffic_config,percentage,12,int,NO,
mysql-sl,tappx_performance,perf_ssp_traffic_config,comment,13,varchar,YES,
mysql-sl,tappx_performance,perf_ssp_traffic_config,ts_added,14,datetime,NO,
mysql-sl,tappx_performance,perf_ssp_traffic_config,who_added,15,varchar,YES,
mysql-sl,tappx_performance,perf_user,id_tappx,1,int,NO,PRI
mysql-sl,tappx_performance,perf_user,id_affise,2,int,NO,
mysql-sl,tappx_performance,perf_user,integration_active,3,tinyint,YES,
mysql-sl,tappx_performance,perf_user,id_platform,4,varchar,YES,
mysql-sl,tappx_performance,perf_user,id_voluum,5,varchar,YES,
mysql-sl,tappx_performance,perf_user,id_appsflyer,6,varchar,YES,UNI
mysql-sl,tappx_performance,perf_user,id_adjust,7,varchar,YES,UNI
mysql-sl,tappx_performance,perf_user,id_adjust_enc,8,varchar,YES,UNI
mysql-sl,tappx_performance,perf_user,id_adjust_complete,9,varchar,YES,UNI
mysql-sl,tappx_performance,perf_user,id_branch,10,varchar,YES,UNI
mysql-sl,tappx_performance,perf_user,id_kochava,11,varchar,YES,UNI
mysql-sl,tappx_performance,perf_user,publisher_type,12,varchar,YES,
mysql-sl,tappx_performance,perf_user,logo,13,mediumblob,YES,
mysql-sl,tappx_ssp_statistics,ssp_stats_by_network,date,1,date,NO,PRI
mysql-sl,tappx_ssp_statistics,ssp_stats_by_network,id_network,2,int,NO,PRI
mysql-sl,tappx_ssp_statistics,ssp_stats_by_network,network,3,varchar,NO,
mysql-sl,tappx_ssp_statistics,ssp_stats_by_network,requests,4,bigint,NO,
mysql-sl,tappx_ssp_statistics,ssp_stats_by_network,ads_received,5,bigint,NO,
mysql-sl,tappx_ssp_statistics,ssp_stats_by_network,ads_served,6,bigint,NO,
mysql-sl,tappx_ssp_statistics,ssp_stats_by_network,impressions,7,bigint,NO,
mysql-sl,tappx_ssp_statistics,ssp_stats_by_network,rev_net,8,decimal,NO,
mysql-sl,tappx_ssp_statistics,ssp_stats_by_network,rev_usr,9,decimal,NO,
mysql-sl,tappx_ssp_statistics,ssp_stats_by_network,BD,10,int,YES,
mysql-sl,tappx_ssp_statistics,ssp_stats_by_network,AM,11,int,YES,
mysql-sl,tappx_ssp_statistics,ssp_stats_by_network,TAM,12,int,YES,
mysql-sl,tappx_ssp_statistics,ssp_stats_by_network,Company,13,int,YES,
mysql-sl,tappx_ssp_statistics,ssp_stats_by_os,date,1,date,NO,PRI
mysql-sl,tappx_ssp_statistics,ssp_stats_by_os,id_os,2,int,NO,PRI
mysql-sl,tappx_ssp_statistics,ssp_stats_by_os,os,3,varchar,NO,
mysql-sl,tappx_ssp_statistics,ssp_stats_by_os,pub_requests_total,4,bigint,NO,
mysql-sl,tappx_ssp_statistics,ssp_stats_by_os,pub_requests_processed,5,bigint,NO,
mysql-sl,tappx_ssp_statistics,ssp_stats_by_os,pub_deliveries,6,bigint,NO,
mysql-sl,tappx_ssp_statistics,ssp_stats_by_os,net_requests,7,bigint,NO,
mysql-sl,tappx_ssp_statistics,ssp_stats_by_os,net_ads_received,8,bigint,NO,
mysql-sl,tappx_ssp_statistics,ssp_stats_by_os,net_ads_served,9,bigint,NO,
mysql-sl,tappx_ssp_statistics,ssp_stats_by_os,impressions,10,bigint,NO,
mysql-sl,tappx_ssp_statistics,ssp_stats_by_os,net_revenue,11,decimal,NO,
mysql-sl,tappx_ssp_statistics,ssp_stats_by_os,pub_revenue,12,decimal,NO,
mysql-sl,tappx_ssp_statistics,ssp_stats_by_size,date,1,date,NO,PRI
mysql-sl,tappx_ssp_statistics,ssp_stats_by_size,id_size,2,int,NO,PRI
mysql-sl,tappx_ssp_statistics,ssp_stats_by_size,size,3,varchar,NO,
mysql-sl,tappx_ssp_statistics,ssp_stats_by_size,pub_requests_total,4,bigint,NO,
mysql-sl,tappx_ssp_statistics,ssp_stats_by_size,pub_requests_processed,5,bigint,NO,
mysql-sl,tappx_ssp_statistics,ssp_stats_by_size,pub_deliveries,6,bigint,NO,
mysql-sl,tappx_ssp_statistics,ssp_stats_by_size,net_requests,7,bigint,NO,
mysql-sl,tappx_ssp_statistics,ssp_stats_by_size,net_ads_received,8,bigint,NO,
mysql-sl,tappx_ssp_statistics,ssp_stats_by_size,net_ads_served,9,bigint,NO,
mysql-sl,tappx_ssp_statistics,ssp_stats_by_size,impressions,10,bigint,NO,
mysql-sl,tappx_ssp_statistics,ssp_stats_by_size,net_revenue,11,decimal,NO,
mysql-sl,tappx_ssp_statistics,ssp_stats_by_size,pub_revenue,12,decimal,NO,
mysql-sl,tappx_ssp_statistics,ssp_stats_networks_by_bundle_history,date,1,date,NO,PRI
mysql-sl,tappx_ssp_statistics,ssp_stats_networks_by_bundle_history,endpoint,2,varchar,NO,PRI
mysql-sl,tappx_ssp_statistics,ssp_stats_networks_by_bundle_history,adunit,3,varchar,NO,PRI
mysql-sl,tappx_ssp_statistics,ssp_stats_networks_by_bundle_history,bundle,4,varchar,NO,PRI
mysql-sl,tappx_ssp_statistics,ssp_stats_networks_by_bundle_history,bundle_platform,5,varchar,NO,
mysql-sl,tappx_ssp_statistics,ssp_stats_networks_by_bundle_history,ad_type,6,varchar,NO,PRI
mysql-sl,tappx_ssp_statistics,ssp_stats_networks_by_bundle_history,id_size,7,int,NO,PRI
mysql-sl,tappx_ssp_statistics,ssp_stats_networks_by_bundle_history,country,8,varchar,NO,PRI
mysql-sl,tappx_ssp_statistics,ssp_stats_networks_by_bundle_history,combo_extra_id,9,varchar,NO,PRI
mysql-sl,tappx_ssp_statistics,ssp_stats_networks_by_bundle_history,id_network,10,bigint,NO,PRI
mysql-sl,tappx_ssp_statistics,ssp_stats_networks_by_bundle_history,network_key,11,varchar,NO,PRI
mysql-sl,tappx_ssp_statistics,ssp_stats_networks_by_bundle_history,requests,12,bigint,NO,
mysql-sl,tappx_ssp_statistics,ssp_stats_networks_by_bundle_history,deliveries_network,13,bigint,NO,
mysql-sl,tappx_ssp_statistics,ssp_stats_networks_by_bundle_history,deliveries_winner,14,bigint,NO,
mysql-sl,tappx_ssp_statistics,ssp_stats_networks_by_bundle_history,impressions,15,bigint,NO,
mysql-sl,tappx_ssp_statistics,ssp_stats_networks_by_bundle_history,clicks,16,bigint,NO,
mysql-sl,tappx_ssp_statistics,ssp_stats_networks_by_bundle_history,revenue_gross,17,decimal,NO,
mysql-sl,tappx_ssp_statistics,ssp_stats_networks_by_bundle_history,revenue_net,18,decimal,NO,
mysql-sl,tappx_ssp_statistics,ssp_stats_networks_by_bundle_history,revenue_publisher,19,decimal,NO,
mysql-sl,tappx_ssp_statistics,ssp_stats_networks_by_bundle_history,v_quartiles_0,20,bigint,NO,
mysql-sl,tappx_ssp_statistics,ssp_stats_networks_by_bundle_history,v_quartiles_25,21,bigint,NO,
mysql-sl,tappx_ssp_statistics,ssp_stats_networks_by_bundle_history,v_quartiles_50,22,bigint,NO,
mysql-sl,tappx_ssp_statistics,ssp_stats_networks_by_bundle_history,v_quartiles_75,23,bigint,NO,
mysql-sl,tappx_ssp_statistics,ssp_stats_networks_by_bundle_history,v_quartiles_100,24,bigint,NO,
mysql-sl,tappx_stats_performance,KPIS_perf_advertisers,month,1,varchar,YES,
mysql-sl,tappx_stats_performance,KPIS_perf_advertisers,id_network,2,varchar,YES,
mysql-sl,tappx_stats_performance,KPIS_perf_advertisers,account_manager,3,varchar,YES,
mysql-sl,tappx_stats_performance,KPIS_perf_advertisers,revenue,4,decimal,YES,
mysql-sl,tappx_stats_performance,KPIS_perf_advertisers,revenue_advertiser,5,decimal,YES,
mysql-sl,tappx_stats_performance,KPIS_perf_advertisers,payout,6,decimal,YES,
mysql-sl,tappx_stats_performance,KPIS_perf_advertisers,profit,7,decimal,YES,
mysql-sl,tappx_stats_performance,KPIS_perf_advertisers,margin,8,decimal,YES,
mysql-sl,tappx_stats_performance,KPIS_perf_publishers,month,1,varchar,YES,
mysql-sl,tappx_stats_performance,KPIS_perf_publishers,id_user,2,varchar,YES,
mysql-sl,tappx_stats_performance,KPIS_perf_publishers,account_manager,3,varchar,YES,
mysql-sl,tappx_stats_performance,KPIS_perf_publishers,revenue,4,decimal,YES,
mysql-sl,tappx_stats_performance,KPIS_perf_publishers,revenue_advertiser,5,decimal,YES,
mysql-sl,tappx_stats_performance,KPIS_perf_publishers,payout,6,decimal,YES,
mysql-sl,tappx_stats_performance,KPIS_perf_publishers,profit,7,decimal,YES,
mysql-sl,tappx_stats_performance,KPIS_perf_publishers,margin,8,decimal,YES,
mysql-sl,tappx_stats_performance,perf_adjust_event_data,date,1,date,NO,PRI
mysql-sl,tappx_stats_performance,perf_adjust_event_data,publisher_name,2,varchar,NO,PRI
mysql-sl,tappx_stats_performance,perf_adjust_event_data,tracking_platform,3,enum,NO,PRI
mysql-sl,tappx_stats_performance,perf_adjust_event_data,offer_bundle,4,varchar,NO,PRI
mysql-sl,tappx_stats_performance,perf_adjust_event_data,country,5,varchar,NO,PRI
mysql-sl,tappx_stats_performance,perf_adjust_event_data,id_os,6,enum,YES,
mysql-sl,tappx_stats_performance,perf_adjust_event_data,type_monetization,7,enum,YES,MUL
mysql-sl,tappx_stats_performance,perf_adjust_event_data,event_name,8,varchar,NO,PRI
mysql-sl,tappx_stats_performance,perf_adjust_event_data,events,9,int,YES,
mysql-sl,tappx_stats_performance,perf_advertisers_stats,date,1,date,NO,
mysql-sl,tappx_stats_performance,perf_advertisers_stats,id_network,2,int,NO,
mysql-sl,tappx_stats_performance,perf_advertisers_stats,name,3,varchar,YES,
mysql-sl,tappx_stats_performance,perf_advertisers_stats,AM,4,varchar,YES,
mysql-sl,tappx_stats_performance,perf_advertisers_stats,id_affise,5,varchar,YES,
mysql-sl,tappx_stats_performance,perf_advertisers_stats,clicks,6,decimal,YES,
mysql-sl,tappx_stats_performance,perf_advertisers_stats,conversions,7,decimal,YES,
mysql-sl,tappx_stats_performance,perf_advertisers_stats,payout,8,decimal,YES,
mysql-sl,tappx_stats_performance,perf_advertisers_stats,revenue,9,decimal,YES,
mysql-sl,tappx_stats_performance,perf_affiliates_stats,date,1,date,NO,
mysql-sl,tappx_stats_performance,perf_affiliates_stats,id_user,2,int,NO,
mysql-sl,tappx_stats_performance,perf_affiliates_stats,name,3,varchar,YES,
mysql-sl,tappx_stats_performance,perf_affiliates_stats,id_affise,4,int,NO,
mysql-sl,tappx_stats_performance,perf_affiliates_stats,clicks,5,decimal,YES,
mysql-sl,tappx_stats_performance,perf_affiliates_stats,conversions,6,decimal,YES,
mysql-sl,tappx_stats_performance,perf_affiliates_stats,payout,7,decimal,YES,
mysql-sl,tappx_stats_performance,perf_affiliates_stats,revenue,8,decimal,YES,
mysql-sl,tappx_stats_performance,perf_affiliation_advertisers,date,1,date,NO,PRI
mysql-sl,tappx_stats_performance,perf_affiliation_advertisers,id_network,2,int,NO,PRI
mysql-sl,tappx_stats_performance,perf_affiliation_advertisers,id_affise,3,varchar,NO,
mysql-sl,tappx_stats_performance,perf_affiliation_advertisers,id_app,4,int,NO,PRI
mysql-sl,tappx_stats_performance,perf_affiliation_advertisers,ad_type,5,varchar,NO,PRI
mysql-sl,tappx_stats_performance,perf_affiliation_advertisers,id_os,6,tinyint,YES,MUL
mysql-sl,tappx_stats_performance,perf_affiliation_advertisers,country,7,varchar,NO,PRI
mysql-sl,tappx_stats_performance,perf_affiliation_advertisers,requests,8,int,YES,
mysql-sl,tappx_stats_performance,perf_affiliation_advertisers,total_requests,9,bigint,YES,
mysql-sl,tappx_stats_performance,perf_affiliation_advertisers,deliveries,10,int,YES,
mysql-sl,tappx_stats_performance,perf_affiliation_advertisers,impressions,11,int,YES,
mysql-sl,tappx_stats_performance,perf_affiliation_advertisers,clicks,12,int,NO,
mysql-sl,tappx_stats_performance,perf_affiliation_advertisers,conversions,13,int,NO,
mysql-sl,tappx_stats_performance,perf_affiliation_advertisers,post_events,14,int,YES,
mysql-sl,tappx_stats_performance,perf_affiliation_advertisers,revenue,15,decimal,YES,
mysql-sl,tappx_stats_performance,perf_affiliation_advertisers,internal_revenue_gross,16,decimal,YES,
mysql-sl,tappx_stats_performance,perf_affiliation_advertisers,currency,17,varchar,NO,
mysql-sl,tappx_stats_performance,perf_affiliation_advertisers,invoice,18,bigint,YES,
mysql-sl,tappx_stats_performance,perf_affiliation_advertisers,type_monetization,19,enum,YES,
mysql-sl,tappx_stats_performance,perf_affiliation_conversions,date,1,date,NO,PRI
mysql-sl,tappx_stats_performance,perf_affiliation_conversions,id_network,2,bigint,YES,
mysql-sl,tappx_stats_performance,perf_affiliation_conversions,id_offer,3,bigint,YES,
mysql-sl,tappx_stats_performance,perf_affiliation_conversions,id_offer_affise,4,varchar,NO,PRI
mysql-sl,tappx_stats_performance,perf_affiliation_conversions,id_user,5,bigint,YES,
mysql-sl,tappx_stats_performance,perf_affiliation_conversions,id_affiliate,6,bigint,NO,PRI
mysql-sl,tappx_stats_performance,perf_affiliation_conversions,sub_id,7,varchar,NO,PRI
mysql-sl,tappx_stats_performance,perf_affiliation_conversions,country,8,varchar,NO,PRI
mysql-sl,tappx_stats_performance,perf_affiliation_conversions,os,9,varchar,NO,PRI
mysql-sl,tappx_stats_performance,perf_affiliation_conversions,device_type,10,varchar,NO,PRI
mysql-sl,tappx_stats_performance,perf_affiliation_conversions,goal_value,11,varchar,NO,PRI
mysql-sl,tappx_stats_performance,perf_affiliation_conversions,status,12,varchar,NO,PRI
mysql-sl,tappx_stats_performance,perf_affiliation_conversions,comment,13,varchar,NO,PRI
mysql-sl,tappx_stats_performance,perf_affiliation_conversions,revenue,14,double,YES,
mysql-sl,tappx_stats_performance,perf_affiliation_conversions,payout,15,double,YES,
mysql-sl,tappx_stats_performance,perf_affiliation_conversions,conversions,16,int,YES,
mysql-sl,tappx_stats_performance,perf_affiliation_offers,id_offer,1,bigint,NO,PRI
mysql-sl,tappx_stats_performance,perf_affiliation_offers,revenue,2,double,NO,
mysql-sl,tappx_stats_performance,perf_affiliation_offers,rpm,3,double,NO,
mysql-sl,tappx_stats_performance,perf_algorithm_cat_score,id,1,bigint,NO,PRI
mysql-sl,tappx_stats_performance,perf_algorithm_cat_score,algorithm,2,varchar,NO,
mysql-sl,tappx_stats_performance,perf_algorithm_cat_score,tpx_cat_request,3,varchar,NO,
mysql-sl,tappx_stats_performance,perf_algorithm_cat_score,tpx_cat_offer,4,varchar,NO,
mysql-sl,tappx_stats_performance,perf_algorithm_cat_score,deliveries,5,int,NO,
mysql-sl,tappx_stats_performance,perf_algorithm_cat_score,impressions,6,int,NO,
mysql-sl,tappx_stats_performance,perf_algorithm_cat_score,installs,7,int,NO,
mysql-sl,tappx_stats_performance,perf_algorithm_cat_score,revenue,8,decimal,NO,
mysql-sl,tappx_stats_performance,perf_algorithm_cat_score,relation_score,9,decimal,NO,
mysql-sl,tappx_stats_performance,perf_algorithm_cat_score,install_rate,10,decimal,NO,
mysql-sl,tappx_stats_performance,perf_algorithm_cat_score,install_rate_x1000,11,decimal,NO,
mysql-sl,tappx_stats_performance,perf_algorithm_cat_score,count,12,int,NO,
mysql-sl,tappx_stats_performance,perf_algorithm_cat_score,created_at,13,timestamp,NO,
mysql-sl,tappx_stats_performance,perf_algorithm_cat_score,updated_at,14,timestamp,NO,
mysql-sl,tappx_stats_performance,perf_api_refresh,id,1,int,NO,PRI
mysql-sl,tappx_stats_performance,perf_api_refresh,id_refresh,2,int,NO,
mysql-sl,tappx_stats_performance,perf_api_refresh,id_network,3,bigint,YES,
mysql-sl,tappx_stats_performance,perf_api_refresh,start_time,4,timestamp,NO,
mysql-sl,tappx_stats_performance,perf_api_refresh,duration,5,bigint,NO,
mysql-sl,tappx_stats_performance,perf_appsflyer_event_data,date,1,date,NO,PRI
mysql-sl,tappx_stats_performance,perf_appsflyer_event_data,app_id,2,varchar,NO,PRI
mysql-sl,tappx_stats_performance,perf_appsflyer_event_data,affiliate_id,3,varchar,NO,PRI
mysql-sl,tappx_stats_performance,perf_appsflyer_event_data,site_id,4,varchar,NO,PRI
mysql-sl,tappx_stats_performance,perf_appsflyer_event_data,media_source,5,varchar,NO,PRI
mysql-sl,tappx_stats_performance,perf_appsflyer_event_data,country,6,varchar,NO,PRI
mysql-sl,tappx_stats_performance,perf_appsflyer_event_data,event_type,7,varchar,NO,PRI
mysql-sl,tappx_stats_performance,perf_appsflyer_event_data,account_type,8,varchar,NO,PRI
mysql-sl,tappx_stats_performance,perf_appsflyer_event_data,event_counter,9,int,YES,
mysql-sl,tappx_stats_performance,perf_appsflyer_event_data,unique_users,10,int,YES,
mysql-sl,tappx_stats_performance,perf_appsflyer_event_data,revenue,11,double,YES,
mysql-sl,tappx_stats_performance,perf_appsflyer_fraud_data,date,1,date,NO,PRI
mysql-sl,tappx_stats_performance,perf_appsflyer_fraud_data,app_id,2,varchar,NO,PRI
mysql-sl,tappx_stats_performance,perf_appsflyer_fraud_data,affiliate_id,3,varchar,NO,PRI
mysql-sl,tappx_stats_performance,perf_appsflyer_fraud_data,site_id,4,varchar,NO,PRI
mysql-sl,tappx_stats_performance,perf_appsflyer_fraud_data,media_source,5,varchar,NO,PRI
mysql-sl,tappx_stats_performance,perf_appsflyer_fraud_data,country,6,varchar,NO,PRI
mysql-sl,tappx_stats_performance,perf_appsflyer_fraud_data,account_type,7,varchar,NO,PRI
mysql-sl,tappx_stats_performance,perf_appsflyer_fraud_data,total_installs,8,int,YES,
mysql-sl,tappx_stats_performance,perf_appsflyer_fraud_data,percent_blocked_installs,9,float,YES,
mysql-sl,tappx_stats_performance,perf_appsflyer_fraud_data,detected_percent_blocked_installs,10,float,YES,
mysql-sl,tappx_stats_performance,perf_appsflyer_fraud_data,total_fraudulent_installs,11,float,YES,
mysql-sl,tappx_stats_performance,perf_appsflyer_fraud_data,percent_fraudulent_installs,12,float,YES,
mysql-sl,tappx_stats_performance,perf_appsflyer_fraud_data,total_hijacked_installs,13,int,YES,
mysql-sl,tappx_stats_performance,perf_appsflyer_fraud_data,total_detected_hijacked_installs,14,int,YES,
mysql-sl,tappx_stats_performance,perf_appsflyer_fraud_data,total_fake_installs,15,int,YES,
mysql-sl,tappx_stats_performance,perf_appsflyer_fraud_data,total_detected_fake_installs,16,int,YES,
mysql-sl,tappx_stats_performance,perf_appsflyer_fraud_data,total_clicks,17,int,YES,
mysql-sl,tappx_stats_performance,perf_appsflyer_fraud_data,percent_blocked_aggregated_in_apps,18,float,YES,
mysql-sl,tappx_stats_performance,perf_appsflyer_fraud_data,total_aggregated_in_apps,19,int,YES,
mysql-sl,tappx_stats_performance,perf_appsflyer_fraud_data,device_rank_new_device_installs,20,int,YES,
mysql-sl,tappx_stats_performance,perf_appsflyer_fraud_data,device_rank_new_device_installs_rate,21,float,YES,
mysql-sl,tappx_stats_performance,perf_appsflyer_fraud_data,device_rank_new_device_loyal_user_rate,22,float,YES,
mysql-sl,tappx_stats_performance,perf_appsflyer_fraud_data,device_rank_lat_device_installs,23,int,YES,
mysql-sl,tappx_stats_performance,perf_appsflyer_fraud_data,device_rank_lat_device_installs_rate,24,float,YES,
mysql-sl,tappx_stats_performance,perf_appsflyer_fraud_data,device_rank_lat_device_loyal_user_rate,25,float,YES,
mysql-sl,tappx_stats_performance,perf_appsflyer_fraud_data,conversion_rate,26,float,YES,
mysql-sl,tappx_stats_performance,perf_appsflyer_fraud_data,contribution,27,float,YES,
mysql-sl,tappx_stats_performance,perf_appsflyer_fraud_data,ctit_over_one_hour,28,float,YES,
mysql-sl,tappx_stats_performance,perf_appsflyer_fraud_data,ctit_over_five_hours,29,float,YES,
mysql-sl,tappx_stats_performance,perf_appsflyer_fraud_data,campaign,30,int,YES,
mysql-sl,tappx_stats_performance,perf_appsflyer_fraud_data,blocked_installs,31,int,YES,
mysql-sl,tappx_stats_performance,perf_appsflyer_fraud_data,detected_installs,32,int,YES,
mysql-sl,tappx_stats_performance,perf_appsflyer_fraud_data,install_hijacking,33,int,YES,
mysql-sl,tappx_stats_performance,perf_appsflyer_fraud_data,ctit_anomalies,34,int,YES,
mysql-sl,tappx_stats_performance,perf_appsflyer_fraud_data,click_flood,35,int,YES,
mysql-sl,tappx_stats_performance,perf_appsflyer_fraud_data,detected_install_hijacking,36,int,YES,
mysql-sl,tappx_stats_performance,perf_appsflyer_fraud_data,detected_ctit_anomalies,37,int,YES,
mysql-sl,tappx_stats_performance,perf_appsflyer_fraud_data,detected_click_flood,38,int,YES,
mysql-sl,tappx_stats_performance,perf_appsflyer_fraud_data,detected_site_blacklist,39,int,YES,
mysql-sl,tappx_stats_performance,perf_appsflyer_fraud_data,detected_bots,40,int,YES,
mysql-sl,tappx_stats_performance,perf_appsflyer_fraud_data,detected_behavioral_anomalies,41,int,YES,
mysql-sl,tappx_stats_performance,perf_appsflyer_fraud_data,site_blacklist,42,int,YES,
mysql-sl,tappx_stats_performance,perf_appsflyer_fraud_data,bots,43,int,YES,
mysql-sl,tappx_stats_performance,perf_appsflyer_fraud_data,behavioral_anomalies,44,int,YES,
mysql-sl,tappx_stats_performance,perf_appsflyer_fraud_data,install_store_validation,45,int,YES,
mysql-sl,tappx_stats_performance,perf_appsflyer_fraud_data,validation_bots,46,int,YES,
mysql-sl,tappx_stats_performance,perf_appsflyer_fraud_data,validation_hijacking,47,int,YES,
mysql-sl,tappx_stats_performance,perf_appsflyer_fraud_data,blocked_aggregated_in_apps,48,int,YES,
mysql-sl,tappx_stats_performance,perf_appsflyer_overview_data,date,1,date,NO,PRI
mysql-sl,tappx_stats_performance,perf_appsflyer_overview_data,app_id,2,varchar,NO,PRI
mysql-sl,tappx_stats_performance,perf_appsflyer_overview_data,affiliate_id,3,varchar,NO,PRI
mysql-sl,tappx_stats_performance,perf_appsflyer_overview_data,site_id,4,varchar,NO,PRI
mysql-sl,tappx_stats_performance,perf_appsflyer_overview_data,media_source,5,varchar,NO,PRI
mysql-sl,tappx_stats_performance,perf_appsflyer_overview_data,country,6,varchar,NO,PRI
mysql-sl,tappx_stats_performance,perf_appsflyer_overview_data,account_type,7,varchar,NO,PRI
mysql-sl,tappx_stats_performance,perf_appsflyer_overview_data,installs,8,int,YES,
mysql-sl,tappx_stats_performance,perf_appsflyer_overview_data,clicks,9,int,YES,
mysql-sl,tappx_stats_performance,perf_appsflyer_overview_data,impressions,10,int,YES,
mysql-sl,tappx_stats_performance,perf_appsflyer_overview_data,click_installs,11,int,YES,
mysql-sl,tappx_stats_performance,perf_appsflyer_overview_data,sessions,12,int,YES,
mysql-sl,tappx_stats_performance,perf_appsflyer_overview_data,revenue,13,float,YES,
mysql-sl,tappx_stats_performance,perf_appsflyer_overview_data,arpu,14,int,YES,
mysql-sl,tappx_stats_performance,perf_appsflyer_overview_data,conv_rate,15,float,YES,
mysql-sl,tappx_stats_performance,perf_appsflyer_overview_data,loyals,16,int,YES,
mysql-sl,tappx_stats_performance,perf_appsflyer_retention_data,date,1,date,NO,PRI
mysql-sl,tappx_stats_performance,perf_appsflyer_retention_data,app_id,2,varchar,NO,PRI
mysql-sl,tappx_stats_performance,perf_appsflyer_retention_data,affiliate_id,3,varchar,NO,PRI
mysql-sl,tappx_stats_performance,perf_appsflyer_retention_data,site_id,4,varchar,NO,PRI
mysql-sl,tappx_stats_performance,perf_appsflyer_retention_data,media_source,5,varchar,NO,PRI
mysql-sl,tappx_stats_performance,perf_appsflyer_retention_data,country,6,varchar,NO,PRI
mysql-sl,tappx_stats_performance,perf_appsflyer_retention_data,account_type,7,varchar,NO,PRI
mysql-sl,tappx_stats_performance,perf_appsflyer_retention_data,retention_day_1,8,int,YES,
mysql-sl,tappx_stats_performance,perf_appsflyer_retention_data,retention_day_2,9,int,YES,
mysql-sl,tappx_stats_performance,perf_appsflyer_retention_data,retention_day_3,10,int,YES,
mysql-sl,tappx_stats_performance,perf_appsflyer_retention_data,retention_day_4,11,int,YES,
mysql-sl,tappx_stats_performance,perf_appsflyer_retention_data,retention_day_5,12,int,YES,
mysql-sl,tappx_stats_performance,perf_appsflyer_retention_data,retention_day_6,13,int,YES,
mysql-sl,tappx_stats_performance,perf_appsflyer_retention_data,retention_day_7,14,int,YES,
mysql-sl,tappx_stats_performance,perf_appsflyer_retention_data,revenue,15,float,YES,
mysql-sl,tappx_stats_performance,perf_appsflyer_retention_data,loyals,16,int,YES,
mysql-sl,tappx_stats_performance,perf_appsflyer_retention_data,install_period,17,int,YES,
mysql-sl,tappx_stats_performance,perf_bundle_cat_score,offer_bundle,1,varchar,NO,PRI
mysql-sl,tappx_stats_performance,perf_bundle_cat_score,tpx_cat_request,2,varchar,NO,PRI
mysql-sl,tappx_stats_performance,perf_bundle_cat_score,score,3,decimal,NO,
mysql-sl,tappx_stats_performance,perf_bundle_cat_score,last_update,4,datetime,NO,
mysql-sl,tappx_stats_performance,perf_daily_summary_affiliation,date,1,date,NO,PRI
mysql-sl,tappx_stats_performance,perf_daily_summary_affiliation,id_user,2,bigint,NO,PRI
mysql-sl,tappx_stats_performance,perf_daily_summary_affiliation,id_affise,3,bigint,NO,
mysql-sl,tappx_stats_performance,perf_daily_summary_affiliation,clicks,4,bigint,NO,
mysql-sl,tappx_stats_performance,perf_daily_summary_affiliation,total_conversions,5,bigint,NO,
mysql-sl,tappx_stats_performance,perf_daily_summary_affiliation,total_revenue_gross,6,decimal,NO,
mysql-sl,tappx_stats_performance,perf_daily_summary_affiliation,total_revenue_net,7,decimal,NO,
mysql-sl,tappx_stats_performance,perf_daily_summary_affiliation,declined_conversions,8,bigint,NO,
mysql-sl,tappx_stats_performance,perf_daily_summary_affiliation,declined_revenue_gross,9,decimal,NO,
mysql-sl,tappx_stats_performance,perf_daily_summary_affiliation,declined_revenue_net,10,decimal,NO,
mysql-sl,tappx_stats_performance,perf_daily_summary_affiliation,confirmed_conversions,11,bigint,NO,
mysql-sl,tappx_stats_performance,perf_daily_summary_affiliation,confirmed_revenue_gross,12,decimal,NO,
mysql-sl,tappx_stats_performance,perf_daily_summary_affiliation,confirmed_revenue_net,13,decimal,NO,
mysql-sl,tappx_stats_performance,perf_daily_summary_affiliation,date_download,14,date,NO,
mysql-sl,tappx_stats_performance,perf_daily_summary_affiliation,date_confirmation,15,date,NO,
mysql-sl,tappx_stats_performance,perf_fraud,date,1,date,NO,PRI
mysql-sl,tappx_stats_performance,perf_fraud,source,2,enum,NO,PRI
mysql-sl,tappx_stats_performance,perf_fraud,id_affiliate,3,bigint,NO,
mysql-sl,tappx_stats_performance,perf_fraud,id_user,4,int,NO,PRI
mysql-sl,tappx_stats_performance,perf_fraud,id_app,5,int,NO,PRI
mysql-sl,tappx_stats_performance,perf_fraud,sub_id,6,varchar,NO,PRI
mysql-sl,tappx_stats_performance,perf_fraud,id_network,7,bigint,NO,PRI
mysql-sl,tappx_stats_performance,perf_fraud,id_offer,8,bigint,NO,PRI
mysql-sl,tappx_stats_performance,perf_fraud,id_offer_affise,9,varchar,NO,PRI
mysql-sl,tappx_stats_performance,perf_fraud,country,10,varchar,NO,PRI
mysql-sl,tappx_stats_performance,perf_fraud,clicks,11,int,YES,
mysql-sl,tappx_stats_performance,perf_fraud,conversions,12,int,YES,
mysql-sl,tappx_stats_performance,perf_fraud,revenue,13,decimal,YES,
mysql-sl,tappx_stats_performance,perf_fraud,currency,14,varchar,YES,
mysql-sl,tappx_stats_performance,perf_fraud,is_affiliation,15,tinyint,YES,
mysql-sl,tappx_stats_performance,perf_fraud,fraud_percentage,16,decimal,YES,
mysql-sl,tappx_stats_performance,perf_native_optimizations,adunit,1,varchar,NO,PRI
mysql-sl,tappx_stats_performance,perf_native_optimizations,bundle,2,varchar,NO,PRI
mysql-sl,tappx_stats_performance,perf_native_optimizations,country,3,varchar,NO,PRI
mysql-sl,tappx_stats_performance,perf_native_optimizations,id_size,4,int,NO,PRI
mysql-sl,tappx_stats_performance,perf_native_optimizations,id_network_ssp,5,bigint,NO,PRI
mysql-sl,tappx_stats_performance,perf_native_optimizations,id_network_perf,6,int,NO,PRI
mysql-sl,tappx_stats_performance,perf_native_optimizations,perc_to_send,7,decimal,YES,
mysql-sl,tappx_stats_performance,perf_native_optimizations,perc_to_send_previous,8,decimal,YES,
mysql-sl,tappx_stats_performance,perf_native_optimizations,max_price,9,decimal,YES,
mysql-sl,tappx_stats_performance,perf_native_optimizations,bid_price,10,decimal,YES,
mysql-sl,tappx_stats_performance,perf_native_optimizations,active,11,int,YES,
mysql-sl,tappx_stats_performance,perf_native_optimizations,active_time,12,datetime,YES,
mysql-sl,tappx_stats_performance,perf_native_optimizations,creation_time,13,datetime,YES,
mysql-sl,tappx_stats_performance,perf_native_optimizations,last_update_time,14,datetime,YES,
mysql-sl,tappx_stats_performance,perf_native_optimizations,last_execution_time,15,datetime,YES,
mysql-sl,tappx_stats_performance,perf_native_stats,date,1,date,NO,PRI
mysql-sl,tappx_stats_performance,perf_native_stats,hour,2,int,NO,PRI
mysql-sl,tappx_stats_performance,perf_native_stats,adunit,3,varchar,NO,PRI
mysql-sl,tappx_stats_performance,perf_native_stats,bundle,4,varchar,NO,PRI
mysql-sl,tappx_stats_performance,perf_native_stats,country,5,varchar,NO,PRI
mysql-sl,tappx_stats_performance,perf_native_stats,id_size,6,int,NO,PRI
mysql-sl,tappx_stats_performance,perf_native_stats,id_network_ssp,7,bigint,NO,PRI
mysql-sl,tappx_stats_performance,perf_native_stats,id_network_perf,8,smallint,NO,PRI
mysql-sl,tappx_stats_performance,perf_native_stats,requests_tracked,9,bigint,YES,
mysql-sl,tappx_stats_performance,perf_native_stats,requests_network,10,bigint,YES,
mysql-sl,tappx_stats_performance,perf_native_stats,deliveries_tracked,11,bigint,YES,
mysql-sl,tappx_stats_performance,perf_native_stats,deliveries_network,12,bigint,YES,
mysql-sl,tappx_stats_performance,perf_native_stats,impressions_tracked,13,bigint,YES,
mysql-sl,tappx_stats_performance,perf_native_stats,impressions_network,14,bigint,YES,
mysql-sl,tappx_stats_performance,perf_native_stats,clicks_tracked,15,bigint,YES,
mysql-sl,tappx_stats_performance,perf_native_stats,clicks_network,16,bigint,YES,
mysql-sl,tappx_stats_performance,perf_native_stats,costs_tracked,17,decimal,YES,
mysql-sl,tappx_stats_performance,perf_native_stats,revenues_network,18,decimal,YES,
mysql-sl,tappx_stats_performance,perf_ssp_stats_requests_last_90_days,date,1,date,NO,
mysql-sl,tappx_stats_performance,perf_ssp_stats_requests_last_90_days,id_user,2,int,NO,
mysql-sl,tappx_stats_performance,perf_ssp_stats_requests_last_90_days,endpoint,3,varchar,NO,
mysql-sl,tappx_stats_performance,perf_ssp_stats_requests_last_90_days,id_os,4,tinyint,NO,
mysql-sl,tappx_stats_performance,perf_ssp_stats_requests_last_90_days,id_app,5,int,NO,
mysql-sl,tappx_stats_performance,perf_ssp_stats_requests_last_90_days,adunit,6,varchar,NO,
mysql-sl,tappx_stats_performance,perf_ssp_stats_requests_last_90_days,bundle,7,varchar,NO,
mysql-sl,tappx_stats_performance,perf_ssp_stats_requests_last_90_days,country,8,varchar,NO,
mysql-sl,tappx_stats_performance,perf_ssp_stats_requests_last_90_days,id_size,9,tinyint,NO,
mysql-sl,tappx_stats_performance,perf_ssp_stats_requests_last_90_days,video,10,tinyint,NO,
mysql-sl,tappx_stats_performance,perf_ssp_stats_requests_last_90_days,video_type,11,varchar,NO,
mysql-sl,tappx_stats_performance,perf_ssp_stats_requests_last_90_days,source,12,varchar,NO,
mysql-sl,tappx_stats_performance,perf_ssp_stats_requests_last_90_days,perf_source,13,varchar,NO,
mysql-sl,tappx_stats_performance,perf_ssp_stats_requests_last_90_days,requests,14,bigint,NO,
mysql-sl,tappx_stats_performance,perf_ssp_stats_requests_last_90_days,deliveries,15,bigint,NO,
mysql-sl,tappx_stats_performance,perf_ssp_stats_requests_last_90_days,impressions,16,bigint,NO,
mysql-sl,tappx_stats_performance,perf_ssp_stats_requests_last_90_days,clicks,17,bigint,NO,
mysql-sl,tappx_stats_performance,perf_ssp_stats_requests_last_90_days,conversions,18,bigint,NO,
mysql-sl,tappx_stats_performance,perf_ssp_stats_requests_last_90_days,currency,19,varchar,NO,
mysql-sl,tappx_stats_performance,perf_ssp_stats_requests_last_90_days,cost,20,decimal,NO,
mysql-sl,tappx_stats_performance,perf_ssp_stats_requests_last_90_days,revenue_gross,21,decimal,NO,
mysql-sl,tappx_stats_performance,perf_ssp_stats_requests_last_90_days,revenue_net,22,decimal,NO,
mysql-sl,tappx_stats_performance,perf_ssp_stats_requests_last_90_days,user_revenue_share,23,decimal,NO,
mysql-sl,tappx_stats_performance,perf_ssp_stats_requests_last_90_days,user_revenue_fix,24,decimal,NO,
mysql-sl,tappx_stats_performance,perf_statistics,date,1,date,NO,PRI
mysql-sl,tappx_stats_performance,perf_statistics,pk_hash,2,varchar,YES,
mysql-sl,tappx_stats_performance,perf_statistics,id_network,3,int,NO,PRI
mysql-sl,tappx_stats_performance,perf_statistics,id_affiliate_affise,4,int,NO,PRI
mysql-sl,tappx_stats_performance,perf_statistics,supply_platform,5,varchar,YES,
mysql-sl,tappx_stats_performance,perf_statistics,tracking_platform,6,varchar,NO,PRI
mysql-sl,tappx_stats_performance,perf_statistics,stats_source,7,varchar,YES,
mysql-sl,tappx_stats_performance,perf_statistics,offer_bundle,8,varchar,NO,PRI
mysql-sl,tappx_stats_performance,perf_statistics,country,9,varchar,NO,PRI
mysql-sl,tappx_stats_performance,perf_statistics,discrepancy_fix,10,int,NO,PRI
mysql-sl,tappx_stats_performance,perf_statistics,id_advertiser_affise,11,varchar,YES,
mysql-sl,tappx_stats_performance,perf_statistics,id_user,12,int,NO,PRI
mysql-sl,tappx_stats_performance,perf_statistics,id_app,13,int,NO,PRI
mysql-sl,tappx_stats_performance,perf_statistics,ad_type,14,varchar,YES,
mysql-sl,tappx_stats_performance,perf_statistics,id_os,15,tinyint,YES,
mysql-sl,tappx_stats_performance,perf_statistics,requests,16,int,YES,
mysql-sl,tappx_stats_performance,perf_statistics,id_am_supply,17,int,YES,
mysql-sl,tappx_stats_performance,perf_statistics,id_am_demand,18,int,YES,
mysql-sl,tappx_stats_performance,perf_statistics,total_requests,19,bigint,YES,
mysql-sl,tappx_stats_performance,perf_statistics,deliveries,20,int,YES,
mysql-sl,tappx_stats_performance,perf_statistics,impressions,21,int,YES,
mysql-sl,tappx_stats_performance,perf_statistics,supply_impressions,22,int,YES,
mysql-sl,tappx_stats_performance,perf_statistics,clicks,23,int,YES,
mysql-sl,tappx_stats_performance,perf_statistics,conversions,24,int,YES,
mysql-sl,tappx_stats_performance,perf_statistics,installs,25,int,YES,
mysql-sl,tappx_stats_performance,perf_statistics,post_events,26,int,YES,
mysql-sl,tappx_stats_performance,perf_statistics,key_events,27,int,YES,
mysql-sl,tappx_stats_performance,perf_statistics,demand_payable_events,28,int,YES,
mysql-sl,tappx_stats_performance,perf_statistics,revenue,29,decimal,YES,
mysql-sl,tappx_stats_performance,perf_statistics,payout,30,decimal,YES,
mysql-sl,tappx_stats_performance,perf_statistics,currency,31,varchar,NO,
mysql-sl,tappx_stats_performance,perf_statistics,revenue_advertiser,32,decimal,YES,
mysql-sl,tappx_stats_performance,perf_statistics,id_payout,33,int,YES,
mysql-sl,tappx_stats_performance,perf_statistics,payout_is_new,34,int,NO,
mysql-sl,tappx_stats_performance,perf_statistics,type_monetization,35,enum,YES,
mysql-sl,tappx_stats_performance,perf_statistics,invoice_demand,36,varchar,YES,
mysql-sl,tappx_stats_performance,perf_statistics,demand_rev_type,37,enum,YES,
mysql-sl,tappx_stats_performance,perf_statistics,demand_payable_event,38,varchar,YES,
mysql-sl,tappx_stats_performance,perf_statistics,supply_rev_type,39,enum,YES,
mysql-sl,tappx_stats_performance,perf_statistics,supply_payable_event,40,varchar,YES,
mysql-sl,tappx_stats_performance,perf_statistics,key_event,41,varchar,YES,
mysql-sl,tappx_stats_performance,perf_statistics,vta,42,int,YES,
mysql-sl,tappx_stats_performance,perf_statistics,cta,43,int,YES,
mysql-sl,tappx_stats_performance,perf_statistics,attribution_time_type,44,enum,YES,
mysql-sl,tappx_stats_performance,perf_statistics,create_time,45,datetime,YES,
mysql-sl,tappx_stats_performance,perf_statistics,last_update_time,46,datetime,YES,
mysql-sl,tappx_stats_performance,perf_statistics_by_payout,pk_hash,1,varchar,NO,PRI
mysql-sl,tappx_stats_performance,perf_statistics_by_payout,date,2,date,NO,
mysql-sl,tappx_stats_performance,perf_statistics_by_payout,id_network,3,int,NO,
mysql-sl,tappx_stats_performance,perf_statistics_by_payout,id_affiliate_affise,4,int,NO,
mysql-sl,tappx_stats_performance,perf_statistics_by_payout,tracking_platform,5,varchar,NO,
mysql-sl,tappx_stats_performance,perf_statistics_by_payout,stats_source,6,varchar,YES,
mysql-sl,tappx_stats_performance,perf_statistics_by_payout,offer_bundle,7,varchar,NO,
mysql-sl,tappx_stats_performance,perf_statistics_by_payout,country,8,varchar,NO,
mysql-sl,tappx_stats_performance,perf_statistics_by_payout,discrepancy_fix,9,int,NO,
mysql-sl,tappx_stats_performance,perf_statistics_by_payout,id_user,10,int,NO,
mysql-sl,tappx_stats_performance,perf_statistics_by_payout,id_app,11,int,NO,
mysql-sl,tappx_stats_performance,perf_statistics_by_payout,id_payout,12,int,NO,PRI
mysql-sl,tappx_stats_performance,perf_statistics_by_payout,payout_is_new,13,int,NO,
mysql-sl,tappx_stats_performance,perf_statistics_by_payout,key_event,14,int,YES,
mysql-sl,tappx_stats_performance,perf_statistics_by_payout,event_name,15,varchar,NO,
mysql-sl,tappx_stats_performance,perf_statistics_by_payout,event_count,16,int,YES,
mysql-sl,tappx_stats_performance,perf_statistics_by_payout,vta,17,int,YES,
mysql-sl,tappx_stats_performance,perf_statistics_by_payout,cta,18,int,YES,
mysql-sl,tappx_stats_performance,perf_statistics_by_payout,revenue,19,decimal,YES,
mysql-sl,tappx_stats_performance,perf_statistics_by_payout,payout,20,decimal,YES,
mysql-sl,tappx_stats_performance,perf_statistics_by_payout,currency,21,varchar,NO,
mysql-sl,tappx_stats_performance,perf_statistics_by_payout,demand_rev_type,22,enum,YES,
mysql-sl,tappx_stats_performance,perf_statistics_by_payout,demand_payable_event,23,varchar,YES,
mysql-sl,tappx_stats_performance,perf_statistics_by_payout,supply_rev_type,24,enum,YES,
mysql-sl,tappx_stats_performance,perf_statistics_by_payout,supply_payable_event,25,varchar,YES,
mysql-sl,tappx_stats_performance,perf_statistics_by_payout,attribution_time_type,26,enum,YES,
mysql-sl,tappx_stats_performance,perf_statistics_by_payout,create_time,27,datetime,YES,
mysql-sl,tappx_stats_performance,perf_statistics_by_payout,last_update_time,28,datetime,YES,
mysql-sl,tappx_stats_performance,perf_statistics_by_payout_rejected,pk_hash,1,varchar,NO,PRI
mysql-sl,tappx_stats_performance,perf_statistics_by_payout_rejected,date,2,date,NO,
mysql-sl,tappx_stats_performance,perf_statistics_by_payout_rejected,id_network,3,int,NO,
mysql-sl,tappx_stats_performance,perf_statistics_by_payout_rejected,id_affiliate_affise,4,int,NO,
mysql-sl,tappx_stats_performance,perf_statistics_by_payout_rejected,tracking_platform,5,varchar,NO,
mysql-sl,tappx_stats_performance,perf_statistics_by_payout_rejected,stats_source,6,varchar,YES,
mysql-sl,tappx_stats_performance,perf_statistics_by_payout_rejected,offer_bundle,7,varchar,NO,
mysql-sl,tappx_stats_performance,perf_statistics_by_payout_rejected,country,8,varchar,NO,
mysql-sl,tappx_stats_performance,perf_statistics_by_payout_rejected,discrepancy_fix,9,int,NO,
mysql-sl,tappx_stats_performance,perf_statistics_by_payout_rejected,id_user,10,int,NO,
mysql-sl,tappx_stats_performance,perf_statistics_by_payout_rejected,id_app,11,int,NO,
mysql-sl,tappx_stats_performance,perf_statistics_by_payout_rejected,id_payout,12,int,NO,PRI
mysql-sl,tappx_stats_performance,perf_statistics_by_payout_rejected,id_rejected_reason,13,int,NO,PRI
mysql-sl,tappx_stats_performance,perf_statistics_by_payout_rejected,payout_is_new,14,int,NO,
mysql-sl,tappx_stats_performance,perf_statistics_by_payout_rejected,key_event,15,int,YES,
mysql-sl,tappx_stats_performance,perf_statistics_by_payout_rejected,event_name,16,varchar,NO,
mysql-sl,tappx_stats_performance,perf_statistics_by_payout_rejected,event_count,17,int,YES,
mysql-sl,tappx_stats_performance,perf_statistics_by_payout_rejected,vta,18,int,YES,
mysql-sl,tappx_stats_performance,perf_statistics_by_payout_rejected,cta,19,int,YES,
mysql-sl,tappx_stats_performance,perf_statistics_by_payout_rejected,revenue,20,decimal,YES,
mysql-sl,tappx_stats_performance,perf_statistics_by_payout_rejected,payout,21,decimal,YES,
mysql-sl,tappx_stats_performance,perf_statistics_by_payout_rejected,currency,22,varchar,NO,
mysql-sl,tappx_stats_performance,perf_statistics_by_payout_rejected,demand_rev_type,23,enum,YES,
mysql-sl,tappx_stats_performance,perf_statistics_by_payout_rejected,demand_payable_event,24,varchar,YES,
mysql-sl,tappx_stats_performance,perf_statistics_by_payout_rejected,supply_rev_type,25,enum,YES,
mysql-sl,tappx_stats_performance,perf_statistics_by_payout_rejected,supply_payable_event,26,varchar,YES,
mysql-sl,tappx_stats_performance,perf_statistics_by_payout_rejected,rejected_sub_reason,27,varchar,YES,
mysql-sl,tappx_stats_performance,perf_statistics_by_payout_rejected,attribution_time_type,28,enum,YES,
mysql-sl,tappx_stats_performance,perf_statistics_by_payout_rejected,create_time,29,datetime,YES,
mysql-sl,tappx_stats_performance,perf_statistics_by_payout_rejected,last_update_time,30,datetime,YES,
mysql-sl,tappx_stats_performance,perf_statistics_old,date,1,date,NO,PRI
mysql-sl,tappx_stats_performance,perf_statistics_old,id_network,2,int,NO,PRI
mysql-sl,tappx_stats_performance,perf_statistics_old,id_affiliate_affise,3,int,NO,PRI
mysql-sl,tappx_stats_performance,perf_statistics_old,supply_platform,4,varchar,YES,
mysql-sl,tappx_stats_performance,perf_statistics_old,tracking_platform,5,varchar,NO,PRI
mysql-sl,tappx_stats_performance,perf_statistics_old,stats_source,6,varchar,YES,
mysql-sl,tappx_stats_performance,perf_statistics_old,offer_bundle,7,varchar,NO,PRI
mysql-sl,tappx_stats_performance,perf_statistics_old,country,8,varchar,NO,PRI
mysql-sl,tappx_stats_performance,perf_statistics_old,discrepancy_fix,9,int,NO,PRI
mysql-sl,tappx_stats_performance,perf_statistics_old,id_advertiser_affise,10,varchar,YES,
mysql-sl,tappx_stats_performance,perf_statistics_old,id_user,11,int,NO,PRI
mysql-sl,tappx_stats_performance,perf_statistics_old,id_app,12,int,NO,PRI
mysql-sl,tappx_stats_performance,perf_statistics_old,ad_type,13,varchar,YES,
mysql-sl,tappx_stats_performance,perf_statistics_old,id_os,14,tinyint,YES,
mysql-sl,tappx_stats_performance,perf_statistics_old,requests,15,int,YES,
mysql-sl,tappx_stats_performance,perf_statistics_old,id_am_supply,16,int,YES,
mysql-sl,tappx_stats_performance,perf_statistics_old,id_am_demand,17,int,YES,
mysql-sl,tappx_stats_performance,perf_statistics_old,total_requests,18,bigint,YES,
mysql-sl,tappx_stats_performance,perf_statistics_old,deliveries,19,int,YES,
mysql-sl,tappx_stats_performance,perf_statistics_old,impressions,20,int,YES,
mysql-sl,tappx_stats_performance,perf_statistics_old,supply_impressions,21,int,YES,
mysql-sl,tappx_stats_performance,perf_statistics_old,clicks,22,int,YES,
mysql-sl,tappx_stats_performance,perf_statistics_old,installs,23,int,YES,
mysql-sl,tappx_stats_performance,perf_statistics_old,conversions,24,int,YES,
mysql-sl,tappx_stats_performance,perf_statistics_old,post_events,25,int,YES,
mysql-sl,tappx_stats_performance,perf_statistics_old,key_events,26,int,YES,
mysql-sl,tappx_stats_performance,perf_statistics_old,demand_payable_events,27,int,YES,
mysql-sl,tappx_stats_performance,perf_statistics_old,revenue,28,decimal,YES,
mysql-sl,tappx_stats_performance,perf_statistics_old,payout,29,decimal,YES,
mysql-sl,tappx_stats_performance,perf_statistics_old,currency,30,varchar,NO,
mysql-sl,tappx_stats_performance,perf_statistics_old,revenue_advertiser,31,decimal,YES,
mysql-sl,tappx_stats_performance,perf_statistics_old,id_payout,32,int,YES,
mysql-sl,tappx_stats_performance,perf_statistics_old,type_monetization,33,enum,YES,MUL
mysql-sl,tappx_stats_performance,perf_statistics_old,invoice_demand,34,varchar,YES,
mysql-sl,tappx_stats_performance,perf_statistics_old,demand_rev_type,35,enum,YES,
mysql-sl,tappx_stats_performance,perf_statistics_old,demand_payable_event,36,varchar,YES,
mysql-sl,tappx_stats_performance,perf_statistics_old,supply_rev_type,37,enum,YES,
mysql-sl,tappx_stats_performance,perf_statistics_old,supply_payable_event,38,varchar,YES,
mysql-sl,tappx_stats_performance,perf_statistics_old,key_event,39,varchar,YES,
mysql-sl,tappx_stats_performance,perf_statistics_old,vta,40,int,YES,
mysql-sl,tappx_stats_performance,perf_statistics_old,cta,41,int,YES,
mysql-sl,tappx_stats_performance,perf_statistics_old,create_time,42,datetime,YES,
mysql-sl,tappx_stats_performance,perf_statistics_old,last_update_time,43,datetime,YES,
mysql-sl,tappx_stats_performance,perf_statistics_rejected_reasons,id_rejected_reason,1,int,NO,PRI
mysql-sl,tappx_stats_performance,perf_statistics_rejected_reasons,reason_name,2,varchar,YES,
mysql-sl,tappx_stats_performance,perf_statistics_rejected_reasons,reason_description,3,varchar,YES,
mysql-sl,tappx_stats_performance,perf_stats_affiliation,date,1,date,NO,PRI
mysql-sl,tappx_stats_performance,perf_stats_affiliation,id_affiliate,2,bigint,NO,PRI
mysql-sl,tappx_stats_performance,perf_stats_affiliation,subid_affiliate,3,varchar,NO,PRI
mysql-sl,tappx_stats_performance,perf_stats_affiliation,id_offer_affise,4,varchar,NO,PRI
mysql-sl,tappx_stats_performance,perf_stats_affiliation,clicks,5,bigint,NO,
mysql-sl,tappx_stats_performance,perf_stats_affiliation,conversions,6,bigint,NO,
mysql-sl,tappx_stats_performance,perf_stats_affiliation,revenue,7,decimal,NO,
mysql-sl,tappx_stats_performance,perf_stats_affiliation,payout,8,decimal,NO,
mysql-sl,tappx_stats_performance,perf_stats_attribution,date,1,date,NO,PRI
mysql-sl,tappx_stats_performance,perf_stats_attribution,offer_bundle,2,varchar,NO,PRI
mysql-sl,tappx_stats_performance,perf_stats_attribution,country,3,varchar,NO,PRI
mysql-sl,tappx_stats_performance,perf_stats_attribution,media_source,4,varchar,NO,PRI
mysql-sl,tappx_stats_performance,perf_stats_attribution,campaign,5,varchar,NO,PRI
mysql-sl,tappx_stats_performance,perf_stats_attribution,impressions,6,int,NO,
mysql-sl,tappx_stats_performance,perf_stats_attribution,clicks,7,int,YES,
mysql-sl,tappx_stats_performance,perf_stats_attribution,installs,8,int,YES,
mysql-sl,tappx_stats_performance,perf_stats_attribution,installs_vta,9,int,YES,
mysql-sl,tappx_stats_performance,perf_stats_attribution,installs_cta,10,int,YES,
mysql-sl,tappx_stats_performance,perf_stats_attribution,event,11,varchar,NO,PRI
mysql-sl,tappx_stats_performance,perf_stats_attribution,events_vta,12,int,YES,
mysql-sl,tappx_stats_performance,perf_stats_attribution,events_cta,13,int,YES,
mysql-sl,tappx_stats_performance,perf_stats_attribution,registrations,14,int,YES,
mysql-sl,tappx_stats_performance,perf_stats_attribution,ctr,15,decimal,YES,
mysql-sl,tappx_stats_performance,perf_stats_attribution,currency,16,varchar,NO,
mysql-sl,tappx_stats_performance,perf_stats_bidder,date,1,date,NO,PRI
mysql-sl,tappx_stats_performance,perf_stats_bidder,pk_hash,2,varchar,NO,PRI
mysql-sl,tappx_stats_performance,perf_stats_bidder,id_user,3,int,NO,
mysql-sl,tappx_stats_performance,perf_stats_bidder,endpoint,4,varchar,NO,
mysql-sl,tappx_stats_performance,perf_stats_bidder,id_os,5,tinyint,NO,
mysql-sl,tappx_stats_performance,perf_stats_bidder,id_app,6,int,NO,
mysql-sl,tappx_stats_performance,perf_stats_bidder,adunit,7,varchar,NO,
mysql-sl,tappx_stats_performance,perf_stats_bidder,bundle,8,varchar,NO,
mysql-sl,tappx_stats_performance,perf_stats_bidder,country,9,varchar,NO,
mysql-sl,tappx_stats_performance,perf_stats_bidder,id_size,10,tinyint,NO,
mysql-sl,tappx_stats_performance,perf_stats_bidder,video,11,tinyint,NO,
mysql-sl,tappx_stats_performance,perf_stats_bidder,video_type,12,varchar,NO,
mysql-sl,tappx_stats_performance,perf_stats_bidder,source,13,varchar,NO,
mysql-sl,tappx_stats_performance,perf_stats_bidder,perf_source,14,varchar,NO,
mysql-sl,tappx_stats_performance,perf_stats_bidder,id_network,15,smallint,NO,
mysql-sl,tappx_stats_performance,perf_stats_bidder,id_offer,16,int,NO,
mysql-sl,tappx_stats_performance,perf_stats_bidder,offer_bundle,17,varchar,NO,
mysql-sl,tappx_stats_performance,perf_stats_bidder,offer_type,18,varchar,NO,
mysql-sl,tappx_stats_performance,perf_stats_bidder,algo_incoming_traffic,19,varchar,NO,
mysql-sl,tappx_stats_performance,perf_stats_bidder,algo_tag_reqs,20,varchar,NO,
mysql-sl,tappx_stats_performance,perf_stats_bidder,algo_sprinkler,21,varchar,NO,
mysql-sl,tappx_stats_performance,perf_stats_bidder,algo_offer_selection,22,varchar,NO,
mysql-sl,tappx_stats_performance,perf_stats_bidder,requests,23,bigint,NO,
mysql-sl,tappx_stats_performance,perf_stats_bidder,deliveries,24,bigint,NO,
mysql-sl,tappx_stats_performance,perf_stats_bidder,impressions,25,bigint,NO,
mysql-sl,tappx_stats_performance,perf_stats_bidder,clicks,26,bigint,NO,
mysql-sl,tappx_stats_performance,perf_stats_bidder,installs,27,bigint,YES,
mysql-sl,tappx_stats_performance,perf_stats_bidder,conversions,28,bigint,NO,
mysql-sl,tappx_stats_performance,perf_stats_bidder,payable_events,29,bigint,YES,
mysql-sl,tappx_stats_performance,perf_stats_bidder,currency,30,varchar,NO,
mysql-sl,tappx_stats_performance,perf_stats_bidder,cost,31,decimal,NO,
mysql-sl,tappx_stats_performance,perf_stats_bidder,revenue_gross,32,decimal,NO,
mysql-sl,tappx_stats_performance,perf_stats_bidder,revenue_net,33,decimal,NO,
mysql-sl,tappx_stats_performance,perf_stats_bidder,revenue_estimated,34,decimal,YES,
mysql-sl,tappx_stats_performance,perf_stats_bidder,user_revenue_share,35,decimal,NO,
mysql-sl,tappx_stats_performance,perf_stats_bidder,user_revenue_fix,36,decimal,NO,
mysql-sl,tappx_stats_performance,perf_stats_bidder_events,date,1,date,NO,PRI
mysql-sl,tappx_stats_performance,perf_stats_bidder_events,id_user,2,int,NO,
mysql-sl,tappx_stats_performance,perf_stats_bidder_events,endpoint,3,varchar,NO,PRI
mysql-sl,tappx_stats_performance,perf_stats_bidder_events,id_os,4,tinyint,NO,
mysql-sl,tappx_stats_performance,perf_stats_bidder_events,id_app,5,int,NO,
mysql-sl,tappx_stats_performance,perf_stats_bidder_events,adunit,6,varchar,NO,PRI
mysql-sl,tappx_stats_performance,perf_stats_bidder_events,bundle,7,varchar,NO,PRI
mysql-sl,tappx_stats_performance,perf_stats_bidder_events,country,8,varchar,NO,PRI
mysql-sl,tappx_stats_performance,perf_stats_bidder_events,id_size,9,tinyint,NO,PRI
mysql-sl,tappx_stats_performance,perf_stats_bidder_events,video,10,tinyint,NO,PRI
mysql-sl,tappx_stats_performance,perf_stats_bidder_events,video_type,11,varchar,NO,PRI
mysql-sl,tappx_stats_performance,perf_stats_bidder_events,source,12,varchar,NO,PRI
mysql-sl,tappx_stats_performance,perf_stats_bidder_events,perf_source,13,varchar,NO,PRI
mysql-sl,tappx_stats_performance,perf_stats_bidder_events,id_network,14,smallint,NO,PRI
mysql-sl,tappx_stats_performance,perf_stats_bidder_events,id_offer,15,int,NO,PRI
mysql-sl,tappx_stats_performance,perf_stats_bidder_events,offer_bundle,16,varchar,NO,
mysql-sl,tappx_stats_performance,perf_stats_bidder_events,offer_type,17,varchar,NO,PRI
mysql-sl,tappx_stats_performance,perf_stats_bidder_events,event_name,18,varchar,NO,PRI
mysql-sl,tappx_stats_performance,perf_stats_bidder_events,events,19,int,YES,
mysql-sl,tappx_stats_performance,perf_stats_bidder_events_hours,date,1,date,NO,PRI
mysql-sl,tappx_stats_performance,perf_stats_bidder_events_hours,hour,2,tinyint,NO,PRI
mysql-sl,tappx_stats_performance,perf_stats_bidder_events_hours,id_user,3,int,NO,
mysql-sl,tappx_stats_performance,perf_stats_bidder_events_hours,endpoint,4,varchar,NO,PRI
mysql-sl,tappx_stats_performance,perf_stats_bidder_events_hours,id_os,5,tinyint,NO,
mysql-sl,tappx_stats_performance,perf_stats_bidder_events_hours,id_app,6,int,NO,
mysql-sl,tappx_stats_performance,perf_stats_bidder_events_hours,adunit,7,varchar,NO,PRI
mysql-sl,tappx_stats_performance,perf_stats_bidder_events_hours,bundle,8,varchar,NO,PRI
mysql-sl,tappx_stats_performance,perf_stats_bidder_events_hours,country,9,varchar,NO,PRI
mysql-sl,tappx_stats_performance,perf_stats_bidder_events_hours,id_size,10,tinyint,NO,PRI
mysql-sl,tappx_stats_performance,perf_stats_bidder_events_hours,video,11,tinyint,NO,PRI
mysql-sl,tappx_stats_performance,perf_stats_bidder_events_hours,video_type,12,varchar,NO,PRI
mysql-sl,tappx_stats_performance,perf_stats_bidder_events_hours,source,13,varchar,NO,PRI
mysql-sl,tappx_stats_performance,perf_stats_bidder_events_hours,perf_source,14,varchar,NO,PRI
mysql-sl,tappx_stats_performance,perf_stats_bidder_events_hours,id_network,15,smallint,NO,PRI
mysql-sl,tappx_stats_performance,perf_stats_bidder_events_hours,id_offer,16,int,NO,PRI
mysql-sl,tappx_stats_performance,perf_stats_bidder_events_hours,offer_bundle,17,varchar,NO,
mysql-sl,tappx_stats_performance,perf_stats_bidder_events_hours,offer_type,18,varchar,NO,PRI
mysql-sl,tappx_stats_performance,perf_stats_bidder_events_hours,event_name,19,varchar,NO,PRI
mysql-sl,tappx_stats_performance,perf_stats_bidder_events_hours,events,20,int,YES,
mysql-sl,tappx_stats_performance,perf_stats_bidder_hours,date,1,date,NO,PRI
mysql-sl,tappx_stats_performance,perf_stats_bidder_hours,hour,2,tinyint,NO,PRI
mysql-sl,tappx_stats_performance,perf_stats_bidder_hours,pk_hash,3,varchar,NO,PRI
mysql-sl,tappx_stats_performance,perf_stats_bidder_hours,id_user,4,int,NO,
mysql-sl,tappx_stats_performance,perf_stats_bidder_hours,endpoint,5,varchar,NO,
mysql-sl,tappx_stats_performance,perf_stats_bidder_hours,id_os,6,tinyint,NO,
mysql-sl,tappx_stats_performance,perf_stats_bidder_hours,id_app,7,int,NO,
mysql-sl,tappx_stats_performance,perf_stats_bidder_hours,adunit,8,varchar,NO,
mysql-sl,tappx_stats_performance,perf_stats_bidder_hours,bundle,9,varchar,NO,
mysql-sl,tappx_stats_performance,perf_stats_bidder_hours,country,10,varchar,NO,
mysql-sl,tappx_stats_performance,perf_stats_bidder_hours,id_size,11,tinyint,NO,
mysql-sl,tappx_stats_performance,perf_stats_bidder_hours,video,12,tinyint,NO,
mysql-sl,tappx_stats_performance,perf_stats_bidder_hours,video_type,13,varchar,NO,
mysql-sl,tappx_stats_performance,perf_stats_bidder_hours,source,14,varchar,NO,
mysql-sl,tappx_stats_performance,perf_stats_bidder_hours,perf_source,15,varchar,NO,
mysql-sl,tappx_stats_performance,perf_stats_bidder_hours,id_network,16,smallint,NO,
mysql-sl,tappx_stats_performance,perf_stats_bidder_hours,id_offer,17,int,NO,
mysql-sl,tappx_stats_performance,perf_stats_bidder_hours,offer_bundle,18,varchar,NO,
mysql-sl,tappx_stats_performance,perf_stats_bidder_hours,offer_type,19,varchar,NO,
mysql-sl,tappx_stats_performance,perf_stats_bidder_hours,algo_incoming_traffic,20,varchar,NO,
mysql-sl,tappx_stats_performance,perf_stats_bidder_hours,algo_tag_reqs,21,varchar,NO,
mysql-sl,tappx_stats_performance,perf_stats_bidder_hours,algo_sprinkler,22,varchar,NO,
mysql-sl,tappx_stats_performance,perf_stats_bidder_hours,algo_offer_selection,23,varchar,NO,
mysql-sl,tappx_stats_performance,perf_stats_bidder_hours,requests,24,bigint,NO,
mysql-sl,tappx_stats_performance,perf_stats_bidder_hours,deliveries,25,bigint,NO,
mysql-sl,tappx_stats_performance,perf_stats_bidder_hours,impressions,26,bigint,NO,
mysql-sl,tappx_stats_performance,perf_stats_bidder_hours,clicks,27,bigint,NO,
mysql-sl,tappx_stats_performance,perf_stats_bidder_hours,installs,28,bigint,YES,
mysql-sl,tappx_stats_performance,perf_stats_bidder_hours,conversions,29,bigint,NO,
mysql-sl,tappx_stats_performance,perf_stats_bidder_hours,payable_events,30,bigint,YES,
mysql-sl,tappx_stats_performance,perf_stats_bidder_hours,currency,31,varchar,NO,
mysql-sl,tappx_stats_performance,perf_stats_bidder_hours,cost,32,decimal,NO,
mysql-sl,tappx_stats_performance,perf_stats_bidder_hours,revenue_gross,33,decimal,NO,
mysql-sl,tappx_stats_performance,perf_stats_bidder_hours,revenue_net,34,decimal,NO,
mysql-sl,tappx_stats_performance,perf_stats_bidder_hours,revenue_estimated,35,decimal,YES,
mysql-sl,tappx_stats_performance,perf_stats_bidder_hours,user_revenue_share,36,decimal,NO,
mysql-sl,tappx_stats_performance,perf_stats_bidder_hours,user_revenue_fix,37,decimal,NO,
mysql-sl,tappx_stats_performance,perf_stats_bidder_last_30_days,date,1,date,NO,
mysql-sl,tappx_stats_performance,perf_stats_bidder_last_30_days,id_user,2,int,NO,
mysql-sl,tappx_stats_performance,perf_stats_bidder_last_30_days,endpoint,3,varchar,NO,
mysql-sl,tappx_stats_performance,perf_stats_bidder_last_30_days,id_app,4,int,NO,
mysql-sl,tappx_stats_performance,perf_stats_bidder_last_30_days,adunit,5,varchar,NO,
mysql-sl,tappx_stats_performance,perf_stats_bidder_last_30_days,bundle,6,varchar,NO,
mysql-sl,tappx_stats_performance,perf_stats_bidder_last_30_days,name,7,varchar,YES,
mysql-sl,tappx_stats_performance,perf_stats_bidder_last_30_days,country,8,varchar,NO,
mysql-sl,tappx_stats_performance,perf_stats_bidder_last_30_days,id_size,9,tinyint,NO,
mysql-sl,tappx_stats_performance,perf_stats_bidder_last_30_days,size,10,varchar,YES,
mysql-sl,tappx_stats_performance,perf_stats_bidder_last_30_days,ad_format,11,varchar,YES,
mysql-sl,tappx_stats_performance,perf_stats_bidder_last_30_days,video,12,tinyint,NO,
mysql-sl,tappx_stats_performance,perf_stats_bidder_last_30_days,video_type,13,varchar,NO,
mysql-sl,tappx_stats_performance,perf_stats_bidder_last_30_days,source,14,varchar,NO,
mysql-sl,tappx_stats_performance,perf_stats_bidder_last_30_days,description,15,varchar,YES,
mysql-sl,tappx_stats_performance,perf_stats_bidder_last_30_days,id_offer,16,int,NO,
mysql-sl,tappx_stats_performance,perf_stats_bidder_last_30_days,id_affise,17,varchar,YES,
mysql-sl,tappx_stats_performance,perf_stats_bidder_last_30_days,offer_status,18,varchar,YES,
mysql-sl,tappx_stats_performance,perf_stats_bidder_last_30_days,offer_bundle,19,varchar,NO,
mysql-sl,tappx_stats_performance,perf_stats_bidder_last_30_days,offer_type,20,varchar,NO,
mysql-sl,tappx_stats_performance,perf_stats_bidder_last_30_days,algo_incoming_traffic,21,varchar,NO,
mysql-sl,tappx_stats_performance,perf_stats_bidder_last_30_days,algo_tag_reqs,22,varchar,NO,
mysql-sl,tappx_stats_performance,perf_stats_bidder_last_30_days,algo_sprinkler,23,varchar,NO,
mysql-sl,tappx_stats_performance,perf_stats_bidder_last_30_days,algo_offer_selection,24,varchar,NO,
mysql-sl,tappx_stats_performance,perf_stats_bidder_last_30_days,requests,25,bigint,NO,
mysql-sl,tappx_stats_performance,perf_stats_bidder_last_30_days,deliveries,26,bigint,NO,
mysql-sl,tappx_stats_performance,perf_stats_bidder_last_30_days,impressions,27,bigint,NO,
mysql-sl,tappx_stats_performance,perf_stats_bidder_last_30_days,clicks,28,bigint,NO,
mysql-sl,tappx_stats_performance,perf_stats_bidder_last_30_days,installs,29,bigint,YES,
mysql-sl,tappx_stats_performance,perf_stats_bidder_last_30_days,conversions,30,bigint,NO,
mysql-sl,tappx_stats_performance,perf_stats_bidder_last_30_days,payable_installs,31,bigint,YES,
mysql-sl,tappx_stats_performance,perf_stats_bidder_last_30_days,payable_events,32,bigint,YES,
mysql-sl,tappx_stats_performance,perf_stats_bidder_last_30_days,currency,33,varchar,NO,
mysql-sl,tappx_stats_performance,perf_stats_bidder_last_30_days,revenue_gross,34,decimal,NO,
mysql-sl,tappx_stats_performance,perf_stats_bidder_last_30_days,revenue_net,35,decimal,NO,
mysql-sl,tappx_stats_performance,perf_stats_bidder_last_30_days,revenue_estimated,36,decimal,YES,
mysql-sl,tappx_stats_performance,perf_stats_bidder_last_30_days,user_revenue_share,37,decimal,NO,
mysql-sl,tappx_stats_performance,perf_stats_bidder_last_30_days,perf_source,38,varchar,NO,
mysql-sl,tappx_stats_performance,perf_stats_bidder_last_30_days,id_os,39,tinyint,NO,
mysql-sl,tappx_stats_performance,perf_stats_bidder_last_30_days,cost,40,decimal,NO,
mysql-sl,tappx_stats_performance,perf_stats_bidder_last_30_days,hola,41,int,NO,
mysql-sl,tappx_stats_performance,perf_stats_bidder_last_90_days,date,1,date,NO,
mysql-sl,tappx_stats_performance,perf_stats_bidder_last_90_days,id_user,2,int,NO,
mysql-sl,tappx_stats_performance,perf_stats_bidder_last_90_days,endpoint,3,varchar,NO,
mysql-sl,tappx_stats_performance,perf_stats_bidder_last_90_days,id_app,4,int,NO,
mysql-sl,tappx_stats_performance,perf_stats_bidder_last_90_days,adunit,5,varchar,NO,
mysql-sl,tappx_stats_performance,perf_stats_bidder_last_90_days,bundle,6,varchar,NO,
mysql-sl,tappx_stats_performance,perf_stats_bidder_last_90_days,name,7,varchar,YES,
mysql-sl,tappx_stats_performance,perf_stats_bidder_last_90_days,country,8,varchar,NO,
mysql-sl,tappx_stats_performance,perf_stats_bidder_last_90_days,id_size,9,tinyint,NO,
mysql-sl,tappx_stats_performance,perf_stats_bidder_last_90_days,size,10,varchar,YES,
mysql-sl,tappx_stats_performance,perf_stats_bidder_last_90_days,ad_format,11,varchar,YES,
mysql-sl,tappx_stats_performance,perf_stats_bidder_last_90_days,video,12,tinyint,NO,
mysql-sl,tappx_stats_performance,perf_stats_bidder_last_90_days,video_type,13,varchar,NO,
mysql-sl,tappx_stats_performance,perf_stats_bidder_last_90_days,source,14,varchar,NO,
mysql-sl,tappx_stats_performance,perf_stats_bidder_last_90_days,description,15,varchar,YES,
mysql-sl,tappx_stats_performance,perf_stats_bidder_last_90_days,id_offer,16,int,NO,
mysql-sl,tappx_stats_performance,perf_stats_bidder_last_90_days,id_affise,17,varchar,YES,
mysql-sl,tappx_stats_performance,perf_stats_bidder_last_90_days,offer_bundle,18,varchar,NO,
mysql-sl,tappx_stats_performance,perf_stats_bidder_last_90_days,offer_type,19,varchar,NO,
mysql-sl,tappx_stats_performance,perf_stats_bidder_last_90_days,algo_incoming_traffic,20,varchar,NO,
mysql-sl,tappx_stats_performance,perf_stats_bidder_last_90_days,algo_tag_reqs,21,varchar,NO,
mysql-sl,tappx_stats_performance,perf_stats_bidder_last_90_days,algo_sprinkler,22,varchar,NO,
mysql-sl,tappx_stats_performance,perf_stats_bidder_last_90_days,algo_offer_selection,23,varchar,NO,
mysql-sl,tappx_stats_performance,perf_stats_bidder_last_90_days,requests,24,bigint,NO,
mysql-sl,tappx_stats_performance,perf_stats_bidder_last_90_days,deliveries,25,bigint,NO,
mysql-sl,tappx_stats_performance,perf_stats_bidder_last_90_days,impressions,26,bigint,NO,
mysql-sl,tappx_stats_performance,perf_stats_bidder_last_90_days,clicks,27,bigint,NO,
mysql-sl,tappx_stats_performance,perf_stats_bidder_last_90_days,installs,28,bigint,YES,
mysql-sl,tappx_stats_performance,perf_stats_bidder_last_90_days,conversions,29,bigint,NO,
mysql-sl,tappx_stats_performance,perf_stats_bidder_last_90_days,payable_installs,30,bigint,YES,
mysql-sl,tappx_stats_performance,perf_stats_bidder_last_90_days,payable_events,31,bigint,YES,
mysql-sl,tappx_stats_performance,perf_stats_bidder_last_90_days,currency,32,varchar,NO,
mysql-sl,tappx_stats_performance,perf_stats_bidder_last_90_days,revenue_gross,33,decimal,NO,
mysql-sl,tappx_stats_performance,perf_stats_bidder_last_90_days,revenue_net,34,decimal,NO,
mysql-sl,tappx_stats_performance,perf_stats_bidder_last_90_days,revenue_estimated,35,decimal,YES,
mysql-sl,tappx_stats_performance,perf_stats_bidder_last_90_days,user_revenue_share,36,decimal,NO,
mysql-sl,tappx_stats_performance,perf_stats_bidder_last_90_days,perf_source,37,varchar,NO,
mysql-sl,tappx_stats_performance,perf_stats_bidder_last_90_days,id_os,38,tinyint,NO,
mysql-sl,tappx_stats_performance,perf_stats_bidder_last_90_days,cost,39,decimal,NO,
mysql-sl,tappx_stats_performance,perf_stats_bidder_last_90_days,hola,40,int,NO,
mysql-sl,tappx_stats_performance,perf_stats_bidder_old,date,1,date,NO,PRI
mysql-sl,tappx_stats_performance,perf_stats_bidder_old,pk_hash,2,varchar,NO,PRI
mysql-sl,tappx_stats_performance,perf_stats_bidder_old,id_user,3,int,NO,
mysql-sl,tappx_stats_performance,perf_stats_bidder_old,endpoint,4,varchar,NO,
mysql-sl,tappx_stats_performance,perf_stats_bidder_old,id_os,5,tinyint,NO,
mysql-sl,tappx_stats_performance,perf_stats_bidder_old,id_app,6,int,NO,
mysql-sl,tappx_stats_performance,perf_stats_bidder_old,adunit,7,varchar,NO,
mysql-sl,tappx_stats_performance,perf_stats_bidder_old,bundle,8,varchar,NO,
mysql-sl,tappx_stats_performance,perf_stats_bidder_old,country,9,varchar,NO,
mysql-sl,tappx_stats_performance,perf_stats_bidder_old,id_size,10,tinyint,NO,
mysql-sl,tappx_stats_performance,perf_stats_bidder_old,video,11,tinyint,NO,
mysql-sl,tappx_stats_performance,perf_stats_bidder_old,video_type,12,varchar,NO,
mysql-sl,tappx_stats_performance,perf_stats_bidder_old,source,13,varchar,NO,
mysql-sl,tappx_stats_performance,perf_stats_bidder_old,perf_source,14,varchar,NO,
mysql-sl,tappx_stats_performance,perf_stats_bidder_old,id_network,15,smallint,NO,
mysql-sl,tappx_stats_performance,perf_stats_bidder_old,id_offer,16,int,NO,
mysql-sl,tappx_stats_performance,perf_stats_bidder_old,offer_bundle,17,varchar,NO,
mysql-sl,tappx_stats_performance,perf_stats_bidder_old,offer_type,18,varchar,NO,
mysql-sl,tappx_stats_performance,perf_stats_bidder_old,algo_incoming_traffic,19,varchar,NO,
mysql-sl,tappx_stats_performance,perf_stats_bidder_old,algo_tag_reqs,20,varchar,NO,
mysql-sl,tappx_stats_performance,perf_stats_bidder_old,algo_sprinkler,21,varchar,NO,
mysql-sl,tappx_stats_performance,perf_stats_bidder_old,algo_offer_selection,22,varchar,NO,
mysql-sl,tappx_stats_performance,perf_stats_bidder_old,requests,23,bigint,NO,
mysql-sl,tappx_stats_performance,perf_stats_bidder_old,deliveries,24,bigint,NO,
mysql-sl,tappx_stats_performance,perf_stats_bidder_old,impressions,25,bigint,NO,
mysql-sl,tappx_stats_performance,perf_stats_bidder_old,clicks,26,bigint,NO,
mysql-sl,tappx_stats_performance,perf_stats_bidder_old,installs,27,bigint,YES,
mysql-sl,tappx_stats_performance,perf_stats_bidder_old,conversions,28,bigint,NO,
mysql-sl,tappx_stats_performance,perf_stats_bidder_old,payable_events,29,bigint,YES,
mysql-sl,tappx_stats_performance,perf_stats_bidder_old,currency,30,varchar,NO,
mysql-sl,tappx_stats_performance,perf_stats_bidder_old,cost,31,decimal,NO,
mysql-sl,tappx_stats_performance,perf_stats_bidder_old,revenue_gross,32,decimal,NO,
mysql-sl,tappx_stats_performance,perf_stats_bidder_old,revenue_net,33,decimal,NO,
mysql-sl,tappx_stats_performance,perf_stats_bidder_old,revenue_estimated,34,decimal,YES,
mysql-sl,tappx_stats_performance,perf_stats_bidder_old,user_revenue_share,35,decimal,NO,
mysql-sl,tappx_stats_performance,perf_stats_bidder_old,user_revenue_fix,36,decimal,NO,
mysql-sl,tappx_stats_performance,perf_stats_bidder_total,id_offer,1,int,NO,PRI
mysql-sl,tappx_stats_performance,perf_stats_bidder_total,date,2,varchar,NO,PRI
mysql-sl,tappx_stats_performance,perf_stats_bidder_total,total_impressions,3,bigint,YES,
mysql-sl,tappx_stats_performance,perf_stats_bidder_total,total_conversions,4,bigint,YES,
mysql-sl,tappx_stats_performance,perf_stats_bidder_total,total_spend,5,double,YES,
mysql-sl,tappx_stats_performance,perf_stats_bidder_total,last_update_date,6,date,NO,
mysql-sl,tappx_stats_performance,perf_stats_by_site_id,date,1,date,NO,PRI
mysql-sl,tappx_stats_performance,perf_stats_by_site_id,offer_bundle,2,varchar,NO,PRI
mysql-sl,tappx_stats_performance,perf_stats_by_site_id,media_source,3,varchar,NO,PRI
mysql-sl,tappx_stats_performance,perf_stats_by_site_id,country,4,varchar,NO,PRI
mysql-sl,tappx_stats_performance,perf_stats_by_site_id,site_id,5,varchar,NO,PRI
mysql-sl,tappx_stats_performance,perf_stats_by_site_id,tracking_platform,6,enum,NO,
mysql-sl,tappx_stats_performance,perf_stats_by_site_id,account_type,7,enum,NO,
mysql-sl,tappx_stats_performance,perf_stats_by_site_id,impressions,8,int,YES,
mysql-sl,tappx_stats_performance,perf_stats_by_site_id,clicks,9,int,YES,
mysql-sl,tappx_stats_performance,perf_stats_by_site_id,installs,10,int,YES,
mysql-sl,tappx_stats_performance,perf_stats_by_site_id_events,date,1,date,NO,PRI
mysql-sl,tappx_stats_performance,perf_stats_by_site_id_events,offer_bundle,2,varchar,NO,PRI
mysql-sl,tappx_stats_performance,perf_stats_by_site_id_events,media_source,3,varchar,NO,PRI
mysql-sl,tappx_stats_performance,perf_stats_by_site_id_events,country,4,varchar,NO,PRI
mysql-sl,tappx_stats_performance,perf_stats_by_site_id_events,site_id,5,varchar,NO,PRI
mysql-sl,tappx_stats_performance,perf_stats_by_site_id_events,tracking_platform,6,enum,NO,
mysql-sl,tappx_stats_performance,perf_stats_by_site_id_events,account_type,7,enum,NO,
mysql-sl,tappx_stats_performance,perf_stats_by_site_id_events,event_name,8,varchar,NO,PRI
mysql-sl,tappx_stats_performance,perf_stats_by_site_id_events,event_count,9,int,YES,
mysql-sl,tappx_stats_performance,perf_stats_conversions,date,1,date,NO,PRI
mysql-sl,tappx_stats_performance,perf_stats_conversions,adunit,2,varchar,NO,PRI
mysql-sl,tappx_stats_performance,perf_stats_conversions,banner_size,3,varchar,NO,PRI
mysql-sl,tappx_stats_performance,perf_stats_conversions,bundle_request,4,varchar,NO,PRI
mysql-sl,tappx_stats_performance,perf_stats_conversions,bundle_offer,5,varchar,NO,
mysql-sl,tappx_stats_performance,perf_stats_conversions,id_offer,6,bigint,NO,PRI
mysql-sl,tappx_stats_performance,perf_stats_conversions,id_network,7,bigint,NO,
mysql-sl,tappx_stats_performance,perf_stats_conversions,country,8,varchar,NO,PRI
mysql-sl,tappx_stats_performance,perf_stats_conversions,conversion_type,9,varchar,NO,PRI
mysql-sl,tappx_stats_performance,perf_stats_conversions,endpoint,10,varchar,NO,
mysql-sl,tappx_stats_performance,perf_stats_conversions,source,11,varchar,NO,PRI
mysql-sl,tappx_stats_performance,perf_stats_conversions,perf_source,12,varchar,NO,PRI
mysql-sl,tappx_stats_performance,perf_stats_conversions,goal,13,varchar,NO,PRI
mysql-sl,tappx_stats_performance,perf_stats_conversions,goal_value,14,varchar,NO,PRI
mysql-sl,tappx_stats_performance,perf_stats_conversions,os_id,15,varchar,NO,PRI
mysql-sl,tappx_stats_performance,perf_stats_conversions,impression_conv,16,varchar,NO,PRI
mysql-sl,tappx_stats_performance,perf_stats_conversions,video,17,bit,NO,PRI
mysql-sl,tappx_stats_performance,perf_stats_conversions,video_type,18,varchar,NO,PRI
mysql-sl,tappx_stats_performance,perf_stats_conversions,currency,19,varchar,NO,
mysql-sl,tappx_stats_performance,perf_stats_conversions,revenue_gross,20,double,YES,
mysql-sl,tappx_stats_performance,perf_stats_conversions,conversions,21,varchar,YES,
mysql-sl,tappx_stats_performance,perf_stats_events,date,1,date,NO,PRI
mysql-sl,tappx_stats_performance,perf_stats_events,id_network,2,int,NO,PRI
mysql-sl,tappx_stats_performance,perf_stats_events,id_user,3,int,NO,PRI
mysql-sl,tappx_stats_performance,perf_stats_events,tracking_platform,4,enum,NO,PRI
mysql-sl,tappx_stats_performance,perf_stats_events,offer_bundle,5,varchar,NO,PRI
mysql-sl,tappx_stats_performance,perf_stats_events,country,6,varchar,NO,PRI
mysql-sl,tappx_stats_performance,perf_stats_events,id_os,7,enum,YES,
mysql-sl,tappx_stats_performance,perf_stats_events,type_monetization,8,enum,YES,MUL
mysql-sl,tappx_stats_performance,perf_stats_events,event_name,9,varchar,NO,PRI
mysql-sl,tappx_stats_performance,perf_stats_events,events,10,int,YES,
mysql-sl,tappx_stats_performance,perf_stats_media_buy,date,1,date,NO,PRI
mysql-sl,tappx_stats_performance,perf_stats_media_buy,id_user,2,int,NO,PRI
mysql-sl,tappx_stats_performance,perf_stats_media_buy,publisher,3,varchar,NO,PRI
mysql-sl,tappx_stats_performance,perf_stats_media_buy,supply_platform,4,varchar,NO,
mysql-sl,tappx_stats_performance,perf_stats_media_buy,tracking_platform,5,varchar,NO,PRI
mysql-sl,tappx_stats_performance,perf_stats_media_buy,site_id,6,varchar,NO,PRI
mysql-sl,tappx_stats_performance,perf_stats_media_buy,stats_source,7,varchar,NO,
mysql-sl,tappx_stats_performance,perf_stats_media_buy,id_network,8,bigint,NO,PRI
mysql-sl,tappx_stats_performance,perf_stats_media_buy,campaign_id,9,varchar,NO,PRI
mysql-sl,tappx_stats_performance,perf_stats_media_buy,country,10,varchar,NO,PRI
mysql-sl,tappx_stats_performance,perf_stats_media_buy,id_am_supply,11,int,YES,
mysql-sl,tappx_stats_performance,perf_stats_media_buy,id_am_demand,12,int,YES,
mysql-sl,tappx_stats_performance,perf_stats_media_buy,revenue,13,decimal,YES,
mysql-sl,tappx_stats_performance,perf_stats_media_buy,cost,14,decimal,YES,
mysql-sl,tappx_stats_performance,perf_stats_media_buy,installs,15,int,YES,
mysql-sl,tappx_stats_performance,perf_stats_media_buy,event_name,16,varchar,YES,
mysql-sl,tappx_stats_performance,perf_stats_media_buy,event_count,17,int,YES,
mysql-sl,tappx_stats_performance,perf_stats_media_buy,attribution_time_type,18,enum,YES,
mysql-sl,tappx_stats_performance,perf_stats_offers,date,1,date,NO,PRI
mysql-sl,tappx_stats_performance,perf_stats_offers,id_user,2,int,NO,
mysql-sl,tappx_stats_performance,perf_stats_offers,endpoint,3,varchar,NO,PRI
mysql-sl,tappx_stats_performance,perf_stats_offers,id_os,4,tinyint,NO,
mysql-sl,tappx_stats_performance,perf_stats_offers,id_app,5,int,NO,
mysql-sl,tappx_stats_performance,perf_stats_offers,adunit,6,varchar,NO,PRI
mysql-sl,tappx_stats_performance,perf_stats_offers,bundle,7,varchar,NO,PRI
mysql-sl,tappx_stats_performance,perf_stats_offers,country,8,varchar,NO,PRI
mysql-sl,tappx_stats_performance,perf_stats_offers,id_size,9,tinyint,NO,PRI
mysql-sl,tappx_stats_performance,perf_stats_offers,video,10,tinyint,NO,PRI
mysql-sl,tappx_stats_performance,perf_stats_offers,video_type,11,varchar,NO,PRI
mysql-sl,tappx_stats_performance,perf_stats_offers,source,12,varchar,NO,PRI
mysql-sl,tappx_stats_performance,perf_stats_offers,perf_source,13,varchar,NO,PRI
mysql-sl,tappx_stats_performance,perf_stats_offers,id_network,14,smallint,NO,PRI
mysql-sl,tappx_stats_performance,perf_stats_offers,id_offer,15,int,NO,PRI
mysql-sl,tappx_stats_performance,perf_stats_offers,offer_bundle,16,varchar,NO,
mysql-sl,tappx_stats_performance,perf_stats_offers,offer_type,17,varchar,NO,PRI
mysql-sl,tappx_stats_performance,perf_stats_offers,deliveries,18,bigint,NO,
mysql-sl,tappx_stats_performance,perf_stats_offers,impressions,19,bigint,NO,
mysql-sl,tappx_stats_performance,perf_stats_offers,clicks,20,bigint,NO,
mysql-sl,tappx_stats_performance,perf_stats_offers,conversions,21,bigint,NO,
mysql-sl,tappx_stats_performance,perf_stats_offers,currency,22,varchar,NO,
mysql-sl,tappx_stats_performance,perf_stats_offers,cost,23,decimal,NO,
mysql-sl,tappx_stats_performance,perf_stats_offers,revenue_gross,24,decimal,NO,
mysql-sl,tappx_stats_performance,perf_stats_offers,revenue_net,25,decimal,NO,
mysql-sl,tappx_stats_performance,perf_stats_offers,user_revenue_share,26,decimal,NO,
mysql-sl,tappx_stats_performance,perf_stats_offers,user_revenue_fix,27,decimal,NO,
mysql-sl,tappx_stats_performance,perf_stats_offers_hours,date,1,date,NO,PRI
mysql-sl,tappx_stats_performance,perf_stats_offers_hours,hour,2,tinyint,NO,PRI
mysql-sl,tappx_stats_performance,perf_stats_offers_hours,id_user,3,int,NO,
mysql-sl,tappx_stats_performance,perf_stats_offers_hours,endpoint,4,varchar,NO,PRI
mysql-sl,tappx_stats_performance,perf_stats_offers_hours,id_os,5,tinyint,NO,
mysql-sl,tappx_stats_performance,perf_stats_offers_hours,id_app,6,int,NO,
mysql-sl,tappx_stats_performance,perf_stats_offers_hours,adunit,7,varchar,NO,PRI
mysql-sl,tappx_stats_performance,perf_stats_offers_hours,bundle,8,varchar,NO,PRI
mysql-sl,tappx_stats_performance,perf_stats_offers_hours,country,9,varchar,NO,PRI
mysql-sl,tappx_stats_performance,perf_stats_offers_hours,id_size,10,tinyint,NO,PRI
mysql-sl,tappx_stats_performance,perf_stats_offers_hours,video,11,tinyint,NO,PRI
mysql-sl,tappx_stats_performance,perf_stats_offers_hours,video_type,12,varchar,NO,PRI
mysql-sl,tappx_stats_performance,perf_stats_offers_hours,source,13,varchar,NO,PRI
mysql-sl,tappx_stats_performance,perf_stats_offers_hours,perf_source,14,varchar,NO,PRI
mysql-sl,tappx_stats_performance,perf_stats_offers_hours,id_network,15,smallint,NO,PRI
mysql-sl,tappx_stats_performance,perf_stats_offers_hours,id_offer,16,int,NO,PRI
mysql-sl,tappx_stats_performance,perf_stats_offers_hours,offer_bundle,17,varchar,NO,
mysql-sl,tappx_stats_performance,perf_stats_offers_hours,offer_type,18,varchar,NO,PRI
mysql-sl,tappx_stats_performance,perf_stats_offers_hours,deliveries,19,bigint,NO,
mysql-sl,tappx_stats_performance,perf_stats_offers_hours,impressions,20,bigint,NO,
mysql-sl,tappx_stats_performance,perf_stats_offers_hours,clicks,21,bigint,NO,
mysql-sl,tappx_stats_performance,perf_stats_offers_hours,conversions,22,bigint,NO,
mysql-sl,tappx_stats_performance,perf_stats_offers_hours,currency,23,varchar,NO,
mysql-sl,tappx_stats_performance,perf_stats_offers_hours,cost,24,decimal,NO,
mysql-sl,tappx_stats_performance,perf_stats_offers_hours,revenue_gross,25,decimal,NO,
mysql-sl,tappx_stats_performance,perf_stats_offers_hours,revenue_net,26,decimal,NO,
mysql-sl,tappx_stats_performance,perf_stats_offers_hours,user_revenue_share,27,decimal,NO,
mysql-sl,tappx_stats_performance,perf_stats_offers_hours,user_revenue_fix,28,decimal,NO,
mysql-sl,tappx_stats_performance,perf_stats_offers_last_15_days,date,1,date,NO,
mysql-sl,tappx_stats_performance,perf_stats_offers_last_15_days,id_user,2,int,NO,
mysql-sl,tappx_stats_performance,perf_stats_offers_last_15_days,endpoint,3,varchar,NO,
mysql-sl,tappx_stats_performance,perf_stats_offers_last_15_days,id_app,4,int,NO,
mysql-sl,tappx_stats_performance,perf_stats_offers_last_15_days,adunit,5,varchar,NO,
mysql-sl,tappx_stats_performance,perf_stats_offers_last_15_days,bundle,6,varchar,NO,
mysql-sl,tappx_stats_performance,perf_stats_offers_last_15_days,country,7,varchar,NO,
mysql-sl,tappx_stats_performance,perf_stats_offers_last_15_days,id_size,8,tinyint,NO,
mysql-sl,tappx_stats_performance,perf_stats_offers_last_15_days,source,9,varchar,NO,
mysql-sl,tappx_stats_performance,perf_stats_offers_last_15_days,video,10,tinyint,NO,
mysql-sl,tappx_stats_performance,perf_stats_offers_last_15_days,video_type,11,varchar,NO,
mysql-sl,tappx_stats_performance,perf_stats_offers_last_15_days,description,12,varchar,YES,
mysql-sl,tappx_stats_performance,perf_stats_offers_last_15_days,id_offer,13,int,NO,
mysql-sl,tappx_stats_performance,perf_stats_offers_last_15_days,offer_bundle,14,varchar,NO,
mysql-sl,tappx_stats_performance,perf_stats_offers_last_15_days,offer_type,15,varchar,NO,
mysql-sl,tappx_stats_performance,perf_stats_offers_last_15_days,deliveries,16,bigint,NO,
mysql-sl,tappx_stats_performance,perf_stats_offers_last_15_days,impressions,17,bigint,NO,
mysql-sl,tappx_stats_performance,perf_stats_offers_last_15_days,clicks,18,bigint,NO,
mysql-sl,tappx_stats_performance,perf_stats_offers_last_15_days,conversions,19,bigint,NO,
mysql-sl,tappx_stats_performance,perf_stats_offers_last_15_days,currency,20,varchar,NO,
mysql-sl,tappx_stats_performance,perf_stats_offers_last_15_days,revenue_gross,21,decimal,NO,
mysql-sl,tappx_stats_performance,perf_stats_offers_last_15_days,revenue_net,22,decimal,NO,
mysql-sl,tappx_stats_performance,perf_stats_offers_last_15_days,user_revenue_share,23,decimal,NO,
mysql-sl,tappx_stats_performance,perf_stats_offers_last_15_days,perf_source,24,varchar,NO,
mysql-sl,tappx_stats_performance,perf_stats_offers_last_15_days,id_os,25,tinyint,NO,
mysql-sl,tappx_stats_performance,perf_stats_offers_last_15_days,cost,26,decimal,NO,
mysql-sl,tappx_stats_performance,perf_stats_offers_last_90_days,date,1,date,NO,
mysql-sl,tappx_stats_performance,perf_stats_offers_last_90_days,id_user,2,int,NO,
mysql-sl,tappx_stats_performance,perf_stats_offers_last_90_days,endpoint,3,varchar,NO,
mysql-sl,tappx_stats_performance,perf_stats_offers_last_90_days,id_app,4,int,NO,
mysql-sl,tappx_stats_performance,perf_stats_offers_last_90_days,adunit,5,varchar,NO,
mysql-sl,tappx_stats_performance,perf_stats_offers_last_90_days,bundle,6,varchar,NO,
mysql-sl,tappx_stats_performance,perf_stats_offers_last_90_days,name,7,varchar,YES,
mysql-sl,tappx_stats_performance,perf_stats_offers_last_90_days,country,8,varchar,NO,
mysql-sl,tappx_stats_performance,perf_stats_offers_last_90_days,id_size,9,tinyint,NO,
mysql-sl,tappx_stats_performance,perf_stats_offers_last_90_days,size,10,varchar,YES,
mysql-sl,tappx_stats_performance,perf_stats_offers_last_90_days,ad_format,11,varchar,YES,
mysql-sl,tappx_stats_performance,perf_stats_offers_last_90_days,video,12,tinyint,NO,
mysql-sl,tappx_stats_performance,perf_stats_offers_last_90_days,video_type,13,varchar,NO,
mysql-sl,tappx_stats_performance,perf_stats_offers_last_90_days,source,14,varchar,NO,
mysql-sl,tappx_stats_performance,perf_stats_offers_last_90_days,description,15,varchar,YES,
mysql-sl,tappx_stats_performance,perf_stats_offers_last_90_days,id_offer,16,int,NO,
mysql-sl,tappx_stats_performance,perf_stats_offers_last_90_days,id_affise,17,varchar,YES,
mysql-sl,tappx_stats_performance,perf_stats_offers_last_90_days,offer_bundle,18,varchar,NO,
mysql-sl,tappx_stats_performance,perf_stats_offers_last_90_days,offer_type,19,varchar,NO,
mysql-sl,tappx_stats_performance,perf_stats_offers_last_90_days,deliveries,20,bigint,NO,
mysql-sl,tappx_stats_performance,perf_stats_offers_last_90_days,impressions,21,bigint,NO,
mysql-sl,tappx_stats_performance,perf_stats_offers_last_90_days,clicks,22,bigint,NO,
mysql-sl,tappx_stats_performance,perf_stats_offers_last_90_days,conversions,23,bigint,NO,
mysql-sl,tappx_stats_performance,perf_stats_offers_last_90_days,currency,24,varchar,NO,
mysql-sl,tappx_stats_performance,perf_stats_offers_last_90_days,revenue_gross,25,decimal,NO,
mysql-sl,tappx_stats_performance,perf_stats_offers_last_90_days,revenue_net,26,decimal,NO,
mysql-sl,tappx_stats_performance,perf_stats_offers_last_90_days,user_revenue_share,27,decimal,NO,
mysql-sl,tappx_stats_performance,perf_stats_offers_last_90_days,perf_source,28,varchar,NO,
mysql-sl,tappx_stats_performance,perf_stats_offers_last_90_days,id_os,29,tinyint,NO,
mysql-sl,tappx_stats_performance,perf_stats_offers_last_90_days,cost,30,decimal,NO,
mysql-sl,tappx_stats_performance,perf_stats_offers_last_90_days,hola,31,int,NO,
mysql-sl,tappx_stats_performance,perf_stats_optimal_bid,bundle,1,varchar,NO,PRI
mysql-sl,tappx_stats_performance,perf_stats_optimal_bid,country,2,varchar,NO,PRI
mysql-sl,tappx_stats_performance,perf_stats_optimal_bid,id_os,3,smallint,NO,PRI
mysql-sl,tappx_stats_performance,perf_stats_optimal_bid,id_size,4,smallint,NO,PRI
mysql-sl,tappx_stats_performance,perf_stats_optimal_bid,id_offer,5,int,NO,PRI
mysql-sl,tappx_stats_performance,perf_stats_optimal_bid,active,6,int,NO,
mysql-sl,tappx_stats_performance,perf_stats_optimal_bid,ts_expiration,7,datetime,NO,
mysql-sl,tappx_stats_performance,perf_stats_optimal_bid,optimal_bid,8,decimal,NO,
mysql-sl,tappx_stats_performance,perf_stats_optimal_bid,expected_render,9,decimal,NO,
mysql-sl,tappx_stats_performance,perf_stats_optimal_bid,expected_dcpm_profit,10,decimal,NO,
mysql-sl,tappx_stats_performance,perf_stats_optimal_bid,ts,11,datetime,NO,
mysql-sl,tappx_stats_performance,perf_stats_optimal_bid,added_who,12,varchar,YES,
mysql-sl,tappx_stats_performance,perf_stats_optimal_bid,comment,13,varchar,YES,
mysql-sl,tappx_stats_performance,perf_stats_overview_data,full_name,1,varchar,YES,
mysql-sl,tappx_stats_performance,perf_stats_overview_data,date,2,date,NO,
mysql-sl,tappx_stats_performance,perf_stats_overview_data,app_id,3,varchar,NO,
mysql-sl,tappx_stats_performance,perf_stats_overview_data,affiliate_id,4,varchar,NO,
mysql-sl,tappx_stats_performance,perf_stats_overview_data,site_id,5,varchar,NO,
mysql-sl,tappx_stats_performance,perf_stats_overview_data,media_source,6,varchar,NO,
mysql-sl,tappx_stats_performance,perf_stats_overview_data,country,7,varchar,NO,
mysql-sl,tappx_stats_performance,perf_stats_overview_data,account_type,8,varchar,NO,
mysql-sl,tappx_stats_performance,perf_stats_overview_data,installs,9,int,YES,
mysql-sl,tappx_stats_performance,perf_stats_overview_data,clicks,10,int,YES,
mysql-sl,tappx_stats_performance,perf_stats_overview_data,impressions,11,int,YES,
mysql-sl,tappx_stats_performance,perf_stats_overview_data,click_installs,12,int,YES,
mysql-sl,tappx_stats_performance,perf_stats_overview_data,sessions,13,int,YES,
mysql-sl,tappx_stats_performance,perf_stats_overview_data,revenue,14,float,YES,
mysql-sl,tappx_stats_performance,perf_stats_overview_data,arpu,15,int,YES,
mysql-sl,tappx_stats_performance,perf_stats_overview_data,conv_rate,16,float,YES,
mysql-sl,tappx_stats_performance,perf_stats_overview_data,loyals,17,int,YES,
mysql-sl,tappx_stats_performance,perf_stats_profitability,id_user,1,bigint,NO,
mysql-sl,tappx_stats_performance,perf_stats_profitability,id_app,2,bigint,NO,
mysql-sl,tappx_stats_performance,perf_stats_profitability,adunit,3,varchar,NO,PRI
mysql-sl,tappx_stats_performance,perf_stats_profitability,bundle,4,varchar,NO,PRI
mysql-sl,tappx_stats_performance,perf_stats_profitability,source,5,varchar,NO,PRI
mysql-sl,tappx_stats_performance,perf_stats_profitability,country,6,varchar,NO,PRI
mysql-sl,tappx_stats_performance,perf_stats_profitability,id_os,7,smallint,NO,PRI
mysql-sl,tappx_stats_performance,perf_stats_profitability,ad_format,8,varchar,NO,PRI
mysql-sl,tappx_stats_performance,perf_stats_profitability,id_size,9,smallint,NO,PRI
mysql-sl,tappx_stats_performance,perf_stats_profitability,ts,10,datetime,NO,
mysql-sl,tappx_stats_performance,perf_stats_profitability,added_who,11,varchar,YES,
mysql-sl,tappx_stats_performance,perf_stats_profitability,comment,12,varchar,YES,
mysql-sl,tappx_stats_performance,perf_stats_profitability,impressions,13,bigint,NO,
mysql-sl,tappx_stats_performance,perf_stats_profitability,ecpm,14,decimal,NO,
mysql-sl,tappx_stats_performance,perf_stats_profitability,cpm_cost,15,decimal,NO,
mysql-sl,tappx_stats_performance,perf_stats_profitability,profitability,16,decimal,NO,
mysql-sl,tappx_stats_performance,perf_stats_profitability,perf_source,17,varchar,YES,
mysql-sl,tappx_stats_performance,perf_stats_profitability_by_offer,id_user,1,bigint,NO,
mysql-sl,tappx_stats_performance,perf_stats_profitability_by_offer,id_app,2,bigint,NO,
mysql-sl,tappx_stats_performance,perf_stats_profitability_by_offer,adunit,3,varchar,NO,PRI
mysql-sl,tappx_stats_performance,perf_stats_profitability_by_offer,bundle,4,varchar,NO,PRI
mysql-sl,tappx_stats_performance,perf_stats_profitability_by_offer,source,5,varchar,NO,PRI
mysql-sl,tappx_stats_performance,perf_stats_profitability_by_offer,country,6,varchar,NO,PRI
mysql-sl,tappx_stats_performance,perf_stats_profitability_by_offer,id_os,7,smallint,NO,PRI
mysql-sl,tappx_stats_performance,perf_stats_profitability_by_offer,ad_format,8,varchar,NO,PRI
mysql-sl,tappx_stats_performance,perf_stats_profitability_by_offer,id_size,9,smallint,NO,PRI
mysql-sl,tappx_stats_performance,perf_stats_profitability_by_offer,id_offer,10,int,NO,PRI
mysql-sl,tappx_stats_performance,perf_stats_profitability_by_offer,ts,11,datetime,NO,
mysql-sl,tappx_stats_performance,perf_stats_profitability_by_offer,added_who,12,varchar,YES,
mysql-sl,tappx_stats_performance,perf_stats_profitability_by_offer,comment,13,varchar,YES,
mysql-sl,tappx_stats_performance,perf_stats_profitability_by_offer,requests,14,bigint,NO,
mysql-sl,tappx_stats_performance,perf_stats_profitability_by_offer,deliveries,15,bigint,NO,
mysql-sl,tappx_stats_performance,perf_stats_profitability_by_offer,impressions,16,bigint,NO,
mysql-sl,tappx_stats_performance,perf_stats_profitability_by_offer,ecpm,17,decimal,NO,
mysql-sl,tappx_stats_performance,perf_stats_profitability_by_offer,cpm_cost,18,decimal,NO,
mysql-sl,tappx_stats_performance,perf_stats_profitability_by_offer,render,19,decimal,NO,
mysql-sl,tappx_stats_performance,perf_stats_profitability_by_offer,profitability,20,decimal,NO,
mysql-sl,tappx_stats_performance,perf_stats_profitability_by_offer,perf_source,21,varchar,YES,
mysql-sl,tappx_stats_performance,perf_stats_profitability_by_offer,ecpm_real,22,decimal,NO,
mysql-sl,tappx_stats_performance,perf_stats_profitability_by_offer,ecpm_estimated,23,decimal,NO,
mysql-sl,tappx_stats_performance,perf_stats_profitability_by_offer,revenue_used,24,varchar,NO,
mysql-sl,tappx_stats_performance,perf_stats_requests,date,1,date,NO,PRI
mysql-sl,tappx_stats_performance,perf_stats_requests,id_user,2,int,NO,
mysql-sl,tappx_stats_performance,perf_stats_requests,endpoint,3,varchar,NO,PRI
mysql-sl,tappx_stats_performance,perf_stats_requests,id_os,4,tinyint,NO,
mysql-sl,tappx_stats_performance,perf_stats_requests,id_app,5,int,NO,
mysql-sl,tappx_stats_performance,perf_stats_requests,adunit,6,varchar,NO,PRI
mysql-sl,tappx_stats_performance,perf_stats_requests,bundle,7,varchar,NO,PRI
mysql-sl,tappx_stats_performance,perf_stats_requests,country,8,varchar,NO,PRI
mysql-sl,tappx_stats_performance,perf_stats_requests,id_size,9,tinyint,NO,PRI
mysql-sl,tappx_stats_performance,perf_stats_requests,video,10,tinyint,NO,PRI
mysql-sl,tappx_stats_performance,perf_stats_requests,video_type,11,varchar,NO,PRI
mysql-sl,tappx_stats_performance,perf_stats_requests,source,12,varchar,NO,PRI
mysql-sl,tappx_stats_performance,perf_stats_requests,perf_source,13,varchar,NO,PRI
mysql-sl,tappx_stats_performance,perf_stats_requests,requests,14,bigint,NO,
mysql-sl,tappx_stats_performance,perf_stats_requests,deliveries,15,bigint,NO,
mysql-sl,tappx_stats_performance,perf_stats_requests,impressions,16,bigint,NO,
mysql-sl,tappx_stats_performance,perf_stats_requests,clicks,17,bigint,NO,
mysql-sl,tappx_stats_performance,perf_stats_requests,conversions,18,bigint,NO,
mysql-sl,tappx_stats_performance,perf_stats_requests,currency,19,varchar,NO,
mysql-sl,tappx_stats_performance,perf_stats_requests,cost,20,decimal,NO,
mysql-sl,tappx_stats_performance,perf_stats_requests,revenue_gross,21,decimal,NO,
mysql-sl,tappx_stats_performance,perf_stats_requests,revenue_net,22,decimal,NO,
mysql-sl,tappx_stats_performance,perf_stats_requests,user_revenue_share,23,decimal,NO,
mysql-sl,tappx_stats_performance,perf_stats_requests,user_revenue_fix,24,decimal,NO,
mysql-sl,tappx_stats_performance,perf_stats_requests_hours,date,1,date,NO,PRI
mysql-sl,tappx_stats_performance,perf_stats_requests_hours,hour,2,tinyint,NO,PRI
mysql-sl,tappx_stats_performance,perf_stats_requests_hours,id_user,3,int,NO,
mysql-sl,tappx_stats_performance,perf_stats_requests_hours,endpoint,4,varchar,NO,PRI
mysql-sl,tappx_stats_performance,perf_stats_requests_hours,id_os,5,tinyint,NO,
mysql-sl,tappx_stats_performance,perf_stats_requests_hours,id_app,6,int,NO,
mysql-sl,tappx_stats_performance,perf_stats_requests_hours,adunit,7,varchar,NO,PRI
mysql-sl,tappx_stats_performance,perf_stats_requests_hours,bundle,8,varchar,NO,PRI
mysql-sl,tappx_stats_performance,perf_stats_requests_hours,country,9,varchar,NO,PRI
mysql-sl,tappx_stats_performance,perf_stats_requests_hours,id_size,10,tinyint,NO,PRI
mysql-sl,tappx_stats_performance,perf_stats_requests_hours,video,11,tinyint,NO,PRI
mysql-sl,tappx_stats_performance,perf_stats_requests_hours,video_type,12,varchar,NO,PRI
mysql-sl,tappx_stats_performance,perf_stats_requests_hours,source,13,varchar,NO,PRI
mysql-sl,tappx_stats_performance,perf_stats_requests_hours,perf_source,14,varchar,NO,PRI
mysql-sl,tappx_stats_performance,perf_stats_requests_hours,requests,15,bigint,NO,
mysql-sl,tappx_stats_performance,perf_stats_requests_hours,deliveries,16,bigint,NO,
mysql-sl,tappx_stats_performance,perf_stats_requests_hours,impressions,17,bigint,NO,
mysql-sl,tappx_stats_performance,perf_stats_requests_hours,clicks,18,bigint,NO,
mysql-sl,tappx_stats_performance,perf_stats_requests_hours,conversions,19,bigint,NO,
mysql-sl,tappx_stats_performance,perf_stats_requests_hours,currency,20,varchar,NO,
mysql-sl,tappx_stats_performance,perf_stats_requests_hours,cost,21,decimal,NO,
mysql-sl,tappx_stats_performance,perf_stats_requests_hours,revenue_gross,22,decimal,NO,
mysql-sl,tappx_stats_performance,perf_stats_requests_hours,revenue_net,23,decimal,NO,
mysql-sl,tappx_stats_performance,perf_stats_requests_hours,user_revenue_share,24,decimal,NO,
mysql-sl,tappx_stats_performance,perf_stats_requests_hours,user_revenue_fix,25,decimal,NO,
mysql-sl,tappx_stats_performance,perf_stats_requests_last_90_days,date,1,date,NO,
mysql-sl,tappx_stats_performance,perf_stats_requests_last_90_days,id_user,2,int,NO,
mysql-sl,tappx_stats_performance,perf_stats_requests_last_90_days,endpoint,3,varchar,NO,
mysql-sl,tappx_stats_performance,perf_stats_requests_last_90_days,id_os,4,tinyint,NO,
mysql-sl,tappx_stats_performance,perf_stats_requests_last_90_days,id_app,5,int,NO,
mysql-sl,tappx_stats_performance,perf_stats_requests_last_90_days,adunit,6,varchar,NO,
mysql-sl,tappx_stats_performance,perf_stats_requests_last_90_days,bundle,7,varchar,NO,
mysql-sl,tappx_stats_performance,perf_stats_requests_last_90_days,country,8,varchar,NO,
mysql-sl,tappx_stats_performance,perf_stats_requests_last_90_days,id_size,9,tinyint,NO,
mysql-sl,tappx_stats_performance,perf_stats_requests_last_90_days,size,10,varchar,YES,
mysql-sl,tappx_stats_performance,perf_stats_requests_last_90_days,ad_format,11,varchar,YES,
mysql-sl,tappx_stats_performance,perf_stats_requests_last_90_days,video,12,tinyint,NO,
mysql-sl,tappx_stats_performance,perf_stats_requests_last_90_days,video_type,13,varchar,NO,
mysql-sl,tappx_stats_performance,perf_stats_requests_last_90_days,source,14,varchar,NO,
mysql-sl,tappx_stats_performance,perf_stats_requests_last_90_days,perf_source,15,varchar,NO,
mysql-sl,tappx_stats_performance,perf_stats_requests_last_90_days,requests,16,bigint,NO,
mysql-sl,tappx_stats_performance,perf_stats_requests_last_90_days,deliveries,17,bigint,NO,
mysql-sl,tappx_stats_performance,perf_stats_requests_last_90_days,impressions,18,bigint,NO,
mysql-sl,tappx_stats_performance,perf_stats_requests_last_90_days,clicks,19,bigint,NO,
mysql-sl,tappx_stats_performance,perf_stats_requests_last_90_days,conversions,20,bigint,NO,
mysql-sl,tappx_stats_performance,perf_stats_requests_last_90_days,currency,21,varchar,NO,
mysql-sl,tappx_stats_performance,perf_stats_requests_last_90_days,cost,22,decimal,NO,
mysql-sl,tappx_stats_performance,perf_stats_requests_last_90_days,revenue_gross,23,decimal,NO,
mysql-sl,tappx_stats_performance,perf_stats_requests_last_90_days,revenue_net,24,decimal,NO,
mysql-sl,tappx_stats_performance,perf_stats_requests_last_90_days,user_revenue_share,25,decimal,NO,
mysql-sl,tappx_stats_performance,perf_stats_requests_last_90_days,user_revenue_fix,26,decimal,NO,
mysql-sl,tappx_stats_performance,perf_stats_rev_content,date,1,date,NO,PRI
mysql-sl,tappx_stats_performance,perf_stats_rev_content,hour,2,int,NO,PRI
mysql-sl,tappx_stats_performance,perf_stats_rev_content,widget_id,3,int,NO,PRI
mysql-sl,tappx_stats_performance,perf_stats_rev_content,sub_id_key,4,varchar,NO,PRI
mysql-sl,tappx_stats_performance,perf_stats_rev_content,sub_id_value,5,varchar,NO,PRI
mysql-sl,tappx_stats_performance,perf_stats_rev_content,adunit,6,varchar,NO,
mysql-sl,tappx_stats_performance,perf_stats_rev_content,bundle,7,varchar,NO,
mysql-sl,tappx_stats_performance,perf_stats_rev_content,country,8,varchar,NO,
mysql-sl,tappx_stats_performance,perf_stats_rev_content,id_size,9,int,NO,
mysql-sl,tappx_stats_performance,perf_stats_rev_content,widget_imps,10,int,NO,
mysql-sl,tappx_stats_performance,perf_stats_rev_content,ad_clicks,11,int,NO,
mysql-sl,tappx_stats_performance,perf_stats_rev_content,ad_ctr,12,decimal,YES,
mysql-sl,tappx_stats_performance,perf_stats_rev_content,ad_cpc,13,decimal,YES,
mysql-sl,tappx_stats_performance,perf_stats_rev_content,ad_rpm,14,decimal,YES,
mysql-sl,tappx_stats_performance,perf_stats_rev_content,ad_revenue,15,decimal,YES,
mysql-sl,tappx_stats_performance,perf_stats_rev_content,created,16,datetime,NO,
mysql-sl,tappx_stats_performance,perf_stats_smartlink,date,1,date,NO,PRI
mysql-sl,tappx_stats_performance,perf_stats_smartlink,id_smartlink,2,int,NO,PRI
mysql-sl,tappx_stats_performance,perf_stats_smartlink,id_offer,3,bigint,NO,PRI
mysql-sl,tappx_stats_performance,perf_stats_smartlink,id_os,4,tinyint,NO,PRI
mysql-sl,tappx_stats_performance,perf_stats_smartlink,id_affiliate,5,int,NO,PRI
mysql-sl,tappx_stats_performance,perf_stats_smartlink,sub_affiliate,6,varchar,NO,PRI
mysql-sl,tappx_stats_performance,perf_stats_smartlink,country,7,varchar,NO,PRI
mysql-sl,tappx_stats_performance,perf_stats_smartlink,clicks,8,bigint,NO,
mysql-sl,tappx_stats_performance,perf_stats_smartlink,conversions,9,bigint,NO,
mysql-sl,tappx_stats_performance,perf_stats_smartlink,revenue,10,double,NO,
mysql-sl,tappx_stats_performance,ssp_and_perf_stats_last_10_days,date,1,date,NO,
mysql-sl,tappx_stats_performance,ssp_and_perf_stats_last_10_days,country,2,varchar,YES,
mysql-sl,tappx_stats_performance,ssp_and_perf_stats_last_10_days,ad_type,3,varchar,NO,
mysql-sl,tappx_stats_performance,ssp_and_perf_stats_last_10_days,video,4,bigint,NO,
mysql-sl,tappx_stats_performance,ssp_and_perf_stats_last_10_days,video_type,5,varchar,NO,
mysql-sl,tappx_stats_performance,ssp_and_perf_stats_last_10_days,id_app,6,bigint,YES,
mysql-sl,tappx_stats_performance,ssp_and_perf_stats_last_10_days,adunit,7,varchar,YES,
mysql-sl,tappx_stats_performance,ssp_and_perf_stats_last_10_days,user,8,varchar,YES,
mysql-sl,tappx_stats_performance,ssp_and_perf_stats_last_10_days,OS,9,varchar,NO,
mysql-sl,tappx_stats_performance,ssp_and_perf_stats_last_10_days,bundle,10,varchar,YES,
mysql-sl,tappx_stats_performance,ssp_and_perf_stats_last_10_days,reqs_ssp,11,decimal,YES,
mysql-sl,tappx_stats_performance,ssp_and_perf_stats_last_10_days,reqs_ssp_to_perf,12,decimal,YES,
mysql-sl,tappx_stats_performance,ssp_and_perf_stats_last_10_days,reqs_perf,13,decimal,YES,
mysql-sl,tappx_stats_performance,ssp_and_perf_stats_last_10_days,dels_perf,14,decimal,YES,
mysql-sl,tappx_stats_performance,ssp_and_perf_stats_last_10_days,dels_ssp_from_perf,15,decimal,YES,
mysql-sl,tappx_stats_performance,ssp_and_perf_stats_last_10_days,dels_ssp_to_pub,16,decimal,YES,
mysql-sl,tappx_stats_performance,ssp_and_perf_stats_last_10_days,imps_ssp,17,decimal,YES,
mysql-sl,tappx_stats_performance,ssp_and_perf_stats_last_10_days,imps_perf,18,decimal,YES,
mysql-sl,tappx_stats_performance,ssp_perf_stats,date,1,date,NO,PRI
mysql-sl,tappx_stats_performance,ssp_perf_stats,id_user,2,int,NO,PRI
mysql-sl,tappx_stats_performance,ssp_perf_stats,connection_type,3,varchar,NO,PRI
mysql-sl,tappx_stats_performance,ssp_perf_stats,id_os,4,tinyint,NO,PRI
mysql-sl,tappx_stats_performance,ssp_perf_stats,id_app,5,int,NO,PRI
mysql-sl,tappx_stats_performance,ssp_perf_stats,adunit,6,varchar,NO,PRI
mysql-sl,tappx_stats_performance,ssp_perf_stats,bundle,7,varchar,NO,PRI
mysql-sl,tappx_stats_performance,ssp_perf_stats,country,8,varchar,NO,PRI
mysql-sl,tappx_stats_performance,ssp_perf_stats,id_size,9,tinyint,NO,PRI
mysql-sl,tappx_stats_performance,ssp_perf_stats,is_video,10,tinyint,NO,PRI
mysql-sl,tappx_stats_performance,ssp_perf_stats,is_video_display,11,tinyint,NO,PRI
mysql-sl,tappx_stats_performance,ssp_perf_stats,requests_ssp_publisher,12,bigint,NO,
mysql-sl,tappx_stats_performance,ssp_perf_stats,requests_ssp_network,13,bigint,NO,
mysql-sl,tappx_stats_performance,ssp_perf_stats,requests_bidder,14,bigint,NO,
mysql-sl,tappx_stats_performance,ssp_perf_stats,deliveries_bidder,15,bigint,NO,
mysql-sl,tappx_stats_performance,ssp_perf_stats,deliveries_ssp_network,16,bigint,NO,
mysql-sl,tappx_stats_performance,ssp_perf_stats,deliveries_ssp_publisher,17,bigint,NO,
mysql-sl,tappx_stats_performance,ssp_perf_stats,impressions_ssp,18,bigint,NO,
mysql-sl,tappx_stats_performance,ssp_perf_stats,impressions_bidder,19,bigint,NO,
mysql-sl,tappx_stats_performance,ssp_perf_stats,clicks_ssp,20,bigint,NO,
mysql-sl,tappx_stats_performance,ssp_perf_stats,clicks_bidder,21,bigint,NO,
mysql-sl,tappx_stats_performance,ssp_perf_stats,conversions_bidder,22,bigint,NO,
mysql-sl,tappx_stats_performance,ssp_perf_stats,currency,23,varchar,NO,
mysql-sl,tappx_stats_performance,ssp_perf_stats,cost_bidder,24,decimal,NO,
mysql-sl,tappx_stats_performance,ssp_perf_stats,cost_ssp,25,decimal,NO,
mysql-sl,tappx_stats_performance,ssp_perf_stats,revenue_bidder,26,decimal,NO,
mysql-sl,tappx_stats_performance,ssp_perf_stats,revenue_ssp,27,decimal,NO,
mysql-sl,tappx_stats_performance,ssp_perf_stats_hours,date,1,date,NO,PRI
mysql-sl,tappx_stats_performance,ssp_perf_stats_hours,hour,2,tinyint,NO,PRI
mysql-sl,tappx_stats_performance,ssp_perf_stats_hours,id_user,3,int,NO,PRI
mysql-sl,tappx_stats_performance,ssp_perf_stats_hours,connection_type,4,varchar,NO,PRI
mysql-sl,tappx_stats_performance,ssp_perf_stats_hours,id_os,5,tinyint,NO,PRI
mysql-sl,tappx_stats_performance,ssp_perf_stats_hours,id_app,6,int,NO,PRI
mysql-sl,tappx_stats_performance,ssp_perf_stats_hours,adunit,7,varchar,NO,PRI
mysql-sl,tappx_stats_performance,ssp_perf_stats_hours,bundle,8,varchar,NO,PRI
mysql-sl,tappx_stats_performance,ssp_perf_stats_hours,country,9,varchar,NO,PRI
mysql-sl,tappx_stats_performance,ssp_perf_stats_hours,id_size,10,tinyint,NO,PRI
mysql-sl,tappx_stats_performance,ssp_perf_stats_hours,is_video,11,tinyint,NO,PRI
mysql-sl,tappx_stats_performance,ssp_perf_stats_hours,is_video_display,12,tinyint,NO,PRI
mysql-sl,tappx_stats_performance,ssp_perf_stats_hours,requests_ssp_publisher,13,bigint,NO,
mysql-sl,tappx_stats_performance,ssp_perf_stats_hours,requests_ssp_network,14,bigint,NO,
mysql-sl,tappx_stats_performance,ssp_perf_stats_hours,requests_bidder,15,bigint,NO,
mysql-sl,tappx_stats_performance,ssp_perf_stats_hours,deliveries_bidder,16,bigint,NO,
mysql-sl,tappx_stats_performance,ssp_perf_stats_hours,deliveries_ssp_network,17,bigint,NO,
mysql-sl,tappx_stats_performance,ssp_perf_stats_hours,deliveries_ssp_publisher,18,bigint,NO,
mysql-sl,tappx_stats_performance,ssp_perf_stats_hours,impressions_ssp,19,bigint,NO,
mysql-sl,tappx_stats_performance,ssp_perf_stats_hours,impressions_bidder,20,bigint,NO,
mysql-sl,tappx_stats_performance,ssp_perf_stats_hours,clicks_ssp,21,bigint,NO,
mysql-sl,tappx_stats_performance,ssp_perf_stats_hours,clicks_bidder,22,bigint,NO,
mysql-sl,tappx_stats_performance,ssp_perf_stats_hours,conversions_bidder,23,bigint,NO,
mysql-sl,tappx_stats_performance,ssp_perf_stats_hours,currency,24,varchar,NO,
mysql-sl,tappx_stats_performance,ssp_perf_stats_hours,cost_bidder,25,decimal,NO,
mysql-sl,tappx_stats_performance,ssp_perf_stats_hours,cost_ssp,26,decimal,NO,
mysql-sl,tappx_stats_performance,ssp_perf_stats_hours,revenue_bidder,27,decimal,NO,
mysql-sl,tappx_stats_performance,ssp_perf_stats_hours,revenue_ssp,28,decimal,NO,
mysql-sl,tappx_stats_performance,ssp_perf_stats_last_90_days,date,1,date,NO,
mysql-sl,tappx_stats_performance,ssp_perf_stats_last_90_days,publisher,2,varchar,YES,
mysql-sl,tappx_stats_performance,ssp_perf_stats_last_90_days,publisher_connection_type,3,varchar,NO,
mysql-sl,tappx_stats_performance,ssp_perf_stats_last_90_days,OS,4,varchar,YES,
mysql-sl,tappx_stats_performance,ssp_perf_stats_last_90_days,id_app,5,int,NO,
mysql-sl,tappx_stats_performance,ssp_perf_stats_last_90_days,adunit,6,varchar,NO,
mysql-sl,tappx_stats_performance,ssp_perf_stats_last_90_days,bundle,7,varchar,NO,
mysql-sl,tappx_stats_performance,ssp_perf_stats_last_90_days,country,8,varchar,NO,
mysql-sl,tappx_stats_performance,ssp_perf_stats_last_90_days,id_size,9,tinyint,NO,
mysql-sl,tappx_stats_performance,ssp_perf_stats_last_90_days,size,10,varchar,YES,
mysql-sl,tappx_stats_performance,ssp_perf_stats_last_90_days,ad_format,11,varchar,YES,
mysql-sl,tappx_stats_performance,ssp_perf_stats_last_90_days,is_video,12,tinyint,NO,
mysql-sl,tappx_stats_performance,ssp_perf_stats_last_90_days,is_video_display,13,tinyint,NO,
mysql-sl,tappx_stats_performance,ssp_perf_stats_last_90_days,requests_ssp_publisher,14,bigint,NO,
mysql-sl,tappx_stats_performance,ssp_perf_stats_last_90_days,requests_ssp_network,15,bigint,NO,
mysql-sl,tappx_stats_performance,ssp_perf_stats_last_90_days,requests_bidder,16,bigint,NO,
mysql-sl,tappx_stats_performance,ssp_perf_stats_last_90_days,deliveries_bidder,17,bigint,NO,
mysql-sl,tappx_stats_performance,ssp_perf_stats_last_90_days,deliveries_ssp_network,18,bigint,NO,
mysql-sl,tappx_stats_performance,ssp_perf_stats_last_90_days,deliveries_ssp_publisher,19,bigint,NO,
mysql-sl,tappx_stats_performance,ssp_perf_stats_last_90_days,impressions_ssp,20,bigint,NO,
mysql-sl,tappx_stats_performance,ssp_perf_stats_last_90_days,impressions_bidder,21,bigint,NO,
mysql-sl,tappx_stats_performance,ssp_perf_stats_last_90_days,clicks_ssp,22,bigint,NO,
mysql-sl,tappx_stats_performance,ssp_perf_stats_last_90_days,clicks_bidder,23,bigint,NO,
mysql-sl,tappx_stats_performance,ssp_perf_stats_last_90_days,conversions_bidder,24,bigint,NO,
mysql-sl,tappx_stats_performance,ssp_perf_stats_last_90_days,currency,25,varchar,NO,
mysql-sl,tappx_stats_performance,ssp_perf_stats_last_90_days,cost_bidder,26,decimal,NO,
mysql-sl,tappx_stats_performance,ssp_perf_stats_last_90_days,cost_ssp,27,decimal,NO,
mysql-sl,tappx_stats_performance,ssp_perf_stats_last_90_days,revenue_bidder,28,decimal,NO,
mysql-sl,tappx_stats_performance,ssp_perf_stats_last_90_days,revenue_ssp,29,decimal,NO,
mysql-sl,tappx_stats_performance,ssp_perf_traffic_flow,date,1,date,NO,PRI
mysql-sl,tappx_stats_performance,ssp_perf_traffic_flow,publisher,2,varchar,NO,PRI
mysql-sl,tappx_stats_performance,ssp_perf_traffic_flow,publisher_connection_type,3,varchar,NO,PRI
mysql-sl,tappx_stats_performance,ssp_perf_traffic_flow,app,4,varchar,NO,PRI
mysql-sl,tappx_stats_performance,ssp_perf_traffic_flow,adunit,5,varchar,NO,PRI
mysql-sl,tappx_stats_performance,ssp_perf_traffic_flow,bundle,6,varchar,NO,PRI
mysql-sl,tappx_stats_performance,ssp_perf_traffic_flow,OS,7,varchar,NO,PRI
mysql-sl,tappx_stats_performance,ssp_perf_traffic_flow,country,8,varchar,NO,PRI
mysql-sl,tappx_stats_performance,ssp_perf_traffic_flow,size,9,varchar,NO,PRI
mysql-sl,tappx_stats_performance,ssp_perf_traffic_flow,ad_format,10,varchar,NO,PRI
mysql-sl,tappx_stats_performance,ssp_perf_traffic_flow,source,11,varchar,NO,PRI
mysql-sl,tappx_stats_performance,ssp_perf_traffic_flow,target,12,varchar,NO,PRI
mysql-sl,tappx_stats_performance,ssp_perf_traffic_flow,value,13,bigint,NO,
mysql-sl,tappx_stats_performance,ssp_stats_requests_last_90_days,date,1,date,NO,
mysql-sl,tappx_stats_performance,ssp_stats_requests_last_90_days,id_user,2,int,NO,
mysql-sl,tappx_stats_performance,ssp_stats_requests_last_90_days,id_app,3,int,NO,
mysql-sl,tappx_stats_performance,ssp_stats_requests_last_90_days,ad_type,4,enum,NO,
mysql-sl,tappx_stats_performance,ssp_stats_requests_last_90_days,country,5,varchar,NO,
mysql-sl,tappx_stats_performance,ssp_stats_requests_last_90_days,requests,6,int,YES,
mysql-sl,tappx_stats_performance,ssp_stats_requests_last_90_days,total_requests,7,bigint,YES,
mysql-sl,tappx_stats_performance,ssp_stats_requests_last_90_days,deliveries,8,int,YES,
mysql-sl,tappx_stats_performance,ssp_stats_requests_last_90_days,impressions,9,int,YES,
mysql-sl,tappx_stats_performance,ssp_stats_requests_last_90_days,clicks,10,int,YES,
mysql-sl,tappx_stats_performance,ssp_stats_requests_last_90_days,revenue,11,decimal,YES,
mysql-sl,tappx_stats_performance,ssp_stats_requests_last_90_days,currency,12,varchar,NO,
mysql-sl,tappx_stats_performance,ssp_stats_requests_last_90_days,id_os,13,tinyint,YES,
mysql-sl,tappx_stats_performance,ssp_stats_requests_last_90_days,invoice_supply,14,varchar,YES,
mysql-sl,tappx_stats_performance,ssp_stats_requests_networks_last_10_days,date,1,date,NO,
mysql-sl,tappx_stats_performance,ssp_stats_requests_networks_last_10_days,id_network,2,int,NO,
mysql-sl,tappx_stats_performance,ssp_stats_requests_networks_last_10_days,id_space,3,varchar,NO,
mysql-sl,tappx_stats_performance,ssp_stats_requests_networks_last_10_days,bundle_hash,4,varchar,NO,
mysql-sl,tappx_stats_performance,ssp_stats_requests_networks_last_10_days,id_size,5,int,NO,
mysql-sl,tappx_stats_performance,ssp_stats_requests_networks_last_10_days,size,6,varchar,NO,
mysql-sl,tappx_stats_performance,ssp_stats_requests_networks_last_10_days,country,7,varchar,NO,
mysql-sl,tappx_stats_performance,ssp_stats_requests_networks_last_10_days,id_app,8,bigint,YES,
mysql-sl,tappx_stats_performance,ssp_stats_requests_networks_last_10_days,id_user,9,bigint,YES,
mysql-sl,tappx_stats_performance,ssp_stats_requests_networks_last_10_days,requests_uniques,10,int,NO,
mysql-sl,tappx_stats_performance,ssp_stats_requests_networks_last_10_days,requests_network,11,int,NO,
mysql-sl,tappx_stats_performance,ssp_stats_requests_networks_last_10_days,requests_tracked,12,int,NO,
mysql-sl,tappx_stats_performance,ssp_stats_requests_networks_last_10_days,received_tracked,13,int,NO,
mysql-sl,tappx_stats_performance,ssp_stats_requests_networks_last_10_days,deliveries_network,14,int,NO,
mysql-sl,tappx_stats_performance,ssp_stats_requests_networks_last_10_days,deliveries_tracked,15,int,NO,
mysql-sl,tappx_stats_performance,ssp_stats_requests_networks_last_10_days,impressions_network,16,int,NO,
mysql-sl,tappx_stats_performance,ssp_stats_requests_networks_last_10_days,impressions_tracked,17,int,NO,
mysql-sl,tappx_stats_performance,ssp_stats_requests_networks_last_10_days,clicks_network,18,int,NO,
mysql-sl,tappx_stats_performance,ssp_stats_requests_networks_last_10_days,revenue_gross_network,19,decimal,NO,
mysql-sl,tappx_stats_performance,ssp_stats_requests_networks_last_10_days,revenue_gross,20,decimal,NO,
mysql-sl,tappx_stats_performance,ssp_stats_requests_networks_last_10_days,revenue_net,21,decimal,NO,
mysql-sl,tappx_stats_performance,ssp_stats_requests_networks_last_10_days,revenue_net_currency,22,varchar,NO,
mysql-sl,tappx_stats_performance,ssp_stats_requests_networks_last_10_days,network_penalty_percentage,23,decimal,NO,
mysql-sl,tappx_stats_performance,ssp_stats_requests_networks_last_10_days,user_revenue_percentage,24,decimal,NO,
mysql-sl,tappx_stats_performance,ssp_stats_requests_networks_last_10_days,user_revenue_value,25,decimal,NO,
mysql-sl,tappx_stats_performance,ssp_stats_requests_networks_last_10_days,floor_cpm,26,float,YES,
mysql-sl,tappx_stats_performance,ssp_stats_requests_networks_last_10_days,floor_cpc,27,float,YES,
mysql-sl,tappx_stats_performance,ssp_stats_requests_networks_last_10_days,invoice_demand,28,varchar,YES,
mysql-sl,tappx_stats_performance,ssp_traffic_cost_by_app,DATE,1,date,NO,
mysql-sl,tappx_stats_performance,ssp_traffic_cost_by_app,id_user,2,int,NO,
mysql-sl,tappx_stats_performance,ssp_traffic_cost_by_app,id_app,3,int,NO,
mysql-sl,tappx_stats_performance,ssp_traffic_cost_by_app,id_os,4,tinyint,YES,
mysql-sl,tappx_stats_performance,ssp_traffic_cost_by_app,ad_type,5,enum,NO,
mysql-sl,tappx_stats_performance,ssp_traffic_cost_by_app,country,6,varchar,NO,
mysql-sl,tappx_stats_performance,ssp_traffic_cost_by_app,requests,7,bigint,YES,
mysql-sl,tappx_stats_performance,ssp_traffic_cost_by_app,deliveries,8,int,YES,
mysql-sl,tappx_stats_performance,ssp_traffic_cost_by_app,impressions,9,int,YES,
mysql-sl,tappx_stats_performance,ssp_traffic_cost_by_app,clicks,10,int,YES,
mysql-sl,tappx_stats_performance,ssp_traffic_cost_by_app,revenue,11,decimal,YES,
mysql-sl,tappx_stats_performance,ssp_traffic_cost_by_app,currency,12,varchar,NO,
mysql-sl,tappx_stats_performance,ssp_traffic_cost_by_app,app_bundle,13,varchar,YES,
mysql-sl,tappx_stats_performance,tappx_category_similarities,snapshot_date,1,date,NO,
mysql-sl,tappx_stats_performance,tappx_category_similarities,tappx_catego_publisher,2,varchar,NO,PRI
mysql-sl,tappx_stats_performance,tappx_category_similarities,tappx_catego_advertiser,3,varchar,NO,PRI
mysql-sl,tappx_stats_performance,tappx_category_similarities,similarity_score,4,decimal,NO,
mysql-sl,tappx_stats_performance,tappx_category_similarities,threshold1,5,tinyint,NO,
mysql-sl,tappx_stats_performance,VIEW_LOOKER_PERF_BIDDER_KPIS,DATE,1,date,NO,
mysql-sl,tappx_stats_performance,VIEW_LOOKER_PERF_BIDDER_KPIS,request,2,decimal,YES,
mysql-sl,tappx_stats_performance,VIEW_LOOKER_PERF_BIDDER_KPIS,deliveries,3,decimal,YES,
mysql-sl,tappx_stats_performance,VIEW_LOOKER_PERF_BIDDER_KPIS,impressions,4,decimal,YES,
mysql-sl,tappx_stats_performance,VIEW_LOOKER_PERF_BIDDER_KPIS,clicks,5,decimal,YES,
mysql-sl,tappx_stats_performance,VIEW_LOOKER_PERF_BIDDER_KPIS,installs,6,decimal,YES,
mysql-sl,tappx_stats_performance,VIEW_LOOKER_PERF_BIDDER_KPIS,payable_events,7,decimal,YES,
mysql-sl,tappx_stats_performance,VIEW_LOOKER_PERF_BIDDER_KPIS,cost,8,decimal,YES,
mysql-sl,tappx_stats_performance,VIEW_LOOKER_PERF_BIDDER_KPIS,revenue_gross,9,decimal,YES,
mysql-sl,test,sd_keys,id,1,varchar,NO,PRI
mysql-sl,test,sd_keys,k,2,varchar,YES,
mysql-sl,test,sd_keys,active,3,tinyint,YES,
mysql-sl,test,sd_keys,created,4,datetime,YES,
mysql-sl,test,sd_keys,name,5,varchar,YES,UNI
mysql-sl,test,sd_keys,token,6,varchar,YES,
mysql-sl,test,sd_posts,id,1,varchar,NO,PRI
mysql-sl,test,sd_posts,title,2,varchar,YES,MUL
mysql-sl,test,sd_posts,data,3,mediumtext,YES,
mysql-sl,test,sd_posts,accountid,4,varchar,YES,MUL
mysql-sl,test,sd_posts,created,5,datetime,YES,
mysql-sl,test,sd_posts,tags,6,varchar,YES,MUL
mysql-sl,test,sd_resources,id,1,varchar,NO,PRI
mysql-sl,test,sd_resources,type,2,varchar,YES,
mysql-sl,test,sd_resources,accountid,3,varchar,YES,
mysql-sl,test,sd_resources,tags,4,varchar,YES,MUL
mysql-sl,test,sd_resources,path,5,varchar,YES,
mysql-sl,test,sd_resources,created,6,datetime,YES,
mysql-sl,test,sd_resources,description,7,varchar,YES,MUL
mysql-sl,test,sd_resources,postid,8,varchar,YES,
mysql-sl,test,TPX_TEST,date,1,date,NO,PRI
mysql-sl,test,TPX_TEST,network_id,2,int,NO,PRI
mysql-sl,test,TPX_TEST,ad_type,3,varchar,NO,PRI
mysql-sl,test,TPX_TEST,app_id,4,int,NO,PRI
mysql-sl,test,TPX_TEST,space_id,5,varchar,NO,PRI
mysql-sl,test,TPX_TEST,result_size,6,varchar,YES,
mysql-sl,test,TPX_TEST,new_floor_size,7,decimal,YES,
mysql-sl,test,TPX_TEST,percent_fill,8,int,YES,
mysql-sl,test,TPX_TEST,user_floor,9,decimal,YES,
mysql-sl,test,TPX_TEST,deliveries,10,bigint,YES,
mysql-sl,test,TPX_TEST,requests,11,bigint,YES,
mysql-sl,test,TPX_TEST,clicks,12,bigint,YES,
mysql-sl,test,TPX_TEST,impressions,13,bigint,YES,
mysql-sl,test,TPX_TEST,earnings_user,14,decimal,YES,
mysql-sl,test,TPX_TEST,earnings_tappx,15,decimal,YES,
mysql-sl,test,TPX_TEST,earnings_gross,16,decimal,YES,
mysql-sl,test,TPX_TEST,earnings_net,17,decimal,YES,
mysql-sl,test,TPX_TEST,floor_cpm,18,decimal,YES,
mysql-sl,test,TPX_TEST,app_name,19,varchar,YES,
mysql-sl,test,TPX_TEST,error,20,varchar,YES,
mysql-sl,test,TPX_TEST,message,21,varchar,YES,
mysql-sl,test,TPX_TEST,new_floor,22,decimal,YES,
mysql-sl,test,TPX_TEST,processed,23,tinyint,YES,
bigquery,tappx_us_east4,SensorTower_Tappx_CategoryMapping,date,1,DATE,YES,
bigquery,tappx_us_east4,SensorTower_Tappx_CategoryMapping,OS,2,STRING,YES,
bigquery,tappx_us_east4,SensorTower_Tappx_CategoryMapping,ID SensorTower Category,3,STRING,YES,
bigquery,tappx_us_east4,SensorTower_Tappx_CategoryMapping,SensorTower Category,4,STRING,YES,
bigquery,tappx_us_east4,SensorTower_Tappx_CategoryMapping,Tappx Category,5,STRING,YES,
bigquery,tappx_us_east4,SensorTower_Tappx_CategoryMapping,Similarity Score,6,FLOAT64,YES,
bigquery,tappx_us_east4,SensorTower_Tappx_CategoryMapping,Thr1,7,BOOL,YES,
bigquery,tappx_us_east4,advertiser_apps,snap_date,1,DATE,YES,
bigquery,tappx_us_east4,advertiser_apps,bundle_id,2,STRING,YES,
bigquery,tappx_us_east4,advertiser_apps,name,3,STRING,YES,
bigquery,tappx_us_east4,advertiser_apps,status,4,STRING,YES,
bigquery,tappx_us_east4,advertiser_apps,device,5,STRING,YES,
bigquery,tappx_us_east4,advertiser_apps,creation_date,6,DATE,YES,
bigquery,tappx_us_east4,advertiser_apps,expiration_date,7,DATE,YES,
bigquery,tappx_us_east4,app_insights,id,1,INT64,YES,
bigquery,tappx_us_east4,app_insights,last_update,2,DATE,YES,
bigquery,tappx_us_east4,app_insights,device,3,STRING,YES,
bigquery,tappx_us_east4,app_insights,bundle_tappx,4,STRING,YES,
bigquery,tappx_us_east4,app_insights,market_title,5,STRING,YES,
bigquery,tappx_us_east4,app_insights,market_url,6,STRING,YES,
bigquery,tappx_us_east4,app_insights,market_description,7,STRING,YES,
bigquery,tappx_us_east4,app_insights,market_genre,8,STRING,YES,
bigquery,tappx_us_east4,app_insights,st_categories,9,STRING,YES,
bigquery,tappx_us_east4,app_insights,st_countries,10,STRING,YES,
bigquery,tappx_us_east4,app_insights,st_confidence,11,STRING,YES,
bigquery,tappx_us_east4,app_insights,st_demographics,12,STRING,YES,
bigquery,tappx_us_east4,app_insights,total_requests,13,INT64,YES,
bigquery,tappx_us_east4,app_insights,total_deliveries,14,INT64,YES,
bigquery,tappx_us_east4,app_insights,total_impressions,15,INT64,YES,
bigquery,tappx_us_east4,app_insights,total_revenue,16,FLOAT64,YES,
bigquery,tappx_us_east4,app_insights,categories,17,STRING,YES,
bigquery,tappx_us_east4,app_insights,age_distribution,18,STRING,YES,
bigquery,tappx_us_east4,app_insights,description,19,STRING,YES,
bigquery,tappx_us_east4,app_insights,female,20,FLOAT64,YES,
bigquery,tappx_us_east4,app_insights,male,21,FLOAT64,YES,
bigquery,tappx_us_east4,bundle-categories,bundle_offer_bidder,1,STRING,YES,
bigquery,tappx_us_east4,bundle-categories,tpx_cat_request,2,STRING,YES,
bigquery,tappx_us_east4,bundle-categories,score,3,FLOAT64,YES,
bigquery,tappx_us_east4,bundle_segments_20250116,bundle,1,STRING,YES,
bigquery,tappx_us_east4,bundle_segments_20250116,bundle_bidder,2,STRING,YES,
bigquery,tappx_us_east4,bundle_segments_20250116,id_os,3,INT64,YES,
bigquery,tappx_us_east4,bundle_segments_20250116,tappx_categories,4,STRING,YES,
bigquery,tappx_us_east4,bundle_segments_20250116,gender_distribution,5,STRING,YES,
bigquery,tappx_us_east4,bundle_segments_20250116,age_distribution,6,STRING,YES,
bigquery,tappx_us_east4,bundle_segments_20250116,st_demographics,7,STRING,YES,
bigquery,tappx_us_east4,bundle_segments_20250116,st_confidence,8,STRING,YES,
bigquery,tappx_us_east4,bundle_segments_20250116,last_update,9,DATE,YES,
bigquery,tappx_us_east4,dashboard_floor_history,date,1,TIMESTAMP,NO,
bigquery,tappx_us_east4,dashboard_floor_history,adunit,2,STRING(20),YES,
bigquery,tappx_us_east4,dashboard_floor_history,bundle,3,STRING(50),YES,
bigquery,tappx_us_east4,dashboard_floor_history,size,4,STRING(10),YES,
bigquery,tappx_us_east4,dashboard_floor_history,country,5,STRING(3),YES,
bigquery,tappx_us_east4,dashboard_floor_history,floor_price,6,FLOAT64,YES,
bigquery,tappx_us_east4,dashboard_floor_history,id_size,7,INT64,YES,
bigquery,tappx_us_east4,market_info_application_20250116,bundle,1,STRING,YES,
bigquery,tappx_us_east4,market_info_application_20250116,id_os,2,INT64,YES,
bigquery,tappx_us_east4,market_info_application_20250116,creation,3,TIMESTAMP,YES,
bigquery,tappx_us_east4,market_info_application_20250116,crawler_dl_tries,4,INT64,YES,
bigquery,tappx_us_east4,market_info_application_20250116,crawler_last_check,5,TIMESTAMP,YES,
bigquery,tappx_us_east4,market_info_application_20250116,crawler_last_ok,6,TIMESTAMP,YES,
bigquery,tappx_us_east4,market_info_application_20250116,market_url,7,STRING,YES,
bigquery,tappx_us_east4,market_info_application_20250116,market_country,8,STRING,YES,
bigquery,tappx_us_east4,market_info_application_20250116,market_app_last_update,9,DATE,YES,
bigquery,tappx_us_east4,market_info_application_20250116,market_apple_id,10,STRING,YES,
bigquery,tappx_us_east4,market_info_application_20250116,market_title,11,STRING,YES,
bigquery,tappx_us_east4,market_info_application_20250116,market_description,12,STRING,YES,
bigquery,tappx_us_east4,market_info_application_20250116,market_logo,13,STRING,YES,
bigquery,tappx_us_east4,market_info_application_20250116,market_is_free,14,INT64,YES,
bigquery,tappx_us_east4,market_info_application_20250116,market_rate,15,NUMERIC,YES,
bigquery,tappx_us_east4,market_info_application_20250116,market_category,16,STRING,YES,
bigquery,tappx_us_east4,market_info_application_20250116,market_reviews,17,INT64,YES,
bigquery,tappx_us_east4,market_info_application_20250116,market_downloads,18,INT64,YES,
bigquery,tappx_us_east4,market_info_application_20250116,market_appsize,19,NUMERIC,YES,
bigquery,tappx_us_east4,market_info_application_20250116,market_developer_marketurl,20,STRING,YES,
bigquery,tappx_us_east4,market_info_application_20250116,market_developer_website,21,STRING,YES,
bigquery,tappx_us_east4,market_info_application_20250116,market_content_rating,22,STRING,YES,
bigquery,tappx_us_east4,market_info_application_20250116,market_version_required,23,STRING,YES,
bigquery,tappx_us_east4,market_info_application_20250116,market_mail,24,STRING,YES,
bigquery,tappx_us_east4,market_info_application_20250116,bundle_hash,25,STRING,YES,
bigquery,tappx_us_east4,market_tappx_category_mapping,id_os,1,INT64,YES,
bigquery,tappx_us_east4,market_tappx_category_mapping,os,2,STRING,YES,
bigquery,tappx_us_east4,market_tappx_category_mapping,market_category,3,STRING,YES,
bigquery,tappx_us_east4,market_tappx_category_mapping,tappx_category,4,STRING,YES,
bigquery,tappx_us_east4,newly_inserted_ids,id_install,1,STRING,YES,
bigquery,tappx_us_east4,newly_inserted_ids,request_date,2,DATE,YES,
bigquery,tappx_us_east4,newly_inserted_ids,id_req_ssp,3,STRING,YES,
bigquery,tappx_us_east4,perf_bidder_telemetry,id_request,1,STRING,YES,
bigquery,tappx_us_east4,perf_bidder_telemetry,id_request_ssp,2,STRING,YES,
bigquery,tappx_us_east4,perf_bidder_telemetry,ts,3,INT64,YES,
bigquery,tappx_us_east4,perf_bidder_telemetry,raw_request,4,STRING,YES,
bigquery,tappx_us_east4,perf_bidder_telemetry,raw_response,5,STRING,YES,
bigquery,tappx_us_east4,perf_bidder_telemetry,bidder_internal_logic,6,"STRUCT<algorithm_selection STRUCT<algorithm_candidates ARRAY<STRING>, algorithm_selected STRING, algorithm_selection_method STRING, algorithm_selection_reason STRING>, algorithm_selection_logic STRUCT<mode_decision STRUCT<router_decision STRUCT<router_type STRING, mode_router_reason STRING, selector_type STRING, routing_reason STRING>, selector_decision STRUCT<mode STRING, reason STRING>>, algorithm_decision STRUCT<algorithm_selector_type STRING, algorithm_selector_reason STRING, candidate_algorithms ARRAY<STRING>, algorithm STRING, selection_reason STRING>>, algorithm_matching STRUCT<suggested_offers ARRAY<STRUCT<campaign_id STRING, score FLOAT64>>, max_score FLOAT64, bucket_assigned STRING, bucket_logic STRING>, bidding_logic STRUCT<bidding_algorithm STRING, bid_floor FLOAT64, bid_price FLOAT64>, offer_selection STRUCT<algorithm_selected STRING, offer_selected STRUCT<campaign_id STRING, offer_bundle STRING>>, request_blocker STRUCT<is_blocked BOOL, blocked_reason STRING>>",YES,
bigquery,tappx_us_east4,perf_bidder_telemetry,date,7,DATE,YES,
bigquery,tappx_us_east4,perf_bidder_telemetry_test,id_request,1,STRING,YES,
bigquery,tappx_us_east4,perf_bidder_telemetry_test,id_request_ssp,2,STRING,YES,
bigquery,tappx_us_east4,perf_bidder_telemetry_test,ts,3,INT64,YES,
bigquery,tappx_us_east4,perf_bidder_telemetry_test,raw_request,4,STRING,YES,
bigquery,tappx_us_east4,perf_bidder_telemetry_test,raw_response,5,STRING,YES,
bigquery,tappx_us_east4,perf_bidder_telemetry_test,bidder_internal_logic,6,"STRUCT<algorithm_selection STRUCT<algorithm_candidates ARRAY<STRING>, algorithm_selected STRING, algorithm_selection_method STRING, algorithm_selection_reason STRING>, algorithm_selection_logic STRUCT<mode_decision STRUCT<router_decision STRUCT<router_type STRING, mode_router_reason STRING, selector_type STRING, routing_reason STRING>, selector_decision STRUCT<mode STRING, reason STRING>>, algorithm_decision STRUCT<algorithm_selector_type STRING, algorithm_selector_reason STRING, candidate_algorithms ARRAY<STRING>, algorithm STRING, selection_reason STRING>>, algorithm_matching STRUCT<suggested_offers ARRAY<STRUCT<campaign_id STRING, score FLOAT64>>, max_score FLOAT64, bucket_assigned STRING, bucket_logic STRING>, bidding_logic STRUCT<bidding_algorithm STRING, bid_floor FLOAT64, bid_price FLOAT64>, offer_selection STRUCT<algorithm_selected STRING, offer_selected STRUCT<campaign_id STRING, offer_bundle STRING>>, request_blocker STRUCT<is_blocked BOOL, blocked_reason STRING>>",YES,
bigquery,tappx_us_east4,perf_bidder_telemetry_test,date,7,DATE,YES,
bigquery,tappx_us_east4,perf_conversions,id_conversion,1,STRING,YES,
bigquery,tappx_us_east4,perf_conversions,id_offer,2,INT64,YES,
bigquery,tappx_us_east4,perf_conversions,device_id,3,STRING,YES,
bigquery,tappx_us_east4,perf_conversions,ts_request,4,TIMESTAMP,YES,
bigquery,tappx_us_east4,perf_conversions,ts_click,5,TIMESTAMP,YES,
bigquery,tappx_us_east4,perf_conversions,ts_conversion,6,TIMESTAMP,YES,
bigquery,tappx_us_east4,perf_conversions,adunit,7,STRING,YES,
bigquery,tappx_us_east4,perf_conversions,banner_size,8,STRING,YES,
bigquery,tappx_us_east4,perf_conversions,bundle_request,9,STRING,YES,
bigquery,tappx_us_east4,perf_conversions,bundle_offer,10,STRING,YES,
bigquery,tappx_us_east4,perf_conversions,id_network,11,INT64,YES,
bigquery,tappx_us_east4,perf_conversions,country,12,STRING,YES,
bigquery,tappx_us_east4,perf_conversions,goal,13,STRING,YES,
bigquery,tappx_us_east4,perf_conversions,os,14,STRING,YES,
bigquery,tappx_us_east4,perf_conversions,ip,15,STRING,YES,
bigquery,tappx_us_east4,perf_conversions,ua,16,STRING,YES,
bigquery,tappx_us_east4,perf_impressions,id_req,1,INT64,YES,
bigquery,tappx_us_east4,perf_impressions,ts_impression,2,TIMESTAMP,YES,
bigquery,tappx_us_east4,perf_impressions,ts_request,3,TIMESTAMP,YES,
bigquery,tappx_us_east4,perf_impressions,ip_request,4,STRING,YES,
bigquery,tappx_us_east4,perf_impressions,endpoint,5,STRING,YES,
bigquery,tappx_us_east4,perf_impressions,source,6,STRING,YES,
bigquery,tappx_us_east4,perf_impressions,country,7,STRING,YES,
bigquery,tappx_us_east4,perf_impressions,id_network,8,INT64,YES,
bigquery,tappx_us_east4,perf_impressions,id_os,9,INT64,YES,
bigquery,tappx_us_east4,perf_impressions,platform,10,STRING,YES,
bigquery,tappx_us_east4,perf_impressions,device_id,11,STRING,YES,
bigquery,tappx_us_east4,perf_impressions,user_agent,12,STRING,YES,
bigquery,tappx_us_east4,perf_impressions,id_offer,13,INT64,YES,
bigquery,tappx_us_east4,perf_impressions,offer_revenue,14,NUMERIC,YES,
bigquery,tappx_us_east4,perf_impressions,offer_revenue_type,15,STRING,YES,
bigquery,tappx_us_east4,perf_impressions,offer_goal,16,NUMERIC,YES,
bigquery,tappx_us_east4,perf_impressions,offer_goal_type,17,STRING,YES,
bigquery,tappx_us_east4,perf_impressions,offer_value,18,NUMERIC,YES,
bigquery,tappx_us_east4,perf_impressions,adunit,19,STRING,YES,
bigquery,tappx_us_east4,perf_impressions,count,20,INT64,YES,
bigquery,tappx_us_east4,perf_impressions,cpm_value,21,NUMERIC,YES,
bigquery,tappx_us_east4,perf_impressions,cpm_paid,22,NUMERIC,YES,
bigquery,tappx_us_east4,perf_impressions,cpm_type,23,STRING,YES,
bigquery,tappx_us_east4,perf_installs,id_install,1,STRING,YES,
bigquery,tappx_us_east4,perf_installs,ts_request,2,TIMESTAMP,YES,
bigquery,tappx_us_east4,perf_installs,ts_click,3,TIMESTAMP,YES,
bigquery,tappx_us_east4,perf_installs,ts_install,4,TIMESTAMP,YES,
bigquery,tappx_us_east4,perf_installs,adunit,5,STRING,YES,
bigquery,tappx_us_east4,perf_installs,banner_size,6,STRING,YES,
bigquery,tappx_us_east4,perf_installs,bundle_request,7,STRING,YES,
bigquery,tappx_us_east4,perf_installs,bundle_offer,8,STRING,YES,
bigquery,tappx_us_east4,perf_installs,id_offer,9,INT64,YES,
bigquery,tappx_us_east4,perf_installs,id_network,10,INT64,YES,
bigquery,tappx_us_east4,perf_installs,country,11,STRING,YES,
bigquery,tappx_us_east4,perf_installs,city,12,STRING,YES,
bigquery,tappx_us_east4,perf_installs,offer_revenue,13,FLOAT64,YES,
bigquery,tappx_us_east4,perf_installs,offer_revenue_type,14,STRING,YES,
bigquery,tappx_us_east4,perf_installs,offer_goal,15,FLOAT64,YES,
bigquery,tappx_us_east4,perf_installs,offer_goal_type,16,STRING,YES,
bigquery,tappx_us_east4,perf_installs,currency,17,STRING,YES,
bigquery,tappx_us_east4,perf_installs,device_id,18,STRING,YES,
bigquery,tappx_us_east4,perf_installs,endpoint,19,STRING,YES,
bigquery,tappx_us_east4,perf_installs,source,20,STRING,YES,
bigquery,tappx_us_east4,perf_installs,perf_source,21,STRING,YES,
bigquery,tappx_us_east4,perf_installs,ip,22,STRING,YES,
bigquery,tappx_us_east4,perf_installs,id_request,23,INT64,YES,
bigquery,tappx_us_east4,perf_installs,id_click,24,STRING,YES,
bigquery,tappx_us_east4,perf_installs,os,25,STRING,YES,
bigquery,tappx_us_east4,perf_installs,os_id,26,INT64,YES,
bigquery,tappx_us_east4,perf_installs,os_version,27,STRING,YES,
bigquery,tappx_us_east4,perf_installs,vta,28,STRING,YES,
bigquery,tappx_us_east4,perf_installs,ua,29,STRING,YES,
bigquery,tappx_us_east4,perf_installs,video,30,STRING,YES,
bigquery,tappx_us_east4,perf_installs,video_type,31,STRING,YES,
bigquery,tappx_us_east4,perf_installs,algo_incoming_traffic,32,STRING,YES,
bigquery,tappx_us_east4,perf_installs,algo_tag_reqs,33,STRING,YES,
bigquery,tappx_us_east4,perf_installs,algo_sprinkler,34,STRING,YES,
bigquery,tappx_us_east4,perf_installs,algo_offer_selection,35,STRING,YES,
bigquery,tappx_us_east4,perf_installs,sdk,36,STRING,YES,
bigquery,tappx_us_east4,perf_installs,sdk_version,37,STRING,YES,
bigquery,tappx_us_east4,perf_installs,id_req_ssp,38,STRING,YES,
bigquery,tappx_us_east4,perf_installs_last30days,id_install,1,STRING,YES,
bigquery,tappx_us_east4,perf_installs_last30days,ts_request,2,TIMESTAMP,YES,
bigquery,tappx_us_east4,perf_installs_last30days,ts_click,3,TIMESTAMP,YES,
bigquery,tappx_us_east4,perf_installs_last30days,ts_install,4,TIMESTAMP,YES,
bigquery,tappx_us_east4,perf_installs_last30days,adunit,5,STRING,YES,
bigquery,tappx_us_east4,perf_installs_last30days,banner_size,6,STRING,YES,
bigquery,tappx_us_east4,perf_installs_last30days,bundle_request,7,STRING,YES,
bigquery,tappx_us_east4,perf_installs_last30days,bundle_offer,8,STRING,YES,
bigquery,tappx_us_east4,perf_installs_last30days,id_offer,9,INT64,YES,
bigquery,tappx_us_east4,perf_installs_last30days,id_network,10,INT64,YES,
bigquery,tappx_us_east4,perf_installs_last30days,country,11,STRING,YES,
bigquery,tappx_us_east4,perf_installs_last30days,city,12,STRING,YES,
bigquery,tappx_us_east4,perf_installs_last30days,offer_revenue,13,FLOAT64,YES,
bigquery,tappx_us_east4,perf_installs_last30days,offer_revenue_type,14,STRING,YES,
bigquery,tappx_us_east4,perf_installs_last30days,offer_goal,15,FLOAT64,YES,
bigquery,tappx_us_east4,perf_installs_last30days,offer_goal_type,16,STRING,YES,
bigquery,tappx_us_east4,perf_installs_last30days,currency,17,STRING,YES,
bigquery,tappx_us_east4,perf_installs_last30days,device_id,18,STRING,YES,
bigquery,tappx_us_east4,perf_installs_last30days,endpoint,19,STRING,YES,
bigquery,tappx_us_east4,perf_installs_last30days,source,20,STRING,YES,
bigquery,tappx_us_east4,perf_installs_last30days,perf_source,21,STRING,YES,
bigquery,tappx_us_east4,perf_installs_last30days,ip,22,STRING,YES,
bigquery,tappx_us_east4,perf_installs_last30days,id_request,23,INT64,YES,
bigquery,tappx_us_east4,perf_installs_last30days,id_click,24,STRING,YES,
bigquery,tappx_us_east4,perf_installs_last30days,os,25,STRING,YES,
bigquery,tappx_us_east4,perf_installs_last30days,os_id,26,INT64,YES,
bigquery,tappx_us_east4,perf_installs_last30days,os_version,27,STRING,YES,
bigquery,tappx_us_east4,perf_installs_last30days,vta,28,STRING,YES,
bigquery,tappx_us_east4,perf_installs_last30days,ua,29,STRING,YES,
bigquery,tappx_us_east4,perf_installs_last30days,video,30,STRING,YES,
bigquery,tappx_us_east4,perf_installs_last30days,video_type,31,STRING,YES,
bigquery,tappx_us_east4,perf_installs_last30days,algo_incoming_traffic,32,STRING,YES,
bigquery,tappx_us_east4,perf_installs_last30days,algo_tag_reqs,33,STRING,YES,
bigquery,tappx_us_east4,perf_installs_last30days,algo_sprinkler,34,STRING,YES,
bigquery,tappx_us_east4,perf_installs_last30days,algo_offer_selection,35,STRING,YES,
bigquery,tappx_us_east4,perf_installs_last30days,sdk,36,STRING,YES,
bigquery,tappx_us_east4,perf_installs_last30days,sdk_version,37,STRING,YES,
bigquery,tappx_us_east4,perf_installs_last30days,id_req_ssp,38,STRING,YES,
bigquery,tappx_us_east4,publisher_apps,snap_date,1,DATE,YES,
bigquery,tappx_us_east4,publisher_apps,bundle_id,2,STRING,YES,
bigquery,tappx_us_east4,publisher_apps,name,3,STRING,YES,
bigquery,tappx_us_east4,publisher_apps,status,4,STRING,YES,
bigquery,tappx_us_east4,publisher_apps,device,5,STRING,YES,
bigquery,tappx_us_east4,publisher_apps,publisher_id,6,INT64,YES,
bigquery,tappx_us_east4,sizes,id_size,1,INT64,YES,
bigquery,tappx_us_east4,sizes,size,2,STRING,YES,
bigquery,tappx_us_east4,sizes,description,3,STRING,YES,
bigquery,tappx_us_east4,sizes,family,4,STRING,YES,
bigquery,tappx_us_east4,sizes,type,5,STRING,YES,
bigquery,tappx_us_east4,sizes,orientation,6,STRING,YES,
bigquery,tappx_us_east4,sizes,monetization,7,BOOL,YES,
bigquery,tappx_us_east4,sizes,cross_promotion,8,BOOL,YES,
bigquery,tappx_us_east4,sizes,performance,9,BOOL,YES,
bigquery,tappx_us_east4,sizes,ts_update,10,TIMESTAMP,YES,
bigquery,tappx_us_east4,ssp_deliveries,ts,1,INT64,NO,
bigquery,tappx_us_east4,ssp_deliveries,id_req,2,INT64,NO,
bigquery,tappx_us_east4,ssp_deliveries,country,3,STRING,NO,
bigquery,tappx_us_east4,ssp_deliveries,device_id,4,STRING,YES,
bigquery,tappx_us_east4,ssp_deliveries,bundle,5,STRING,NO,
bigquery,tappx_us_east4,ssp_deliveries,bundle_numerico,6,INT64,YES,
bigquery,tappx_us_east4,ssp_deliveries,channel,7,STRING,YES,
bigquery,tappx_us_east4,ssp_deliveries,id_os,8,INT64,NO,
bigquery,tappx_us_east4,ssp_deliveries,inventory_type,9,STRING,NO,
bigquery,tappx_us_east4,ssp_deliveries,ad_size,10,STRING,NO,
bigquery,tappx_us_east4,ssp_deliveries,id_size,11,INT64,NO,
bigquery,tappx_us_east4,ssp_deliveries,datacenter,12,STRING,NO,
bigquery,tappx_us_east4,ssp_deliveries,canary,13,BOOL,NO,
bigquery,tappx_us_east4,ssp_deliveries,id_user,14,INT64,NO,
bigquery,tappx_us_east4,ssp_deliveries,id_app,15,INT64,NO,
bigquery,tappx_us_east4,ssp_deliveries,adunit,16,STRING,NO,
bigquery,tappx_us_east4,ssp_deliveries,endpoint,17,STRING,NO,
bigquery,tappx_us_east4,ssp_deliveries,endpoint_type,18,STRING,NO,
bigquery,tappx_us_east4,ssp_deliveries,mediation_connection,19,STRING,NO,
bigquery,tappx_us_east4,ssp_deliveries,bytes_request,20,INT64,YES,
bigquery,tappx_us_east4,ssp_deliveries,bytes_ad,21,INT64,YES,
bigquery,tappx_us_east4,ssp_deliveries,count,22,INT64,NO,
bigquery,tappx_us_east4,ssp_deliveries,subid_request,23,INT64,YES,
bigquery,tappx_us_east4,ssp_deliveries,ts_request,24,INT64,NO,
bigquery,tappx_us_east4,ssp_deliveries,network_id,25,INT64,NO,
bigquery,tappx_us_east4,ssp_deliveries,network_name,26,STRING,NO,
bigquery,tappx_us_east4,ssp_deliveries,network_key,27,STRING,NO,
bigquery,tappx_us_east4,ssp_deliveries,status_code,28,INT64,NO,
bigquery,tappx_us_east4,ssp_deliveries,elapsed_time_network,29,INT64,NO,
bigquery,tappx_us_east4,ssp_deliveries,elapsed_time_global,30,INT64,YES,
bigquery,tappx_us_east4,ssp_deliveries,from_cache,31,BOOL,NO,
bigquery,tappx_us_east4,ssp_deliveries,json_data,32,STRING,YES,
bigquery,tappx_us_east4,ssp_deliveries,json_prices,33,STRING,YES,
bigquery,tappx_us_east4,ssp_deliveries,json_qa,34,STRING,YES,
bigquery,tappx_us_east4,ssp_deliveries,json_cache,35,STRING,YES,
bigquery,tappx_us_east4,ssp_deliveries,date,36,DATE,YES,
bigquery,tappx_us_east4,ssp_dmn_requests,ts,1,INT64,YES,
bigquery,tappx_us_east4,ssp_dmn_requests,id_req,2,INT64,YES,
bigquery,tappx_us_east4,ssp_dmn_requests,country,3,STRING,YES,
bigquery,tappx_us_east4,ssp_dmn_requests,device_id,4,STRING,YES,
bigquery,tappx_us_east4,ssp_dmn_requests,bundle,5,STRING,YES,
bigquery,tappx_us_east4,ssp_dmn_requests,bundle_numerico,6,INT64,YES,
bigquery,tappx_us_east4,ssp_dmn_requests,channel,7,STRING,YES,
bigquery,tappx_us_east4,ssp_dmn_requests,id_os,8,INT64,YES,
bigquery,tappx_us_east4,ssp_dmn_requests,inventory_type,9,STRING,YES,
bigquery,tappx_us_east4,ssp_dmn_requests,ad_size,10,STRING,YES,
bigquery,tappx_us_east4,ssp_dmn_requests,id_size,11,INT64,YES,
bigquery,tappx_us_east4,ssp_dmn_requests,datacenter,12,STRING,YES,
bigquery,tappx_us_east4,ssp_dmn_requests,canary,13,BOOL,YES,
bigquery,tappx_us_east4,ssp_dmn_requests,id_user,14,INT64,YES,
bigquery,tappx_us_east4,ssp_dmn_requests,id_app,15,INT64,YES,
bigquery,tappx_us_east4,ssp_dmn_requests,adunit,16,STRING,YES,
bigquery,tappx_us_east4,ssp_dmn_requests,endpoint,17,STRING,YES,
bigquery,tappx_us_east4,ssp_dmn_requests,endpoint_type,18,STRING,YES,
bigquery,tappx_us_east4,ssp_dmn_requests,mediation_connection,19,STRING,YES,
bigquery,tappx_us_east4,ssp_dmn_requests,bytes_request,20,INT64,YES,
bigquery,tappx_us_east4,ssp_dmn_requests,bytes_ad,21,INT64,YES,
bigquery,tappx_us_east4,ssp_dmn_requests,json_data,22,STRING,YES,
bigquery,tappx_us_east4,ssp_dmn_requests,json_prices,23,STRING,YES,
bigquery,tappx_us_east4,ssp_dmn_requests,count,24,INT64,YES,
bigquery,tappx_us_east4,ssp_dmn_requests,ts_request,25,INT64,YES,
bigquery,tappx_us_east4,ssp_dmn_requests,network_id,26,INT64,YES,
bigquery,tappx_us_east4,ssp_dmn_requests,network_name,27,STRING,YES,
bigquery,tappx_us_east4,ssp_dmn_requests,network_key,28,STRING,YES,
bigquery,tappx_us_east4,ssp_dmn_requests,status_code,29,INT64,YES,
bigquery,tappx_us_east4,ssp_dmn_requests,date,30,DATE,YES,
bigquery,tappx_us_east4,ssp_impressions,date,1,DATE,YES,
bigquery,tappx_us_east4,ssp_impressions,network_id,2,INT64,YES,
bigquery,tappx_us_east4,ssp_impressions,user_id,3,INT64,YES,
bigquery,tappx_us_east4,ssp_impressions,inventory_type,4,STRING,YES,
bigquery,tappx_us_east4,ssp_impressions,price_network_response_net,5,FLOAT64,YES,
bigquery,tappx_us_east4,ssp_impressions,ts_delivery_ad,6,INT64,YES,
bigquery,tappx_us_east4,ssp_impressions,json_prices,7,STRING,YES,
bigquery,tappx_us_east4,ssp_impressions,price_publisher_response,8,FLOAT64,YES,
bigquery,tappx_us_east4,ssp_impressions,json_extra,9,STRING,YES,
bigquery,tappx_us_east4,ssp_impressions,endpoint_type,10,STRING,YES,
bigquery,tappx_us_east4,ssp_impressions,country,11,STRING,YES,
bigquery,tappx_us_east4,ssp_impressions,mediation_connection,12,STRING,YES,
bigquery,tappx_us_east4,ssp_impressions,adunit,13,STRING,YES,
bigquery,tappx_us_east4,ssp_impressions,bundle,14,STRING,YES,
bigquery,tappx_us_east4,ssp_impressions,ttl_tappx,15,INT64,YES,
bigquery,tappx_us_east4,ssp_impressions,id_os,16,INT64,YES,
bigquery,tappx_us_east4,ssp_impressions,json_device,17,STRING,YES,
bigquery,tappx_us_east4,ssp_impressions,network_name,18,STRING,YES,
bigquery,tappx_us_east4,ssp_impressions,id_size,19,INT64,YES,
bigquery,tappx_us_east4,ssp_impressions,message_error,20,STRING,YES,
bigquery,tappx_us_east4,ssp_impressions,network_key,21,STRING,YES,
bigquery,tappx_us_east4,ssp_impressions,json_qa,22,STRING,YES,
bigquery,tappx_us_east4,ssp_impressions,ts_request,23,INT64,YES,
bigquery,tappx_us_east4,ssp_impressions,ad_size,24,STRING,YES,
bigquery,tappx_us_east4,ssp_impressions,json_data,25,STRING,YES,
bigquery,tappx_us_east4,ssp_impressions,ad_format,26,STRING,YES,
bigquery,tappx_us_east4,ssp_impressions,json_cache,27,STRING,YES,
bigquery,tappx_us_east4,ssp_impressions,canary,28,BOOL,YES,
bigquery,tappx_us_east4,ssp_impressions,ip,29,STRING,YES,
bigquery,tappx_us_east4,ssp_impressions,datacenter,30,STRING,YES,
bigquery,tappx_us_east4,ssp_impressions,ttl,31,INT64,YES,
bigquery,tappx_us_east4,ssp_impressions,domain_pixel,32,STRING,YES,
bigquery,tappx_us_east4,ssp_impressions,ua_impression,33,STRING,YES,
bigquery,tappx_us_east4,ssp_impressions,ipv6,34,STRING,YES,
bigquery,tappx_us_east4,ssp_impressions,id_request,35,INT64,YES,
bigquery,tappx_us_east4,ssp_impressions,ua_request,36,STRING,YES,
bigquery,tappx_us_east4,ssp_impressions,ad_markup,37,STRING,YES,
bigquery,tappx_us_east4,ssp_impressions,bundle_impression,38,STRING,YES,
bigquery,tappx_us_east4,ssp_impressions,ip_impression,39,STRING,YES,
bigquery,tappx_us_east4,ssp_impressions,price_network_response_gross,40,FLOAT64,YES,
bigquery,tappx_us_east4,ssp_impressions,hostname,41,STRING,YES,
bigquery,tappx_us_east4,ssp_impressions,referer,42,STRING,YES,
bigquery,tappx_us_east4,ssp_impressions,endpoint,43,STRING,YES,
bigquery,tappx_us_east4,ssp_impressions,track_type,44,STRING,YES,
bigquery,tappx_us_east4,ssp_impressions,ts_impression,45,INT64,YES,
bigquery,tappx_us_east4,ssp_impressions,id_app,46,INT64,YES,
bigquery,tappx_us_east4,ssp_networks_20240830,ad_format,1,STRING,YES,
bigquery,tappx_us_east4,ssp_networks_20240830,blocked,2,STRING,YES,
bigquery,tappx_us_east4,ssp_networks_20240830,type,3,STRING,YES,
bigquery,tappx_us_east4,ssp_networks_20240830,description,4,STRING,YES,
bigquery,tappx_us_east4,ssp_networks_20240830,name,5,STRING,YES,
bigquery,tappx_us_east4,ssp_networks_20240830,traffic_source,6,STRING,YES,
bigquery,tappx_us_east4,ssp_networks_20240830,id_network,7,INT64,YES,
bigquery,tappx_us_east4,ssp_pub_deliveries,date,1,DATE,YES,
bigquery,tappx_us_east4,ssp_pub_deliveries,id_req,2,INT64,YES,
bigquery,tappx_us_east4,ssp_pub_deliveries,ts_request,3,INT64,YES,
bigquery,tappx_us_east4,ssp_pub_deliveries,ad_size,4,STRING,YES,
bigquery,tappx_us_east4,ssp_pub_deliveries,from_cache,5,BOOL,YES,
bigquery,tappx_us_east4,ssp_pub_deliveries,inventory_type,6,STRING,YES,
bigquery,tappx_us_east4,ssp_pub_deliveries,country,7,STRING,YES,
bigquery,tappx_us_east4,ssp_pub_deliveries,network_key,8,STRING,YES,
bigquery,tappx_us_east4,ssp_pub_deliveries,id_os,9,INT64,YES,
bigquery,tappx_us_east4,ssp_pub_deliveries,json_cache,10,STRING,YES,
bigquery,tappx_us_east4,ssp_pub_deliveries,device_id,11,STRING,YES,
bigquery,tappx_us_east4,ssp_pub_deliveries,datacenter,12,STRING,YES,
bigquery,tappx_us_east4,ssp_pub_deliveries,canary,13,BOOL,YES,
bigquery,tappx_us_east4,ssp_pub_deliveries,endpoint,14,STRING,YES,
bigquery,tappx_us_east4,ssp_pub_deliveries,bundle,15,STRING,YES,
bigquery,tappx_us_east4,ssp_pub_deliveries,elapsed_time_network,16,INT64,YES,
bigquery,tappx_us_east4,ssp_pub_deliveries,id_size,17,INT64,YES,
bigquery,tappx_us_east4,ssp_pub_deliveries,mediation_connection,18,STRING,YES,
bigquery,tappx_us_east4,ssp_pub_deliveries,json_qa,19,STRING,YES,
bigquery,tappx_us_east4,ssp_pub_deliveries,id_user,20,INT64,YES,
bigquery,tappx_us_east4,ssp_pub_deliveries,bytes_ad,21,INT64,YES,
bigquery,tappx_us_east4,ssp_pub_deliveries,json_prices,22,STRING,YES,
bigquery,tappx_us_east4,ssp_pub_deliveries,network_id,23,INT64,YES,
bigquery,tappx_us_east4,ssp_pub_deliveries,id_app,24,INT64,YES,
bigquery,tappx_us_east4,ssp_pub_deliveries,ts,25,INT64,YES,
bigquery,tappx_us_east4,ssp_pub_deliveries,adunit,26,STRING,YES,
bigquery,tappx_us_east4,ssp_pub_deliveries,elapsed_time_global,27,INT64,YES,
bigquery,tappx_us_east4,ssp_pub_deliveries,network_name,28,STRING,YES,
bigquery,tappx_us_east4,ssp_pub_deliveries,status_code,29,INT64,YES,
bigquery,tappx_us_east4,ssp_pub_deliveries,json_data,30,STRING,YES,
bigquery,tappx_us_east4,ssp_pub_deliveries,count,31,INT64,YES,
bigquery,tappx_us_east4,ssp_pub_deliveries,endpoint_type,32,STRING,YES,
bigquery,tappx_us_east4,ssp_pub_deliveries_sample,date,1,DATE,YES,
bigquery,tappx_us_east4,ssp_pub_deliveries_sample,id_req,2,INT64,YES,
bigquery,tappx_us_east4,ssp_pub_deliveries_sample,ts_request,3,INT64,YES,
bigquery,tappx_us_east4,ssp_pub_deliveries_sample,ad_size,4,STRING,YES,
bigquery,tappx_us_east4,ssp_pub_deliveries_sample,from_cache,5,BOOL,YES,
bigquery,tappx_us_east4,ssp_pub_deliveries_sample,inventory_type,6,STRING,YES,
bigquery,tappx_us_east4,ssp_pub_deliveries_sample,country,7,STRING,YES,
bigquery,tappx_us_east4,ssp_pub_deliveries_sample,network_key,8,STRING,YES,
bigquery,tappx_us_east4,ssp_pub_deliveries_sample,id_os,9,INT64,YES,
bigquery,tappx_us_east4,ssp_pub_deliveries_sample,json_cache,10,STRING,YES,
bigquery,tappx_us_east4,ssp_pub_deliveries_sample,device_id,11,STRING,YES,
bigquery,tappx_us_east4,ssp_pub_deliveries_sample,datacenter,12,STRING,YES,
bigquery,tappx_us_east4,ssp_pub_deliveries_sample,canary,13,BOOL,YES,
bigquery,tappx_us_east4,ssp_pub_deliveries_sample,endpoint,14,STRING,YES,
bigquery,tappx_us_east4,ssp_pub_deliveries_sample,bundle,15,STRING,YES,
bigquery,tappx_us_east4,ssp_pub_deliveries_sample,elapsed_time_network,16,INT64,YES,
bigquery,tappx_us_east4,ssp_pub_deliveries_sample,id_size,17,INT64,YES,
bigquery,tappx_us_east4,ssp_pub_deliveries_sample,mediation_connection,18,STRING,YES,
bigquery,tappx_us_east4,ssp_pub_deliveries_sample,json_qa,19,STRING,YES,
bigquery,tappx_us_east4,ssp_pub_deliveries_sample,id_user,20,INT64,YES,
bigquery,tappx_us_east4,ssp_pub_deliveries_sample,json_prices,21,STRING,YES,
bigquery,tappx_us_east4,ssp_pub_deliveries_sample,network_id,22,INT64,YES,
bigquery,tappx_us_east4,ssp_pub_deliveries_sample,id_app,23,INT64,YES,
bigquery,tappx_us_east4,ssp_pub_deliveries_sample,ts,24,INT64,YES,
bigquery,tappx_us_east4,ssp_pub_deliveries_sample,adunit,25,STRING,YES,
bigquery,tappx_us_east4,ssp_pub_deliveries_sample,elapsed_time_global,26,INT64,YES,
bigquery,tappx_us_east4,ssp_pub_deliveries_sample,network_name,27,STRING,YES,
bigquery,tappx_us_east4,ssp_pub_deliveries_sample,status_code,28,INT64,YES,
bigquery,tappx_us_east4,ssp_pub_deliveries_sample,json_data,29,STRING,YES,
bigquery,tappx_us_east4,ssp_pub_deliveries_sample,count,30,INT64,YES,
bigquery,tappx_us_east4,ssp_pub_deliveries_sample,endpoint_type,31,STRING,YES,
bigquery,tappx_us_east4,ssp_pub_requests,date,1,DATE,YES,
bigquery,tappx_us_east4,ssp_pub_requests,ad_size,2,STRING,YES,
bigquery,tappx_us_east4,ssp_pub_requests,ts_request,3,INT64,YES,
bigquery,tappx_us_east4,ssp_pub_requests,canary,4,BOOL,YES,
bigquery,tappx_us_east4,ssp_pub_requests,bytes_ad,5,INT64,YES,
bigquery,tappx_us_east4,ssp_pub_requests,mediation_connection,6,STRING,YES,
bigquery,tappx_us_east4,ssp_pub_requests,ts,7,INT64,YES,
bigquery,tappx_us_east4,ssp_pub_requests,id_app,8,INT64,YES,
bigquery,tappx_us_east4,ssp_pub_requests,id_size,9,INT64,YES,
bigquery,tappx_us_east4,ssp_pub_requests,adunit,10,STRING,YES,
bigquery,tappx_us_east4,ssp_pub_requests,status_code,11,INT64,YES,
bigquery,tappx_us_east4,ssp_pub_requests,endpoint,12,STRING,YES,
bigquery,tappx_us_east4,ssp_pub_requests,id_req,13,INT64,YES,
bigquery,tappx_us_east4,ssp_pub_requests,id_user,14,INT64,YES,
bigquery,tappx_us_east4,ssp_pub_requests,inventory_type,15,STRING,YES,
bigquery,tappx_us_east4,ssp_pub_requests,datacenter,16,STRING,YES,
bigquery,tappx_us_east4,ssp_pub_requests,device_id,17,STRING,YES,
bigquery,tappx_us_east4,ssp_pub_requests,count,18,INT64,YES,
bigquery,tappx_us_east4,ssp_pub_requests,id_os,19,INT64,YES,
bigquery,tappx_us_east4,ssp_pub_requests,bundle,20,STRING,YES,
bigquery,tappx_us_east4,ssp_pub_requests,endpoint_type,21,STRING,YES,
bigquery,tappx_us_east4,ssp_pub_requests,country,22,STRING,YES,
bigquery,tappx_us_east4,ssp_pub_requests,json_prices,23,STRING,YES,
bigquery,tappx_us_east4,ssp_pub_requests,json_data,24,STRING,YES,
bigquery,tappx_us_east4,ssp_pub_requests_raw,id_req,1,INT64,NO,
bigquery,tappx_us_east4,ssp_pub_requests_raw,ts_request,2,INT64,NO,
bigquery,tappx_us_east4,ssp_pub_requests_raw,id_user,3,INT64,NO,
bigquery,tappx_us_east4,ssp_pub_requests_raw,endpoint,4,STRING,NO,
bigquery,tappx_us_east4,ssp_pub_requests_raw,bundle,5,STRING,NO,
bigquery,tappx_us_east4,ssp_pub_requests_raw,adunit,6,STRING,NO,
bigquery,tappx_us_east4,ssp_pub_requests_raw,ad_size,7,STRING,NO,
bigquery,tappx_us_east4,ssp_pub_requests_raw,country,8,STRING,NO,
bigquery,tappx_us_east4,ssp_pub_requests_raw,datacenter,9,STRING,NO,
bigquery,tappx_us_east4,ssp_pub_requests_raw,json_data,10,STRING,YES,
bigquery,tappx_us_east4,ssp_pub_requests_raw,date,11,DATE,YES,
bigquery,tappx_us_east4,ssp_pub_requests_raw_sample,id_req,1,INT64,YES,
bigquery,tappx_us_east4,ssp_pub_requests_raw_sample,ts_request,2,INT64,YES,
bigquery,tappx_us_east4,ssp_pub_requests_raw_sample,id_user,3,INT64,YES,
bigquery,tappx_us_east4,ssp_pub_requests_raw_sample,endpoint,4,STRING,YES,
bigquery,tappx_us_east4,ssp_pub_requests_raw_sample,bundle,5,STRING,YES,
bigquery,tappx_us_east4,ssp_pub_requests_raw_sample,adunit,6,STRING,YES,
bigquery,tappx_us_east4,ssp_pub_requests_raw_sample,ad_size,7,STRING,YES,
bigquery,tappx_us_east4,ssp_pub_requests_raw_sample,country,8,STRING,YES,
bigquery,tappx_us_east4,ssp_pub_requests_raw_sample,datacenter,9,STRING,YES,
bigquery,tappx_us_east4,ssp_pub_requests_raw_sample,json_data,10,STRING,YES,
bigquery,tappx_us_east4,ssp_pub_requests_raw_sample,date,11,DATE,YES,
bigquery,tappx_us_east4,ssp_pub_requests_raw_sample,inventory_type,12,STRING,YES,
bigquery,tappx_us_east4,ssp_requests_raw,netId,1,STRING,YES,
bigquery,tappx_us_east4,ssp_requests_raw,bundle,2,STRING,YES,
bigquery,tappx_us_east4,ssp_requests_raw,rqTs,3,INT64,YES,
bigquery,tappx_us_east4,ssp_requests_raw,rqNetTs,4,INT64,YES,
bigquery,tappx_us_east4,ssp_requests_raw,rqId,5,INT64,YES,
bigquery,tappx_us_east4,ssp_requests_raw,country,6,STRING,YES,
bigquery,tappx_us_east4,ssp_requests_raw,rqData,7,STRING,YES,
bigquery,tappx_us_east4,ssp_requests_raw,response,8,BOOL,YES,
bigquery,tappx_us_east4,ssp_requests_raw,pbUid,9,INT64,YES,
bigquery,tappx_us_east4,ssp_requests_raw,rqNetId,10,STRING,YES,
bigquery,tappx_us_east4,ssp_requests_raw,evVer,11,INT64,YES,
bigquery,tappx_us_east4,ssp_requests_raw,net,12,STRING,YES,
bigquery,tappx_us_east4,ssp_requests_raw,rqDate,13,DATE,YES,
bigquery,tappx_us_east4,ssp_requests_testab_raw,idsAbTests,1,STRING,YES,
bigquery,tappx_us_east4,ssp_requests_testab_raw,rqTs,2,TIMESTAMP,YES,
bigquery,tappx_us_east4,ssp_requests_testab_raw,rqNetId,3,STRING,YES,
bigquery,tappx_us_east4,ssp_requests_testab_raw,rqNetTs,4,TIMESTAMP,YES,
bigquery,tappx_us_east4,ssp_requests_testab_raw,pbUid,5,INT64,YES,
bigquery,tappx_us_east4,ssp_requests_testab_raw,country,6,STRING,YES,
bigquery,tappx_us_east4,ssp_requests_testab_raw,bundle,7,STRING,YES,
bigquery,tappx_us_east4,ssp_requests_testab_raw,netId,8,STRING,YES,
bigquery,tappx_us_east4,ssp_requests_testab_raw,evVer,9,INT64,YES,
bigquery,tappx_us_east4,ssp_requests_testab_raw,rqId,10,INT64,YES,
bigquery,tappx_us_east4,ssp_requests_testab_raw,response,11,BOOL,YES,
bigquery,tappx_us_east4,ssp_requests_testab_raw,hasError,12,BOOL,YES,
bigquery,tappx_us_east4,ssp_requests_testab_raw,rqData,13,"STRUCT<endpoint STRING, dc STRING, adunit STRING, size STRING, is_rejected BOOL, request_log STRUCT<id STRING, test INT64, `at` INT64, tmax INT64, allimps INT64, cattax INT64, wseat ARRAY<STRING>, bseat ARRAY<STRING>, cur ARRAY<STRING>, wlang ARRAY<STRING>, wlangb ARRAY<STRING>, acat ARRAY<STRING>, bcat ARRAY<STRING>, badv ARRAY<STRING>, bapp ARRAY<STRING>, site STRUCT<id STRING, name STRING, domain STRING, cattax INT64, page STRING, ref STRING, search STRING, mobile INT64, privacypolicy INT64, keywords STRING, inventorypartnerdomain STRING, cat ARRAY<STRING>, sectioncat ARRAY<STRING>, pagecat ARRAY<STRING>, kwarray ARRAY<STRING>, publisher STRUCT<id STRING, name STRING, cattax INT64, domain STRING, cat ARRAY<STRING>, ext JSON>, content STRUCT<id STRING, episode INT64, title STRING, series STRING, season STRING, artist STRING, genre STRING, album STRING, isrc STRING, url STRING, cattax INT64, prodq INT64, context INT64, contentrating STRING, userrating STRING, qagmediarating INT64, keywords STRING, livestream INT64, sourcerelationship INT64, len INT64, language STRING, langb STRING, embeddable INT64, cat ARRAY<STRING>, kwarray ARRAY<STRING>, producer STRUCT<id STRING, name STRING, cattax INT64, domain STRING, cat ARRAY<STRING>, ext JSON>, network STRUCT<id STRING, name STRING, domain STRING, ext JSON>, channel STRUCT<id STRING, name STRING, domain STRING, ext JSON>, ext JSON, data ARRAY<STRUCT<id STRING, name STRING, ext JSON, segment ARRAY<STRUCT<id STRING, name STRING, value STRING, ext JSON>>>>>, ext JSON>, app STRUCT<id STRING, name STRING, bundle STRING, domain STRING, storeurl STRING, cattax INT64, ver STRING, privacypolicy INT64, paid INT64, keywords STRING, inventorypartnerdomain STRING, cat ARRAY<STRING>, sectioncat ARRAY<STRING>, pagecat ARRAY<STRING>, kwarray ARRAY<STRING>, publisher STRUCT<id STRING, name STRING, cattax INT64, domain STRING, cat ARRAY<STRING>, ext JSON>, content STRUCT<id STRING, episode INT64, title STRING, series STRING, season STRING, artist STRING, genre STRING, album STRING, isrc STRING, url STRING, cattax INT64, prodq INT64, context INT64, contentrating STRING, userrating STRING, qagmediarating INT64, keywords STRING, livestream INT64, sourcerelationship INT64, len INT64, language STRING, langb STRING, embeddable INT64, cat ARRAY<STRING>, kwarray ARRAY<STRING>, producer STRUCT<id STRING, name STRING, cattax INT64, domain STRING, cat ARRAY<STRING>, ext JSON>, network STRUCT<id STRING, name STRING, domain STRING, ext JSON>, channel STRUCT<id STRING, name STRING, domain STRING, ext JSON>, ext JSON, data ARRAY<STRUCT<id STRING, name STRING, ext JSON, segment ARRAY<STRUCT<id STRING, name STRING, value STRING, ext JSON>>>>>, ext JSON>, dooh STRUCT<name STRING, domain STRING, keywords STRING, publisher STRUCT<id STRING, name STRING, cattax INT64, domain STRING, cat ARRAY<STRING>, ext JSON>, content STRUCT<id STRING, episode INT64, title STRING, series STRING, season STRING, artist STRING, genre STRING, album STRING, isrc STRING, url STRING, cattax INT64, prodq INT64, context INT64, contentrating STRING, userrating STRING, qagmediarating INT64, keywords STRING, livestream INT64, sourcerelationship INT64, len INT64, language STRING, langb STRING, embeddable INT64, cat ARRAY<STRING>, kwarray ARRAY<STRING>, producer STRUCT<id STRING, name STRING, cattax INT64, domain STRING, cat ARRAY<STRING>, ext JSON>, network STRUCT<id STRING, name STRING, domain STRING, ext JSON>, channel STRUCT<id STRING, name STRING, domain STRING, ext JSON>, ext JSON, data ARRAY<STRUCT<id STRING, name STRING, ext JSON, segment ARRAY<STRUCT<id STRING, name STRING, value STRING, ext JSON>>>>>, ext JSON, id STRING, venuetype ARRAY<STRING>, venuetypetax INT64>, device STRUCT<dnt INT64, lmt INT64, ua STRING, ip STRING, ipv6 STRING, devicetype INT64, make STRING, model STRING, os STRING, osv STRING, hwv STRING, h INT64, w INT64, ppi INT64, pxratio FLOAT64, js INT64, geofetch INT64, flashver STRING, language STRING, langb STRING, carrier STRING, mccmnc STRING, connectiontype INT64, ifa STRING, didsha1 STRING, didmd5 STRING, dpidsha1 STRING, dpidmd5 STRING, macsha1 STRING, macmd5 STRING, geo STRUCT<lat FLOAT64, lon FLOAT64, type INT64, accuracy INT64, lastfix INT64, ipservice INT64, country STRING, region STRING, regionfips104 STRING, metro STRING, city STRING, zip STRING, utcoffset INT64, ext JSON>, sua STRUCT<mobile INT64, architecture STRING, bitness STRING, model STRING, source INT64, browsers ARRAY<STRUCT<brand STRING, version ARRAY<STRING>, ext JSON>>, platform STRUCT<brand STRING, version ARRAY<STRING>, ext JSON>, ext JSON>, ext JSON>, user STRUCT<id STRING, buyeruid STRING, yob INT64, gender STRING, keywords STRING, customdata STRING, consent STRING, kwarray ARRAY<STRING>, geo STRUCT<lat FLOAT64, lon FLOAT64, type INT64, accuracy INT64, lastfix INT64, ipservice INT64, country STRING, region STRING, regionfips104 STRING, metro STRING, city STRING, zip STRING, utcoffset INT64, ext JSON>, ext JSON, data ARRAY<STRUCT<id STRING, name STRING, ext JSON, segment ARRAY<STRUCT<id STRING, name STRING, value STRING, ext JSON>>>>, eids ARRAY<STRUCT<eid STRUCT<source STRING, ext JSON, uids ARRAY<STRUCT<uid STRUCT<id STRING, atype INT64, ext JSON>>>>>>>, source STRUCT<fd INT64, tid STRING, pchain STRING, schain STRUCT<ext JSON, complete INT64, ver STRING, nodes STRUCT<supplychainnode STRUCT<asi STRING, sid STRING, rid STRING, name STRING, domain STRING, hp INT64, ext JSON>>>, ext JSON>, regs STRUCT<coppa INT64, gdpr INT64, us_privacy STRING, gpp STRING, gpp_sid ARRAY<INT64>, ext JSON>, ext JSON, imp ARRAY<STRUCT<id STRING, displaymanager STRING, displaymanagerver STRING, instl INT64, tagid STRING, bidfloor FLOAT64, bidfloorcur STRING, clickbrowser INT64, secure INT64, rwdd INT64, ssai INT64, exp INT64, dt FLOAT64, iframebuster ARRAY<STRING>, banner STRUCT<w INT64, h INT64, pos INT64, topframe INT64, id STRING, vcm INT64, btype ARRAY<INT64>, battr ARRAY<INT64>, mimes ARRAY<STRING>, expdir ARRAY<INT64>, api ARRAY<INT64>, ext JSON, format ARRAY<STRUCT<w INT64, h INT64, wratio INT64, hratio INT64, wmin INT64, ext JSON>>>, video STRUCT<minduration INT64, maxduration INT64, startdelay INT64, maxseq INT64, poddur INT64, w INT64, h INT64, podid STRING, podseq INT64, placement INT64, plcmt INT64, linearity INT64, skip INT64, skipmin INT64, skipafter INT64, sequence INT64, slotinpod INT64, mincpmpersec FLOAT64, maxextended INT64, minbitrate INT64, maxbitrate INT64, boxingallowed INT64, playbackend INT64, pos INT64, mimes ARRAY<STRING>, protocols ARRAY<INT64>, rqddurs ARRAY<INT64>, battr ARRAY<INT64>, playbackmethod ARRAY<INT64>, delivery ARRAY<INT64>, api ARRAY<INT64>, companiontype ARRAY<INT64>, ext JSON, companionad ARRAY<STRUCT<id STRING, w INT64, h INT64, pos INT64, battr ARRAY<INT64>, expdir ARRAY<INT64>>>, durfloors ARRAY<STRUCT<mindur INT64, maxdur INT64, ext JSON, bidfloor FLOAT64>>>, audio STRUCT<minduration INT64, maxduration INT64, poddur INT64, startdelay INT64, podid STRING, podseq INT64, sequence INT64, slotinpod INT64, mincpmpersec FLOAT64, maxextended INT64, minbitrate INT64, maxbitrate INT64, maxseq INT64, feed INT64, stitched INT64, nvol INT64, mimes ARRAY<STRING>, protocols ARRAY<INT64>, rqddurs ARRAY<INT64>, battr ARRAY<INT64>, delivery ARRAY<INT64>, api ARRAY<INT64>, companiontype ARRAY<INT64>, ext JSON, companionad ARRAY<STRUCT<id STRING, w INT64, h INT64, pos INT64, battr ARRAY<INT64>, expdir ARRAY<INT64>>>, durfloors ARRAY<STRUCT<mindur INT64, maxdur INT64, ext JSON, bidfloor FLOAT64>>>, native STRUCT<api INT64, battr INT64, ext JSON, request STRING, ver STRING>, pmp STRUCT<private_auction INT64, ext JSON, deals ARRAY<STRUCT<id STRING, bidfloor FLOAT64, bidfloorcur STRING, `at` INT64, guar INT64, mincpmpersec FLOAT64, wseat ARRAY<STRING>, wadomain ARRAY<STRING>, ext JSON, durfloors ARRAY<STRUCT<mindur INT64, maxdur INT64, ext JSON, bidfloor FLOAT64>>>>>, qty STRUCT<ext JSON, multiplier FLOAT64, sourcetype INT64, vendor STRING>, refresh STRUCT<ext JSON, refsettings ARRAY<STRUCT<reftype INT64, minint INT64, ext JSON>>, count INT64>, ext JSON, metric ARRAY<STRUCT<type STRING, value FLOAT64, vendor STRING, ext JSON>>>>>, ad JSON>",YES,
bigquery,tappx_us_east4,ssp_requests_testab_raw,networkAd,14,JSON,YES,
bigquery,tappx_us_east4,ssp_testab_historic,rqDate,1,DATE,YES,
bigquery,tappx_us_east4,ssp_testab_historic,idsAbTests,2,STRING,YES,
bigquery,tappx_us_east4,ssp_testab_historic,net,3,STRING,YES,
bigquery,tappx_us_east4,ssp_testab_historic,country,4,STRING,YES,
bigquery,tappx_us_east4,ssp_testab_historic,os,5,STRING,YES,
bigquery,tappx_us_east4,ssp_testab_historic,parameter,6,STRING,YES,
bigquery,tappx_us_east4,ssp_testab_historic,value,7,STRING,YES,
bigquery,tappx_us_east4,ssp_testab_historic,test_type,8,STRING,YES,
bigquery,tappx_us_east4,ssp_testab_historic,bid_price,9,FLOAT64,YES,
bigquery,tappx_us_east4,ssp_testab_historic,response,10,INT64,YES,
bigquery,tappx_us_east4,ssp_testab_historic,requests,11,INT64,YES,
bigquery,tappx_us_east4,ssp_testab_requests_errors,idsAbTests,1,STRING,YES,
bigquery,tappx_us_east4,ssp_testab_requests_errors,rqTs,2,TIMESTAMP,YES,
bigquery,tappx_us_east4,ssp_testab_requests_errors,rqNetId,3,STRING,YES,
bigquery,tappx_us_east4,ssp_testab_requests_errors,rqNetTs,4,TIMESTAMP,YES,
bigquery,tappx_us_east4,ssp_testab_requests_errors,pbUid,5,INT64,YES,
bigquery,tappx_us_east4,ssp_testab_requests_errors,country,6,STRING,YES,
bigquery,tappx_us_east4,ssp_testab_requests_errors,bundle,7,STRING,YES,
bigquery,tappx_us_east4,ssp_testab_requests_errors,netId,8,STRING,YES,
bigquery,tappx_us_east4,ssp_testab_requests_errors,evVer,9,INT64,YES,
bigquery,tappx_us_east4,ssp_testab_requests_errors,rqId,10,INT64,YES,
bigquery,tappx_us_east4,ssp_testab_requests_errors,response,11,BOOL,YES,
bigquery,tappx_us_east4,ssp_testab_requests_errors,hasError,12,BOOL,YES,
bigquery,tappx_us_east4,ssp_testab_requests_errors,rqData,13,STRING,YES,
bigquery,tappx_us_east4,ssp_testab_requests_errors,networkAd,14,STRING,YES,
bigquery,tappx_us_east4,ssp_testab_requests_errors,net,15,STRING,YES,
bigquery,tappx_us_east4,ssp_testab_requests_errors,rqDate,16,DATE,YES,
bigquery,tappx_us_east4,tappx_category_similarities,snapshot_date,1,DATE,NO,
bigquery,tappx_us_east4,tappx_category_similarities,tappx_catego_publisher,2,STRING,YES,
bigquery,tappx_us_east4,tappx_category_similarities,tappx_catego_advertiser,3,STRING,YES,
bigquery,tappx_us_east4,tappx_category_similarities,similarity_score,4,FLOAT64,YES,
bigquery,tappx_us_east4,tappx_category_similarities,threshold1,5,BOOL,YES,
bigquery,tappx_us_east4,temp_new_installs_csv,id_install,1,STRING,YES,
bigquery,tappx_us_east4,temp_new_installs_csv,ts_request,2,TIMESTAMP,YES,
bigquery,tappx_us_east4,temp_new_installs_csv,ts_click,3,TIMESTAMP,YES,
bigquery,tappx_us_east4,temp_new_installs_csv,ts_install,4,TIMESTAMP,YES,
bigquery,tappx_us_east4,temp_new_installs_csv,adunit,5,STRING,YES,
bigquery,tappx_us_east4,temp_new_installs_csv,banner_size,6,STRING,YES,
bigquery,tappx_us_east4,temp_new_installs_csv,bundle_request,7,STRING,YES,
bigquery,tappx_us_east4,temp_new_installs_csv,bundle_offer,8,STRING,YES,
bigquery,tappx_us_east4,temp_new_installs_csv,id_offer,9,INT64,YES,
bigquery,tappx_us_east4,temp_new_installs_csv,id_network,10,INT64,YES,
bigquery,tappx_us_east4,temp_new_installs_csv,country,11,STRING,YES,
bigquery,tappx_us_east4,temp_new_installs_csv,city,12,STRING,YES,
bigquery,tappx_us_east4,temp_new_installs_csv,offer_revenue,13,FLOAT64,YES,
bigquery,tappx_us_east4,temp_new_installs_csv,offer_revenue_type,14,STRING,YES,
bigquery,tappx_us_east4,temp_new_installs_csv,offer_goal,15,FLOAT64,YES,
bigquery,tappx_us_east4,temp_new_installs_csv,offer_goal_type,16,STRING,YES,
bigquery,tappx_us_east4,temp_new_installs_csv,currency,17,STRING,YES,
bigquery,tappx_us_east4,temp_new_installs_csv,device_id,18,STRING,YES,
bigquery,tappx_us_east4,temp_new_installs_csv,endpoint,19,STRING,YES,
bigquery,tappx_us_east4,temp_new_installs_csv,source,20,STRING,YES,
bigquery,tappx_us_east4,temp_new_installs_csv,perf_source,21,STRING,YES,
bigquery,tappx_us_east4,temp_new_installs_csv,ip,22,STRING,YES,
bigquery,tappx_us_east4,temp_new_installs_csv,id_request,23,INT64,YES,
bigquery,tappx_us_east4,temp_new_installs_csv,id_click,24,STRING,YES,
bigquery,tappx_us_east4,temp_new_installs_csv,os,25,STRING,YES,
bigquery,tappx_us_east4,temp_new_installs_csv,os_id,26,INT64,YES,
bigquery,tappx_us_east4,temp_new_installs_csv,os_version,27,STRING,YES,
bigquery,tappx_us_east4,temp_new_installs_csv,vta,28,STRING,YES,
bigquery,tappx_us_east4,temp_new_installs_csv,ua,29,STRING,YES,
bigquery,tappx_us_east4,temp_new_installs_csv,video,30,STRING,YES,
bigquery,tappx_us_east4,temp_new_installs_csv,video_type,31,STRING,YES,
bigquery,tappx_us_east4,temp_new_installs_csv,algo_incoming_traffic,32,STRING,YES,
bigquery,tappx_us_east4,temp_new_installs_csv,algo_tag_reqs,33,STRING,YES,
bigquery,tappx_us_east4,temp_new_installs_csv,algo_sprinkler,34,STRING,YES,
bigquery,tappx_us_east4,temp_new_installs_csv,algo_offer_selection,35,STRING,YES,
bigquery,tappx_us_east4,temp_new_installs_csv,sdk,36,STRING,YES,
bigquery,tappx_us_east4,temp_new_installs_csv,sdk_version,37,STRING,YES,
bigquery,tappx_us_east4,temp_new_installs_csv,id_req_ssp,38,STRING,YES,
