"source_type","database_name","table_name","column_name","column_position","data_type","is_nullable","column_key"
mysql-sl,AppStoreService,bundle_segments,last_update,1,date,YES,MUL
mysql-sl,AppStoreService,bundle_segments,bundle,2,varchar,NO,PRI
mysql-sl,AppStoreService,bundle_segments,bundle_bidder,3,varchar,YES,""
mysql-sl,AppStoreService,bundle_segments,id_os,4,bigint,NO,PRI
mysql-sl,AppStoreService,bundle_segments,adomain,5,varchar,YES,""
mysql-sl,AppStoreService,bundle_segments,tappx_categories,6,varchar,YES,""
mysql-sl,AppStoreService,bundle_segments,st_confidence,7,varchar,YES,""
mysql-sl,AppStoreService,bundle_segments,st_demographics,8,json,YES,""
mysql-sl,AppStoreService,bundle_segments,gender_distribution,9,json,YES,""
mysql-sl,AppStoreService,bundle_segments,age_distribution,10,json,YES,""
mysql-sl,AppStoreService,market_info_application,bundle,1,varchar,NO,PRI
mysql-sl,AppStoreService,market_info_application,id_os,2,tinyint,NO,PRI
mysql-sl,AppStoreService,market_info_application,creation,3,datetime,NO,""
mysql-sl,AppStoreService,market_info_application,crawler_dl_tries,4,smallint,NO,""
mysql-sl,AppStoreService,market_info_application,crawler_last_check,5,datetime,NO,""
mysql-sl,AppStoreService,market_info_application,crawler_last_ok,6,timestamp,NO,""
mysql-sl,AppStoreService,market_info_application,market_url,7,varchar,NO,""
mysql-sl,AppStoreService,market_info_application,market_country,8,varchar,YES,""
mysql-sl,AppStoreService,market_info_application,market_app_last_update,9,date,YES,""
mysql-sl,AppStoreService,market_info_application,market_apple_id,10,varchar,YES,""
mysql-sl,AppStoreService,market_info_application,market_title,11,varchar,YES,""
mysql-sl,AppStoreService,market_info_application,market_description,12,varchar,YES,""
mysql-sl,AppStoreService,market_info_application,market_logo,13,varchar,YES,""
mysql-sl,AppStoreService,market_info_application,market_is_free,14,tinyint,YES,""
mysql-sl,AppStoreService,market_info_application,market_rate,15,float,YES,""
mysql-sl,AppStoreService,market_info_application,market_category,16,varchar,YES,""
mysql-sl,AppStoreService,market_info_application,market_reviews,17,bigint,YES,""
mysql-sl,AppStoreService,market_info_application,market_downloads,18,bigint,YES,""
mysql-sl,AppStoreService,market_info_application,market_appsize,19,float,YES,""
mysql-sl,AppStoreService,market_info_application,market_developer_marketurl,20,varchar,YES,""
mysql-sl,AppStoreService,market_info_application,market_developer_website,21,varchar,YES,""
mysql-sl,AppStoreService,market_info_application,market_content_rating,22,varchar,YES,""
mysql-sl,AppStoreService,market_info_application,market_version_required,23,varchar,YES,""
mysql-sl,AppStoreService,market_info_application,market_mail,24,varchar,YES,""
mysql-sl,AppStoreService,market_info_application,bundle_hash,25,varchar,NO,""
mysql-sl,tappx,application,id,1,bigint,NO,PRI
mysql-sl,tappx,application,type,2,enum,NO,""
mysql-sl,tappx,application,id_user,3,bigint,NO,MUL
mysql-sl,tappx,application,id_os,4,bigint,NO,MUL
mysql-sl,tappx,application,name,5,varchar,NO,""
mysql-sl,tappx,application,creation,6,timestamp,NO,""
mysql-sl,tappx,application,date_last_request,7,timestamp,YES,""
mysql-sl,tappx,application,bundle,8,varchar,YES,""
mysql-sl,tappx,application,bundle_dl_tries,9,int,NO,""
mysql-sl,tappx,application,bundle_dl_tries_date,10,timestamp,YES,""
mysql-sl,tappx,application,id_app_status,11,int,NO,MUL
mysql-sl,tappx,application,id_app_status_monetization,12,int,NO,MUL
mysql-sl,tappx,application,active,13,int,NO,""
mysql-sl,tappx,application,market_url,14,varchar,YES,""
mysql-sl,tappx,application,market_last_update_app,15,date,YES,""
mysql-sl,tappx,application,market_country,16,varchar,YES,""
mysql-sl,tappx,application,market_app_id,17,varchar,YES,""
mysql-sl,tappx,application,market_title,18,varchar,YES,""
mysql-sl,tappx,application,market_description,19,varchar,YES,""
mysql-sl,tappx,application,market_rate,20,float,YES,""
mysql-sl,tappx,application,market_reviews,21,bigint,YES,""
mysql-sl,tappx,application,market_is_free,22,int,YES,""
mysql-sl,tappx,application,market_logo,23,varchar,YES,""
mysql-sl,tappx,application,market_last_update,24,timestamp,YES,""
mysql-sl,tappx,application,market_genre,25,varchar,YES,""
mysql-sl,tappx,application,dfp_active,26,int,NO,""
mysql-sl,tappx,application,dfp_advertiser_active,27,int,YES,""
mysql-sl,tappx,application,dfp_advertiser_id,28,bigint,YES,""
mysql-sl,tappx,application,dfp_advertiser_name,29,varchar,YES,""
mysql-sl,tappx,application,dfp_publisher_active,30,tinyint,YES,""
mysql-sl,tappx,application,dfp_publisher_id,31,bigint,YES,""
mysql-sl,tappx,application,dfp_publisher_name,32,varchar,YES,UNI
mysql-sl,tappx,application,dfp_no_count_fill_rate_ads,33,tinyint,NO,""
mysql-sl,tappx,application,campaigns_priority,34,enum,NO,""
mysql-sl,tappx,application,tappix,35,bigint,NO,""
mysql-sl,tappx,application,tappix_credit,36,bigint,NO,""
mysql-sl,tappx,application,web_featured_app,37,int,NO,""
mysql-sl,tappx,application,group_ctr_forced,38,varchar,YES,""
mysql-sl,tappx,application,group_ctr_calculated,39,varchar,YES,""
mysql-sl,tappx,application,group_community_id,40,varchar,YES,""
mysql-sl,tappx,application,dfp_group_id,41,varchar,YES,""
mysql-sl,tappx,application,percentage_cross,42,int,NO,""
mysql-sl,tappx,application,track_install,43,date,YES,""
mysql-sl,tappx,application,status_track_install,44,enum,YES,""
mysql-sl,tappx,application,perf_id_site,45,bigint,YES,UNI
mysql-sl,tappx,application,perf_tracking_platform_id,46,bigint,YES,""
mysql-sl,tappx,application,perf_api_key,47,varchar,YES,""
mysql-sl,tappx,application,is_performance,48,int,NO,""
mysql-sl,tappx,application,appadstxt_url,49,varchar,YES,""
mysql-sl,tappx,creative_size,id,1,smallint,NO,PRI
mysql-sl,tappx,creative_size,name,2,varchar,NO,""
mysql-sl,tappx,creative_size,width,3,int,NO,""
mysql-sl,tappx,creative_size,height,4,int,NO,""
mysql-sl,tappx,creative_size,used_for_monetization,5,tinyint,YES,""
mysql-sl,tappx,creative_size,used_for_crosspromotion,6,tinyint,YES,""
mysql-sl,tappx,creative_size,used_for_performance,7,tinyint,YES,""
mysql-sl,tappx,creative_size,creative_family,8,varchar,YES,""
mysql-sl,tappx,creative_size,creative_type,9,varchar,NO,""
mysql-sl,tappx,creative_size,orientation,10,varchar,NO,""
mysql-sl,tappx,creative_size,tappix_impression,11,int,NO,""
mysql-sl,tappx,creative_size,tappix_click,12,int,NO,""
mysql-sl,tappx,creative_size,tappix_install,13,int,NO,""
mysql-sl,tappx,creative_size,monetization_default_cpm,14,float,YES,""
mysql-sl,tappx,creative_size,monetization_default_cpc,15,float,YES,""
mysql-sl,tappx,perf_invoices_demand,document_type,1,enum,NO,PRI
mysql-sl,tappx,perf_invoices_demand,financial_year,2,int,NO,PRI
mysql-sl,tappx,perf_invoices_demand,id_seq,3,int,NO,PRI
mysql-sl,tappx,perf_invoices_demand,document_id,4,varchar,NO,UNI
mysql-sl,tappx,perf_invoices_demand,date,5,date,NO,""
mysql-sl,tappx,perf_invoices_demand,id_company,6,int,NO,MUL
mysql-sl,tappx,perf_invoices_demand,id_network,7,int,NO,""
mysql-sl,tappx,perf_invoices_demand,date_start,8,date,NO,""
mysql-sl,tappx,perf_invoices_demand,date_end,9,date,NO,""
mysql-sl,tappx,perf_invoices_demand,impressions,10,bigint,NO,""
mysql-sl,tappx,perf_invoices_demand,clicks,11,bigint,NO,""
mysql-sl,tappx,perf_invoices_demand,conversions,12,int,NO,""
mysql-sl,tappx,perf_invoices_demand,currency,13,enum,NO,""
mysql-sl,tappx,perf_invoices_demand,exchange_to_eur,14,decimal,NO,""
mysql-sl,tappx,perf_invoices_demand,revenue_net,15,decimal,NO,""
mysql-sl,tappx,perf_invoices_demand,revenue_vat,16,decimal,NO,""
mysql-sl,tappx,perf_invoices_demand,revenue_gross,17,decimal,NO,""
mysql-sl,tappx,perf_invoices_demand,vat,18,tinyint,NO,""
mysql-sl,tappx,perf_invoices_demand,revenue_discrepancy,19,decimal,NO,""
mysql-sl,tappx,perf_invoices_demand,credit_reason,20,varchar,YES,""
mysql-sl,tappx,perf_invoices_demand,document_text_content,21,text,YES,""
mysql-sl,tappx,perf_invoices_demand,sent_date,22,timestamp,YES,""
mysql-sl,tappx,perf_invoices_demand,due_date,23,date,NO,""
mysql-sl,tappx,perf_invoices_demand,received_payment_date,24,timestamp,YES,""
mysql-sl,tappx,perf_invoices_demand,document_file_base_64,25,mediumblob,YES,""
mysql-sl,tappx,perf_invoices_demand,info_company,26,varchar,NO,""
mysql-sl,tappx,perf_invoices_demand,info_tax_number,27,varchar,NO,""
mysql-sl,tappx,perf_invoices_demand,info_address,28,varchar,NO,""
mysql-sl,tappx,perf_invoices_demand,approval_log,29,text,NO,""
mysql-sl,tappx,perf_invoices_demand,follow_delay_level,30,tinyint,YES,""
mysql-sl,tappx,perf_invoices_demand,follow_new_due_date,31,date,YES,""
mysql-sl,tappx,perf_invoices_demand,follow_notifications_standby,32,tinyint,NO,""
mysql-sl,tappx,perf_invoices_demand,comments,33,mediumtext,YES,""
mysql-sl,tappx,perf_invoices_demand,bc_id,34,varchar,YES,MUL
mysql-sl,tappx,perf_invoices_demand,bc_sync_date,35,datetime,YES,""
mysql-sl,tappx,perf_invoices_demand,bc_sync_error,36,text,YES,""
mysql-sl,tappx,perf_invoices_demand,bc_error_count,37,int,YES,""
mysql-sl,tappx,perf_mediabuying_cpm_extractor,DATE,1,date,NO,""
mysql-sl,tappx,perf_mediabuying_cpm_extractor,id_user,2,int,NO,""
mysql-sl,tappx,perf_mediabuying_cpm_extractor,id_app,3,int,NO,""
mysql-sl,tappx,perf_mediabuying_cpm_extractor,id_os,4,tinyint,YES,""
mysql-sl,tappx,perf_mediabuying_cpm_extractor,ad_type,5,enum,NO,""
mysql-sl,tappx,perf_mediabuying_cpm_extractor,country,6,varchar,NO,""
mysql-sl,tappx,perf_mediabuying_cpm_extractor,requests,7,bigint,YES,""
mysql-sl,tappx,perf_mediabuying_cpm_extractor,deliveries,8,int,YES,""
mysql-sl,tappx,perf_mediabuying_cpm_extractor,impressions,9,int,YES,""
mysql-sl,tappx,perf_mediabuying_cpm_extractor,clicks,10,int,YES,""
mysql-sl,tappx,perf_mediabuying_cpm_extractor,revenue,11,decimal,YES,""
mysql-sl,tappx,perf_mediabuying_cpm_extractor,currency,12,varchar,NO,""
mysql-sl,tappx,segmentation,id,1,bigint,NO,PRI
mysql-sl,tappx,segmentation,id_rel,2,bigint,YES,MUL
mysql-sl,tappx,segmentation,level,3,tinyint,YES,""
mysql-sl,tappx,segmentation,name,4,varchar,NO,""
mysql-sl,tappx,segmentation,image,5,varchar,YES,""
mysql-sl,tappx,segmentation,dfp_value,6,bigint,NO,""
mysql-sl,tappx,segmentation,external_value,7,varchar,YES,""
mysql-sl,tappx,segmentation,maxmind_value,8,varchar,YES,""
mysql-sl,tappx,ssp_app_monetization,date,1,date,NO,PRI
mysql-sl,tappx,ssp_app_monetization,adjustment_type,2,varchar,NO,PRI
mysql-sl,tappx,ssp_app_monetization,id_user,3,int,NO,PRI
mysql-sl,tappx,ssp_app_monetization,id_app,4,int,NO,PRI
mysql-sl,tappx,ssp_app_monetization,ad_type,5,enum,NO,PRI
mysql-sl,tappx,ssp_app_monetization,country,6,varchar,NO,PRI
mysql-sl,tappx,ssp_app_monetization,requests,7,int,YES,""
mysql-sl,tappx,ssp_app_monetization,total_requests,8,bigint,YES,""
mysql-sl,tappx,ssp_app_monetization,deliveries,9,int,YES,""
mysql-sl,tappx,ssp_app_monetization,impressions,10,int,YES,""
mysql-sl,tappx,ssp_app_monetization,clicks,11,int,YES,""
mysql-sl,tappx,ssp_app_monetization,revenue,12,decimal,YES,""
mysql-sl,tappx,ssp_app_monetization,currency,13,varchar,NO,""
mysql-sl,tappx,ssp_app_monetization,id_os,14,tinyint,YES,MUL
mysql-sl,tappx,ssp_app_monetization,invoice_supply,15,varchar,YES,""
mysql-sl,tappx,ssp_elevator_prices_history,ts,1,datetime,NO,PRI
mysql-sl,tappx,ssp_elevator_prices_history,adunit,2,varchar,NO,PRI
mysql-sl,tappx,ssp_elevator_prices_history,size,3,varchar,NO,PRI
mysql-sl,tappx,ssp_elevator_prices_history,country,4,varchar,NO,PRI
mysql-sl,tappx,ssp_elevator_prices_history,combo_extra_id,5,varchar,NO,PRI
mysql-sl,tappx,ssp_elevator_prices_history,win_split,6,varchar,NO,""
mysql-sl,tappx,ssp_elevator_prices_history,win_cpm,7,decimal,NO,""
mysql-sl,tappx,ssp_elevator_prices_history,win_algo,8,varchar,NO,""
mysql-sl,tappx,ssp_elevator_prices_history,log,9,json,NO,""
mysql-sl,tappx,ssp_elevator_prices_history,info,10,varchar,NO,""
mysql-sl,tappx,ssp_limit_endpoint_leba,datacenter,1,varchar,NO,PRI
mysql-sl,tappx,ssp_limit_endpoint_leba,endpoint,2,varchar,NO,PRI
mysql-sl,tappx,ssp_limit_endpoint_leba,adunit,3,varchar,NO,PRI
mysql-sl,tappx,ssp_limit_endpoint_leba,bundle,4,varchar,NO,PRI
mysql-sl,tappx,ssp_limit_endpoint_leba,channel,5,varchar,NO,PRI
mysql-sl,tappx,ssp_limit_endpoint_leba,id_size,6,int,NO,PRI
mysql-sl,tappx,ssp_limit_endpoint_leba,country,7,varchar,NO,PRI
mysql-sl,tappx,ssp_limit_endpoint_leba,combo_extra_id,8,varchar,NO,PRI
mysql-sl,tappx,ssp_limit_endpoint_leba,ts_line_creation,9,datetime,NO,""
mysql-sl,tappx,ssp_limit_endpoint_leba,ts_last_update,10,datetime,NO,""
mysql-sl,tappx,ssp_limit_endpoint_leba,ts_last_live_data,11,datetime,NO,""
mysql-sl,tappx,ssp_limit_endpoint_leba,last_live_data_hours,12,decimal,NO,""
mysql-sl,tappx,ssp_limit_endpoint_leba,requests,13,bigint,NO,""
mysql-sl,tappx,ssp_limit_endpoint_leba,deliveries,14,bigint,NO,""
mysql-sl,tappx,ssp_limit_endpoint_leba,impressions,15,bigint,NO,""
mysql-sl,tappx,ssp_limit_endpoint_leba,rcpm,16,decimal,NO,""
mysql-sl,tappx,ssp_limit_endpoint_leba,rcpm_tx,17,decimal,NO,""
mysql-sl,tappx,ssp_limit_endpoint_leba,frequency_capping_minute,18,int,NO,""
mysql-sl,tappx,ssp_limit_endpoint_leba,qps,19,bigint,NO,""
mysql-sl,tappx,ssp_limit_network_lnabcs,datacenter,1,varchar,NO,PRI
mysql-sl,tappx,ssp_limit_network_lnabcs,id_network,2,int,NO,PRI
mysql-sl,tappx,ssp_limit_network_lnabcs,endpoint,3,varchar,NO,PRI
mysql-sl,tappx,ssp_limit_network_lnabcs,adunit,4,varchar,NO,PRI
mysql-sl,tappx,ssp_limit_network_lnabcs,bundle,5,varchar,NO,PRI
mysql-sl,tappx,ssp_limit_network_lnabcs,channel,6,varchar,NO,PRI
mysql-sl,tappx,ssp_limit_network_lnabcs,id_size,7,int,NO,PRI
mysql-sl,tappx,ssp_limit_network_lnabcs,id_size_alternative_forced,8,int,NO,PRI
mysql-sl,tappx,ssp_limit_network_lnabcs,country,9,varchar,NO,PRI
mysql-sl,tappx,ssp_limit_network_lnabcs,combo_extra_id,10,varchar,NO,PRI
mysql-sl,tappx,ssp_limit_network_lnabcs,ts,11,datetime,NO,""
mysql-sl,tappx,ssp_limit_network_lnabcs,publisher_processed_requests,12,json,YES,""
mysql-sl,tappx,ssp_limit_network_lnabcs,requests,13,bigint,NO,""
mysql-sl,tappx,ssp_limit_network_lnabcs,deliveries,14,bigint,NO,""
mysql-sl,tappx,ssp_limit_network_lnabcs,impressions,15,bigint,NO,""
mysql-sl,tappx,ssp_limit_network_lnabcs,lim,16,decimal,NO,""
mysql-sl,tappx,ssp_limit_network_lnabcs,lim_cnf_file,17,decimal,NO,""
mysql-sl,tappx,ssp_limit_network_lnabcs,ts_line_creation,18,datetime,NO,""
mysql-sl,tappx,ssp_limit_network_lnabcs,ts_last_live_data,19,datetime,NO,""
mysql-sl,tappx,ssp_limit_network_lnabcs,last_live_hours,20,int,YES,""
mysql-sl,tappx,ssp_limit_network_lnabcs,ts_last_limit,21,datetime,YES,""
mysql-sl,tappx,ssp_limit_network_lnabcs,ts_last_block,22,datetime,YES,""
mysql-sl,tappx,ssp_limit_network_lnabcs,ts_last_block_end,23,datetime,YES,""
mysql-sl,tappx,ssp_limit_network_lnabcs,ts_force_reactivation_start,24,datetime,YES,""
mysql-sl,tappx,ssp_limit_network_lnabcs,rcpm,25,decimal,NO,""
mysql-sl,tappx,ssp_limit_network_lnabcs,rcpm_tx,26,decimal,NO,""
mysql-sl,tappx,ssp_limit_network_lnabcs,rcpm_restriction,27,decimal,NO,""
mysql-sl,tappx,ssp_limit_network_lnabcs,verbose_limit_reason,28,varchar,YES,""
mysql-sl,tappx,ssp_limit_network_lnabcs,verbose_limit_rule,29,json,YES,""
mysql-sl,tappx,ssp_limit_network_lnabcs,block_step,30,int,NO,""
mysql-sl,tappx,ssp_limit_network_lnabcs,reactivation_step,31,int,NO,""
mysql-sl,tappx,ssp_limit_network_lnabcs,test_combo_petitioner,32,json,YES,""
mysql-sl,tappx,ssp_limit_network_lnabcs,test_combo_retries,33,tinyint,NO,""
mysql-sl,tappx,ssp_limit_network_lnabcs,ep_partition,34,tinyint,YES,MUL
mysql-sl,tappx,ssp_limit_network_lnabcs_freezer,datacenter,1,varchar,NO,PRI
mysql-sl,tappx,ssp_limit_network_lnabcs_freezer,id_network,2,int,NO,PRI
mysql-sl,tappx,ssp_limit_network_lnabcs_freezer,endpoint,3,varchar,NO,PRI
mysql-sl,tappx,ssp_limit_network_lnabcs_freezer,adunit,4,varchar,NO,PRI
mysql-sl,tappx,ssp_limit_network_lnabcs_freezer,bundle,5,varchar,NO,PRI
mysql-sl,tappx,ssp_limit_network_lnabcs_freezer,channel,6,varchar,NO,PRI
mysql-sl,tappx,ssp_limit_network_lnabcs_freezer,id_size,7,int,NO,PRI
mysql-sl,tappx,ssp_limit_network_lnabcs_freezer,id_size_alternative_forced,8,int,NO,PRI
mysql-sl,tappx,ssp_limit_network_lnabcs_freezer,country,9,varchar,NO,PRI
mysql-sl,tappx,ssp_limit_network_lnabcs_freezer,combo_extra_id,10,varchar,NO,PRI
mysql-sl,tappx,ssp_limit_network_lnabcs_freezer,ts_freeze,11,datetime,NO,""
mysql-sl,tappx,ssp_limit_network_lnabcs_freezer,publisher_processed_requests,12,json,NO,""
mysql-sl,tappx,ssp_limit_network_lnabcs_freezer,last_live_hours,13,int,NO,""
mysql-sl,tappx,ssp_limit_network_lnabcs_freezer,rcpm,14,decimal,NO,""
mysql-sl,tappx,ssp_limit_network_lnabcs_freezer,rcpm_tx,15,decimal,NO,""
mysql-sl,tappx,ssp_limit_network_lnabcs_freezer,rcpm_restriction,16,decimal,NO,""
mysql-sl,tappx,ssp_limit_network_lnabcs_freezer,ts_combo_creation,17,datetime,NO,""
mysql-sl,tappx,ssp_limit_network_lnabcs_freezer,ts_last_block_end,18,datetime,NO,""
mysql-sl,tappx,ssp_limit_network_lnabcs_freezer,block_step,19,int,NO,""
mysql-sl,tappx,ssp_limit_network_lnabcs_freezer,ep_partition,20,tinyint,YES,MUL
mysql-sl,tappx,ssp_networks,id_network,1,int,NO,PRI
mysql-sl,tappx,ssp_networks,id_network_real,2,int,YES,""
mysql-sl,tappx,ssp_networks,name,3,varchar,NO,UNI
mysql-sl,tappx,ssp_networks,is_tappx_network,4,tinyint,NO,""
mysql-sl,tappx,ssp_networks,ssp_class_name,5,varchar,YES,""
mysql-sl,tappx,ssp_networks,owner,6,int,YES,""
mysql-sl,tappx,ssp_networks,bd_manager,7,int,YES,""
mysql-sl,tappx,ssp_networks,id_tam,8,int,YES,""
mysql-sl,tappx,ssp_networks,pub_id,9,varchar,YES,""
mysql-sl,tappx,ssp_networks,description,10,varchar,NO,""
mysql-sl,tappx,ssp_networks,type,11,enum,NO,""
mysql-sl,tappx,ssp_networks,traffic_source,12,enum,NO,""
mysql-sl,tappx,ssp_networks,ad_format,13,enum,NO,""
mysql-sl,tappx,ssp_networks,is_dmp,14,tinyint,NO,""
mysql-sl,tappx,ssp_networks,p121_active,15,enum,NO,""
mysql-sl,tappx,ssp_networks,reporting_active,16,tinyint,NO,""
mysql-sl,tappx,ssp_networks,price_in_request,17,int,YES,""
mysql-sl,tappx,ssp_networks,price_in_request_type,18,enum,YES,""
mysql-sl,tappx,ssp_networks,price_in_request_currency,19,enum,YES,""
mysql-sl,tappx,ssp_networks,price_in_response,20,tinyint,NO,""
mysql-sl,tappx,ssp_networks,price_in_response_type,21,enum,YES,""
mysql-sl,tappx,ssp_networks,price_in_response_currency,22,enum,YES,""
mysql-sl,tappx,ssp_networks,reporting_rtb,23,enum,NO,""
mysql-sl,tappx,ssp_networks,reporting_currency,24,enum,NO,""
mysql-sl,tappx,ssp_networks,reporting_lkqd,25,tinyint,NO,""
mysql-sl,tappx,ssp_networks,network_test,26,tinyint,NO,""
mysql-sl,tappx,ssp_networks,deprecated_active,27,tinyint,NO,""
mysql-sl,tappx,ssp_networks,blocked,28,timestamp,NO,""
mysql-sl,tappx,ssp_networks,block_reason,29,varchar,YES,""
mysql-sl,tappx,ssp_networks,ttl,30,smallint,YES,""
mysql-sl,tappx,ssp_networks,timezone_utc_diff,31,tinyint,YES,""
mysql-sl,tappx,ssp_networks,reporting_updated_same_day,32,tinyint,NO,""
mysql-sl,tappx,ssp_networks,reporting_country_info,33,tinyint,NO,""
mysql-sl,tappx,ssp_networks,reporting_clicks_info,34,tinyint,NO,""
mysql-sl,tappx,ssp_networks,waterfall_file_config,35,tinyint,NO,""
mysql-sl,tappx,ssp_networks,waterfall_default_order,36,tinyint,NO,""
mysql-sl,tappx,ssp_networks,waterfall_priority_group,37,tinyint,NO,""
mysql-sl,tappx,ssp_networks,waterfall_backfill,38,tinyint,NO,""
mysql-sl,tappx,ssp_networks,revenue_percentage,39,tinyint,NO,""
mysql-sl,tappx,ssp_networks,revenue_percentage_user_base,40,tinyint,NO,""
mysql-sl,tappx,ssp_networks,revenue_percentage_user_base_comment,41,varchar,YES,""
mysql-sl,tappx,ssp_networks,revenue_percentage_user_penalty,42,tinyint,NO,""
mysql-sl,tappx,ssp_networks,revenue_percentage_user_penalty_new,43,tinyint,YES,""
mysql-sl,tappx,ssp_networks,revenue_percentage_user,44,tinyint,NO,""
mysql-sl,tappx,ssp_networks,has_deals,45,tinyint,NO,""
mysql-sl,tappx,ssp_networks,has_floor_cpm,46,tinyint,NO,""
mysql-sl,tappx,ssp_networks,has_floor_cpc,47,tinyint,NO,""
mysql-sl,tappx,ssp_networks,restriction_rcpm_ignore_test,48,tinyint,NO,""
mysql-sl,tappx,ssp_networks,restriction_rcpm_ignore_test_extra,49,int,NO,""
mysql-sl,tappx,ssp_networks,restriction_rcpm_ignore_test_ts,50,timestamp,NO,""
mysql-sl,tappx,ssp_networks,restriction_rcpm_current,51,decimal,YES,""
mysql-sl,tappx,ssp_networks,restriction_rcpm_current_new,52,decimal,YES,""
mysql-sl,tappx,ssp_networks,restriction_max_cpm,53,decimal,NO,""
mysql-sl,tappx,ssp_networks,restriction_qps_current,54,int,NO,""
mysql-sl,tappx,ssp_networks,restriction_rcpm,55,decimal,YES,""
mysql-sl,tappx,ssp_networks,restriction_qps,56,int,YES,""
mysql-sl,tappx,ssp_networks,restriction_req_day,57,int,YES,""
mysql-sl,tappx,ssp_networks,restriction_revenue_day,58,int,YES,""
mysql-sl,tappx,ssp_networks,restriction_req_follow,59,enum,NO,""
mysql-sl,tappx,ssp_networks,restriction_comment,60,varchar,YES,""
mysql-sl,tappx,ssp_networks,mail_floor_changes,61,varchar,NO,""
mysql-sl,tappx,ssp_networks,mail_contact_name,62,varchar,NO,""
mysql-sl,tappx,ssp_networks,token,63,varchar,NO,""
mysql-sl,tappx,ssp_networks,auto_app_creation_block_user,64,bigint,YES,""
mysql-sl,tappx,ssp_networks,auto_apps_creation_step,65,int,YES,""
mysql-sl,tappx,ssp_networks,auto_floors,66,enum,YES,""
mysql-sl,tappx,ssp_networks,avg_reporting_duration,67,decimal,NO,""
mysql-sl,tappx,ssp_networks,last_exec_floor_change,68,date,YES,""
mysql-sl,tappx,ssp_networks,contact_poc_name,69,varchar,YES,""
mysql-sl,tappx,ssp_networks,contact_poc_mail,70,varchar,YES,""
mysql-sl,tappx,ssp_networks,contact_billing_name,71,varchar,YES,""
mysql-sl,tappx,ssp_networks,contact_billing_mail,72,varchar,YES,""
mysql-sl,tappx,ssp_networks,newsletter,73,tinyint,YES,""
mysql-sl,tappx,ssp_networks,is_space_id_provided,74,tinyint,YES,""
mysql-sl,tappx,ssp_networks,is_space_creation_manual,75,tinyint,NO,""
mysql-sl,tappx,ssp_networks,is_need_alternative_space,76,tinyint,NO,""
mysql-sl,tappx,ssp_networks,is_backfill_server,77,tinyint,NO,""
mysql-sl,tappx,ssp_networks,id_vendor,78,int,YES,""
mysql-sl,tappx,ssp_networks,classification_traffic,79,varchar,YES,""
mysql-sl,tappx,ssp_networks,report_stats,80,enum,YES,""
mysql-sl,tappx,ssp_networks,discrepancy,81,enum,YES,""
mysql-sl,tappx,ssp_networks,connection_side,82,enum,NO,""
mysql-sl,tappx,ssp_networks,active_second_call,83,tinyint,NO,""
mysql-sl,tappx,ssp_networks,id_company,84,int,YES,MUL
mysql-sl,tappx,ssp_networks,id_billing_group,85,int,YES,MUL
mysql-sl,tappx,ssp_networks,integration_type,86,varchar,YES,""
mysql-sl,tappx,ssp_networks,sch_class_name,87,varchar,YES,""
mysql-sl,tappx,ssp_networks,sch_accept_range,88,tinyint,NO,""
mysql-sl,tappx,ssp_networks,reporting_type,89,enum,YES,""
mysql-sl,tappx,ssp_networks,alias_user_last_update,90,varchar,YES,""
mysql-sl,tappx,ssp_networks,web_traffic_allow,91,enum,NO,""
mysql-sl,tappx,ssp_networks,repartir_margen_con_pub,92,tinyint,NO,""
mysql-sl,tappx,ssp_networks,idfa_traffic_allow,93,enum,NO,""
mysql-sl,tappx,ssp_networks,kpi_integration_task_id,94,varchar,YES,""
mysql-sl,tappx,ssp_networks,kpi_integration_task_created,95,date,YES,""
mysql-sl,tappx,ssp_networks,kpi_integration_task_started,96,date,YES,""
mysql-sl,tappx,ssp_networks,kpi_integration_task_completed,97,date,YES,""
mysql-sl,tappx,ssp_networks,kpi_precreation_date,98,date,YES,""
mysql-sl,tappx,ssp_networks,kpi_autotest_date,99,date,YES,""
mysql-sl,tappx,ssp_networks,kpi_creation_date,100,date,YES,""
mysql-sl,tappx,ssp_networks,kpi_first_request_date,101,date,YES,""
mysql-sl,tappx,ssp_networks,kpi_ready_for_first_goal,102,date,YES,""
mysql-sl,tappx,ssp_networks,kpi_first_goal_date,103,date,YES,""
mysql-sl,tappx,ssp_networks,kpi_exit_goal_date,104,date,YES,""
mysql-sl,tappx,ssp_networks,kpi_scaleup_goal_date,105,date,YES,""
mysql-sl,tappx,ssp_networks,kpi_good_network_goal_date,106,date,YES,""
mysql-sl,tappx,ssp_networks,kpi_integration_estimated_time,107,int,YES,""
mysql-sl,tappx,ssp_networks,kpi_integration_real_time,108,int,YES,""
mysql-sl,tappx,ssp_networks,kpi_api_integration_date,109,date,YES,""
mysql-sl,tappx,ssp_networks,lnabcs_launching_date,110,datetime,YES,""
mysql-sl,tappx,ssp_networks,lnabcs_launching_active,111,int,NO,""
mysql-sl,tappx,ssp_networks,video_display_allow,112,tinyint,NO,""
mysql-sl,tappx,ssp_networks,lnabcs_ignore_tbwl,113,tinyint,NO,""
mysql-sl,tappx,ssp_networks,ignore_ssp_margin,114,tinyint,NO,""
mysql-sl,tappx,ssp_networks,minimum_share_ignore_margin,115,tinyint,NO,""
mysql-sl,tappx,ssp_networks,minimum_share_ignore_margin_new,116,tinyint,YES,""
mysql-sl,tappx,ssp_pricegroup_app,id_pricegroup,1,bigint,NO,PRI
mysql-sl,tappx,ssp_pricegroup_app,id_app,2,bigint,YES,MUL
mysql-sl,tappx,ssp_pricegroup_app,name,3,varchar,YES,""
mysql-sl,tappx,ssp_pricegroup_country,id_pricegroup,1,bigint,NO,PRI
mysql-sl,tappx,ssp_pricegroup_country,id_country,2,bigint,NO,PRI
mysql-sl,tappx,ssp_pricegroup_floors,id_pricegroup,1,bigint,NO,PRI
mysql-sl,tappx,ssp_pricegroup_floors,id_size,2,smallint,NO,PRI
mysql-sl,tappx,ssp_pricegroup_floors,cpm,3,decimal,NO,""
mysql-sl,tappx,ssp_pricegroup_floors,last_update,4,datetime,NO,""
mysql-sl,tappx,ssp_pricegroup_floors_log,id,1,bigint,NO,PRI
mysql-sl,tappx,ssp_pricegroup_floors_log,timestamp,2,datetime,NO,MUL
mysql-sl,tappx,ssp_pricegroup_floors_log,id_app,3,bigint,YES,""
mysql-sl,tappx,ssp_pricegroup_floors_log,pricegroup_name,4,varchar,YES,""
mysql-sl,tappx,ssp_pricegroup_floors_log,id_pricegroup,5,bigint,NO,""
mysql-sl,tappx,ssp_pricegroup_floors_log,id_size,6,smallint,NO,""
mysql-sl,tappx,ssp_pricegroup_floors_log,old_value,7,varchar,YES,""
mysql-sl,tappx,ssp_pricegroup_floors_log,new_value,8,varchar,YES,""
mysql-sl,tappx,ssp_pricegroup_floors_log,processed,9,datetime,YES,""
mysql-sl,tappx,ssp_statistics,date,1,date,NO,PRI
mysql-sl,tappx,ssp_statistics,id_network,2,int,NO,PRI
mysql-sl,tappx,ssp_statistics,bundle_hash,3,varchar,NO,""
mysql-sl,tappx,ssp_statistics,id_space,4,varchar,NO,PRI
mysql-sl,tappx,ssp_statistics,id_size,5,int,NO,PRI
mysql-sl,tappx,ssp_statistics,size,6,varchar,NO,""
mysql-sl,tappx,ssp_statistics,country,7,varchar,NO,PRI
mysql-sl,tappx,ssp_statistics,id_app,8,bigint,YES,""
mysql-sl,tappx,ssp_statistics,id_user,9,bigint,YES,""
mysql-sl,tappx,ssp_statistics,requests_uniques,10,int,NO,""
mysql-sl,tappx,ssp_statistics,requests_network,11,int,NO,""
mysql-sl,tappx,ssp_statistics,requests_tracked,12,int,NO,""
mysql-sl,tappx,ssp_statistics,received_tracked,13,int,NO,""
mysql-sl,tappx,ssp_statistics,deliveries_network,14,int,NO,""
mysql-sl,tappx,ssp_statistics,deliveries_tracked,15,int,NO,""
mysql-sl,tappx,ssp_statistics,impressions_network,16,int,NO,""
mysql-sl,tappx,ssp_statistics,impressions_tracked,17,int,NO,""
mysql-sl,tappx,ssp_statistics,clicks_network,18,int,NO,""
mysql-sl,tappx,ssp_statistics,revenue_gross_network,19,decimal,NO,""
mysql-sl,tappx,ssp_statistics,revenue_gross,20,decimal,NO,""
mysql-sl,tappx,ssp_statistics,revenue_net,21,decimal,NO,""
mysql-sl,tappx,ssp_statistics,revenue_net_currency,22,varchar,NO,""
mysql-sl,tappx,ssp_statistics,network_penalty_percentage,23,decimal,NO,""
mysql-sl,tappx,ssp_statistics,user_revenue_percentage,24,decimal,NO,""
mysql-sl,tappx,ssp_statistics,user_revenue_value,25,decimal,NO,""
mysql-sl,tappx,ssp_statistics,floor_cpm,26,float,YES,""
mysql-sl,tappx,ssp_statistics,floor_cpc,27,float,YES,""
mysql-sl,tappx,ssp_statistics,invoice_demand,28,varchar,YES,""
mysql-sl,tappx,ssp_statistics,last_update,29,date,NO,MUL
mysql-sl,tappx,ssp_user_info,id_user,1,bigint,NO,PRI
mysql-sl,tappx,ssp_user_info,id_crm,2,bigint,YES,""
mysql-sl,tappx,ssp_user_info,type_connection,3,json,YES,""
mysql-sl,tappx,ssp_user_info,type_connection_detail,4,json,YES,""
mysql-sl,tappx,user,id,1,bigint,NO,PRI
mysql-sl,tappx,user,name,2,varchar,NO,""
mysql-sl,tappx,user,id_master,3,int,YES,""
mysql-sl,tappx,user,alias,4,varchar,YES,UNI
mysql-sl,tappx,user,sellersjson_priority,5,enum,NO,""
mysql-sl,tappx,user,id_group,6,varchar,YES,MUL
mysql-sl,tappx,user,user_type,7,enum,NO,""
mysql-sl,tappx,user,source,8,enum,YES,""
mysql-sl,tappx,user,mail,9,varchar,NO,UNI
mysql-sl,tappx,user,active,10,int,NO,""
mysql-sl,tappx,user,endpoint,11,varchar,NO,""
mysql-sl,tappx,user,connection_type,12,varchar,YES,""
mysql-sl,tappx,user,account_type,13,enum,NO,""
mysql-sl,tappx,user,owner,14,bigint,YES,MUL
mysql-sl,tappx,user,tam,15,bigint,YES,MUL
mysql-sl,tappx,user,amazon_tam_id,16,bigint,YES,""
mysql-sl,tappx,user,ssp_block_ibv,17,int,NO,""
mysql-sl,tappx,user,tappix_shared_all_apps,18,int,NO,""
mysql-sl,tappx,user,comments,19,tinytext,YES,""
mysql-sl,tappx,user,creation,20,timestamp,NO,""
mysql-sl,tappx,user,promotion_code_id,21,bigint,YES,MUL
mysql-sl,tappx,user,promotion_pending,22,int,NO,""
mysql-sl,tappx,user,pass,23,varchar,NO,""
mysql-sl,tappx,user,verified,24,int,NO,""
mysql-sl,tappx,user,verified_date,25,timestamp,YES,""
mysql-sl,tappx,user,last_connection,26,timestamp,YES,""
mysql-sl,tappx,user,monetize,27,tinyint,NO,""
mysql-sl,tappx,user,monetize_start,28,date,YES,""
mysql-sl,tappx,user,monetize_user_revenue_bonus,29,tinyint,NO,""
mysql-sl,tappx,user,no_newsletter,30,tinyint,NO,""
mysql-sl,tappx,user,profile_cross,31,tinyint,NO,""
mysql-sl,tappx,user,profile_cpm,32,tinyint,NO,""
mysql-sl,tappx,user,profile_perf,33,tinyint,NO,""
mysql-sl,tappx,user,profile_advertiser,34,tinyint,NO,""
mysql-sl,tappx,user,ids_profiles,35,varchar,NO,""
mysql-sl,tappx,user,advertise,36,tinyint,NO,""
mysql-sl,tappx,user,perf_affise_id,37,bigint,YES,UNI
mysql-sl,tappx,user,privacy_policy_version,38,int,NO,""
mysql-sl,tappx,user,bdam_c,39,int,YES,""
mysql-sl,tappx,user,rebate,40,decimal,NO,""
mysql-sl,tappx,user,dashboard_version,41,tinyint,NO,""
mysql-sl,tappx,user,has_api,42,tinyint,NO,""
mysql-sl,tappx,user,google_open_bidding_id,43,varchar,YES,""
mysql-sl,tappx,user_endpoint,id_user,1,bigint,NO,PRI
mysql-sl,tappx,user_endpoint,subdomain,2,varchar,NO,PRI
mysql-sl,tappx,user_endpoint,connection_type,3,varchar,NO,PRI
mysql-sl,tappx,user_endpoint,ad_format,4,enum,NO,PRI
mysql-sl,tappx,user_endpoint,create,5,timestamp,NO,""
mysql-sl,tappx,user_endpoint,us_west_blocked,6,timestamp,YES,""
mysql-sl,tappx,user_endpoint,us_east_blocked,7,timestamp,YES,""
mysql-sl,tappx,user_endpoint,eu_west_blocked,8,timestamp,YES,""
mysql-sl,tappx,user_endpoint,blocked,9,timestamp,YES,""
mysql-sl,tappx,user_endpoint,blocked_reason,10,varchar,YES,""
mysql-sl,tappx,user_endpoint,us_west_blocked_reason,11,varchar,YES,""
mysql-sl,tappx,user_endpoint,us_east_blocked_reason,12,varchar,YES,""
mysql-sl,tappx,user_endpoint,eu_west_blocked_reason,13,varchar,YES,""
mysql-sl,tappx,VIEW_LOOKER_LNABCS_Log,Filtrado,1,int,NO,""
mysql-sl,tappx,VIEW_LOOKER_LNABCS_Log,_date,2,date,NO,""
mysql-sl,tappx,VIEW_LOOKER_LNABCS_Log,network,3,varchar,YES,""
mysql-sl,tappx,VIEW_LOOKER_LNABCS_Log,_info,4,varchar,NO,""
mysql-sl,tappx,VIEW_LOOKER_LNABCS_Log,_value,5,varchar,NO,""
mysql-sl,tappx,VIEW_LOOKER_LNABCS_Log,total_combos,6,int,NO,""
mysql-sl,tappx,VIEW_LOOKER_performance_billing,date,1,date,NO,""
mysql-sl,tappx,VIEW_LOOKER_performance_billing,date_start,2,date,NO,""
mysql-sl,tappx,VIEW_LOOKER_performance_billing,date_end,3,date,NO,""
mysql-sl,tappx,VIEW_LOOKER_performance_billing,account_manager,4,varchar,YES,""
mysql-sl,tappx,VIEW_LOOKER_performance_billing,company,5,varchar,YES,""
mysql-sl,tappx,VIEW_LOOKER_performance_billing,id_network,6,int,NO,""
mysql-sl,tappx,VIEW_LOOKER_performance_billing,financial_year,7,int,NO,""
mysql-sl,tappx,VIEW_LOOKER_performance_billing,revenue_net,8,decimal,YES,""
mysql-sl,tappx,VIEW_LOOKER_performance_billing,revenue_discrepancy,9,decimal,YES,""
mysql-sl,tappx,VIEW_LOOKER_ssp_billing,date,1,date,NO,""
mysql-sl,tappx,VIEW_LOOKER_ssp_billing,date_start,2,date,NO,""
mysql-sl,tappx,VIEW_LOOKER_ssp_billing,date_end,3,date,NO,""
mysql-sl,tappx,VIEW_LOOKER_ssp_billing,account_manager,4,varchar,YES,""
mysql-sl,tappx,VIEW_LOOKER_ssp_billing,company,5,varchar,YES,""
mysql-sl,tappx,VIEW_LOOKER_ssp_billing,financial_year,6,int,NO,""
mysql-sl,tappx,VIEW_LOOKER_ssp_billing,id_network,7,int,NO,""
mysql-sl,tappx,VIEW_LOOKER_ssp_billing,revenue_net,8,decimal,YES,""
mysql-sl,tappx,VIEW_LOOKER_ssp_billing,revenue_discrepancy,9,decimal,YES,""
mysql-sl,tappx,VIEW_LOOKER_ssp_billing,revenue_fraud,10,decimal,YES,""
mysql-sl,tappx,VIEW_LOOKER_ssp_billing,revenue_penalty,11,decimal,YES,""
mysql-sl,tappx_performance,perf_agency_campaigns,id,1,bigint,NO,PRI
mysql-sl,tappx_performance,perf_agency_campaigns,id_attribution_platform,2,int,NO,MUL
mysql-sl,tappx_performance,perf_agency_campaigns,id_network,3,bigint,NO,MUL
mysql-sl,tappx_performance,perf_agency_campaigns,name,4,varchar,NO,""
mysql-sl,tappx_performance,perf_agency_campaigns,bundle,5,varchar,NO,""
mysql-sl,tappx_performance,perf_agency_campaigns,logo,6,varchar,NO,""
mysql-sl,tappx_performance,perf_agency_campaigns,app_id_in_attribution_platform,7,varchar,YES,""
mysql-sl,tappx_performance,perf_agency_campaigns,status,8,varchar,NO,""
mysql-sl,tappx_performance,perf_networks,id_network,1,bigint,NO,PRI
mysql-sl,tappx_performance,perf_networks,name,2,varchar,NO,UNI
mysql-sl,tappx_performance,perf_networks,description,3,varchar,NO,""
mysql-sl,tappx_performance,perf_networks,active,4,tinyint,NO,""
mysql-sl,tappx_performance,perf_networks,cpi_active,5,int,YES,""
mysql-sl,tappx_performance,perf_networks,blocked,6,timestamp,YES,""
mysql-sl,tappx_performance,perf_networks,block_reason,7,varchar,YES,""
mysql-sl,tappx_performance,perf_networks,bd_manager,8,int,YES,""
mysql-sl,tappx_performance,perf_networks,account_manager,9,bigint,YES,""
mysql-sl,tappx_performance,perf_networks,reporting_active,10,tinyint,NO,""
mysql-sl,tappx_performance,perf_networks,revenue_percentage,11,tinyint,NO,""
mysql-sl,tappx_performance,perf_networks,revenue_percentage_user_base,12,tinyint,NO,""
mysql-sl,tappx_performance,perf_networks,revenue_percentage_user_penalty,13,tinyint,NO,""
mysql-sl,tappx_performance,perf_networks,revenue_percentage_user,14,tinyint,NO,""
mysql-sl,tappx_performance,perf_networks,tappx_margin_percentage,15,tinyint,NO,""
mysql-sl,tappx_performance,perf_networks,publishers_penalty_percentage,16,tinyint,NO,""
mysql-sl,tappx_performance,perf_networks,currency,17,enum,NO,""
mysql-sl,tappx_performance,perf_networks,email,18,varchar,YES,""
mysql-sl,tappx_performance,perf_networks,tracking_platform_id,19,varchar,YES,UNI
mysql-sl,tappx_performance,perf_networks,date_added,20,date,YES,""
mysql-sl,tappx_performance,perf_networks,id_company,21,int,YES,""
mysql-sl,tappx_performance,perf_networks,id_billing_group,22,int,YES,MUL
mysql-sl,tappx_performance,perf_networks_setting,id_network,1,bigint,NO,PRI
mysql-sl,tappx_performance,perf_networks_setting,type,2,enum,YES,""
mysql-sl,tappx_performance,perf_networks_setting,visibility,3,enum,YES,""
mysql-sl,tappx_performance,perf_networks_setting,demand_category,4,enum,YES,""
mysql-sl,tappx_performance,perf_networks_setting,advertiser_platform_id,5,int,YES,""
mysql-sl,tappx_performance,perf_networks_setting,category_id,6,int,YES,MUL
mysql-sl,tappx_performance,perf_networks_setting,is_manual,7,tinyint,NO,""
mysql-sl,tappx_performance,perf_networks_setting,is_direct,8,tinyint,NO,""
mysql-sl,tappx_performance,perf_networks_setting,antifraud_active,9,tinyint,NO,""
mysql-sl,tappx_performance,perf_networks_setting,custom_creatives,10,tinyint,YES,""
mysql-sl,tappx_performance,perf_networks_setting,tracking_platform,11,enum,YES,""
mysql-sl,tappx_performance,perf_networks_setting,redirection_steps,12,int,YES,""
mysql-sl,tappx_performance,perf_networks_setting,autosend_cpc_postback,13,tinyint,YES,""
mysql-sl,tappx_performance,perf_networks_setting,agency_currency,14,enum,NO,""
mysql-sl,tappx_performance,perf_networks_setting,attribution_type,15,enum,YES,""
mysql-sl,tappx_performance,perf_networks_setting,monthly_budget,16,int,YES,""
mysql-sl,tappx_performance,perf_networks_setting,allows_probabilistic_attribution,17,tinyint,NO,""
mysql-sl,tappx_performance,perf_networks_setting,max_allowed_days,18,int,YES,""
mysql-sl,tappx_performance,perf_networks_setting,has_appsflyer_raw_data,19,tinyint,YES,""
mysql-sl,tappx_performance,perf_offer,id,1,bigint,NO,PRI
mysql-sl,tappx_performance,perf_offer,deal_id,2,bigint,YES,MUL
mysql-sl,tappx_performance,perf_offer,tracking_platform_id,3,varchar,YES,MUL
mysql-sl,tappx_performance,perf_offer,name,4,varchar,NO,""
mysql-sl,tappx_performance,perf_offer,description,5,longtext,NO,""
mysql-sl,tappx_performance,perf_offer,advertiser_description,6,longtext,YES,""
mysql-sl,tappx_performance,perf_offer,default_payout,7,double,NO,""
mysql-sl,tappx_performance,perf_offer,tracking_url,8,varchar,NO,""
mysql-sl,tappx_performance,perf_offer,imp_pixel_url,9,varchar,YES,""
mysql-sl,tappx_performance,perf_offer,advertiser_offer_id,10,varchar,NO,""
mysql-sl,tappx_performance,perf_offer,creation_date,11,date,NO,""
mysql-sl,tappx_performance,perf_offer,expiration_date,12,date,NO,""
mysql-sl,tappx_performance,perf_offer,protocol,13,varchar,NO,""
mysql-sl,tappx_performance,perf_offer,revenue_type,14,varchar,NO,""
mysql-sl,tappx_performance,perf_offer,revenue_mode,15,varchar,YES,""
mysql-sl,tappx_performance,perf_offer,revenue_margin_percentage,16,double,YES,""
mysql-sl,tappx_performance,perf_offer,payout_type,17,varchar,NO,""
mysql-sl,tappx_performance,perf_offer,payable_event,18,varchar,YES,""
mysql-sl,tappx_performance,perf_offer,revenue_value,19,double,YES,""
mysql-sl,tappx_performance,perf_offer,goal_type,20,varchar,YES,""
mysql-sl,tappx_performance,perf_offer,goal,21,double,YES,""
mysql-sl,tappx_performance,perf_offer,max_cpm,22,double,YES,""
mysql-sl,tappx_performance,perf_offer,manual_status,23,varchar,NO,""
mysql-sl,tappx_performance,perf_offer,status,24,varchar,NO,""
mysql-sl,tappx_performance,perf_offer,daily_conversion_cap,25,int,YES,""
mysql-sl,tappx_performance,perf_offer,preview_url,26,varchar,YES,""
mysql-sl,tappx_performance,perf_offer,preview_icon,27,varchar,YES,""
mysql-sl,tappx_performance,perf_offer,advertiser_id,28,bigint,NO,MUL
mysql-sl,tappx_performance,perf_offer,bundle_id,29,varchar,YES,""
mysql-sl,tappx_performance,perf_offer,last_update,30,datetime,YES,""
mysql-sl,tappx_performance,perf_offer,updated,31,int,NO,""
mysql-sl,tappx_performance,perf_offer,aid_required,32,int,NO,""
mysql-sl,tappx_performance,perf_offer,cities,33,text,YES,""
mysql-sl,tappx_performance,perf_offer,kpis_info,34,varchar,YES,""
mysql-sl,tappx_performance,perf_offer,isaffise,35,int,YES,""
mysql-sl,tappx_performance,perf_offer,mobile_content,36,int,YES,""
mysql-sl,tappx_performance,perf_offer,validator_errors,37,int,YES,""
mysql-sl,tappx_performance,perf_offer,validations_active,38,int,YES,""
mysql-sl,tappx_performance,perf_offer,cross_advertiser_id,39,int,YES,""
mysql-sl,tappx_performance,perf_offer,cross_campaign_id,40,bigint,YES,UNI
mysql-sl,tappx_performance,perf_offer,geos,41,json,YES,""
mysql-sl,tappx_performance,perf_offer,offer_caps,42,json,YES,""
mysql-sl,tappx_performance,perf_offer,algorithms,43,json,YES,""
mysql-sl,tappx_performance,perf_offer,priorities,44,json,YES,""
mysql-sl,tappx_performance,perf_offer,traffic_type,45,json,YES,""
mysql-sl,tappx_performance,perf_offer,is_sdk,46,int,NO,""
mysql-sl,tappx_performance,perf_offer,allows_probabilistic_attribution,47,tinyint,NO,""
mysql-sl,tappx_performance,perf_offer,allows_auto_optimization,48,tinyint,NO,""
mysql-sl,tappx_performance,perf_offer,sdk_config,49,varchar,YES,""
mysql-sl,tappx_performance,perf_offer,start_at,50,datetime,YES,""
mysql-sl,tappx_performance,perf_offer,end_at,51,datetime,YES,""
mysql-sl,tappx_performance,perf_offer_changelog,id,1,bigint,NO,PRI
mysql-sl,tappx_performance,perf_offer_changelog,offer_id,2,bigint,YES,""
mysql-sl,tappx_performance,perf_offer_changelog,alias_user_last_update,3,varchar,YES,""
mysql-sl,tappx_performance,perf_offer_changelog,create_time,4,datetime,YES,""
mysql-sl,tappx_performance,perf_offer_changelog,change_log,5,json,YES,""
mysql-sl,tappx_performance,perf_rotator_creatives,id,1,varchar,YES,""
mysql-sl,tappx_performance,perf_rotator_creatives,id_offer,2,bigint,NO,""
mysql-sl,tappx_performance,perf_rotator_creatives,status,3,varchar,NO,""
mysql-sl,tappx_performance,perf_rotator_creatives,file_name,4,varchar,YES,""
mysql-sl,tappx_performance,perf_rotator_creatives,image_url,5,varchar,YES,""
mysql-sl,tappx_performance,perf_rotator_creatives,size,6,varchar,YES,""
mysql-sl,tappx_performance,perf_rotator_creatives,width,7,int,YES,""
mysql-sl,tappx_performance,perf_rotator_creatives,height,8,int,YES,""
mysql-sl,tappx_performance,perf_rotator_creatives,aspect_ratio,9,decimal,YES,""
mysql-sl,tappx_performance,perf_rotator_creatives,ad_format,10,varchar,NO,""
mysql-sl,tappx_performance,perf_rotator_creatives,video_duration,11,int,YES,""
mysql-sl,tappx_performance,perf_rotator_creatives,vast_link,12,text,YES,""
mysql-sl,tappx_performance,perf_rotator_creatives,vast_xml,13,text,YES,""
mysql-sl,tappx_performance,perf_rotator_creatives,traffic_type,14,json,YES,""
mysql-sl,tappx_performance,perf_rotator_creatives,categories,15,varchar,YES,""
mysql-sl,tappx_performance,perf_rotator_offers,id_offer,1,bigint,NO,PRI
mysql-sl,tappx_performance,perf_rotator_offers,id_deal,2,bigint,YES,""
mysql-sl,tappx_performance,perf_rotator_offers,bundle_id,3,varchar,YES,""
mysql-sl,tappx_performance,perf_rotator_offers,app_name,4,varchar,YES,""
mysql-sl,tappx_performance,perf_rotator_offers,country,5,varchar,NO,""
mysql-sl,tappx_performance,perf_rotator_offers,geos,6,json,YES,""
mysql-sl,tappx_performance,perf_rotator_offers,cities,7,text,YES,""
mysql-sl,tappx_performance,perf_rotator_offers,carrier,8,varchar,NO,""
mysql-sl,tappx_performance,perf_rotator_offers,device_types,9,varchar,NO,""
mysql-sl,tappx_performance,perf_rotator_offers,device_platforms,10,varchar,NO,""
mysql-sl,tappx_performance,perf_rotator_offers,device_os,11,varchar,NO,""
mysql-sl,tappx_performance,perf_rotator_offers,payout,12,double,YES,""
mysql-sl,tappx_performance,perf_rotator_offers,id_network,13,bigint,NO,""
mysql-sl,tappx_performance,perf_rotator_offers,advertiser_acronym,14,varchar,NO,""
mysql-sl,tappx_performance,perf_rotator_offers,advertiser_name,15,varchar,NO,""
mysql-sl,tappx_performance,perf_rotator_offers,status,16,varchar,NO,""
mysql-sl,tappx_performance,perf_rotator_offers,aid_required,17,int,NO,""
mysql-sl,tappx_performance,perf_rotator_offers,last_update,18,datetime,YES,""
mysql-sl,tappx_performance,perf_rotator_offers,tracking_platform,19,varchar,YES,""
mysql-sl,tappx_performance,perf_rotator_offers,uses_own_creatives,20,int,YES,""
mysql-sl,tappx_performance,perf_rotator_offers,description,21,varchar,YES,""
mysql-sl,tappx_performance,perf_rotator_offers,short_description,22,varchar,YES,""
mysql-sl,tappx_performance,perf_rotator_offers,downloads,23,varchar,YES,""
mysql-sl,tappx_performance,perf_rotator_offers,language,24,varchar,YES,""
mysql-sl,tappx_performance,perf_rotator_offers,price,25,varchar,YES,""
mysql-sl,tappx_performance,perf_rotator_offers,score,26,float,YES,""
mysql-sl,tappx_performance,perf_rotator_offers,min_os_version,27,varchar,YES,""
mysql-sl,tappx_performance,perf_rotator_offers,max_os_version,28,varchar,YES,""
mysql-sl,tappx_performance,perf_rotator_offers,preview_url,29,varchar,YES,""
mysql-sl,tappx_performance,perf_rotator_offers,tracking_url,30,text,NO,""
mysql-sl,tappx_performance,perf_rotator_offers,imp_pixel_url,31,varchar,YES,""
mysql-sl,tappx_performance,perf_rotator_offers,max_cpm,32,decimal,YES,""
mysql-sl,tappx_performance,perf_rotator_offers,rev_type,33,varchar,NO,""
mysql-sl,tappx_performance,perf_rotator_offers,rev_mode,34,varchar,YES,""
mysql-sl,tappx_performance,perf_rotator_offers,payout_margin_percentage,35,double,YES,""
mysql-sl,tappx_performance,perf_rotator_offers,autosend_cpc_postback,36,tinyint,YES,""
mysql-sl,tappx_performance,perf_rotator_offers,cross_advertiser_id,37,int,YES,""
mysql-sl,tappx_performance,perf_rotator_offers,tappx_categories,38,varchar,YES,""
mysql-sl,tappx_performance,perf_rotator_offers,goal_type,39,varchar,YES,""
mysql-sl,tappx_performance,perf_rotator_offers,goal,40,double,YES,""
mysql-sl,tappx_performance,perf_rotator_offers,adomain,41,varchar,YES,""
mysql-sl,tappx_performance,perf_rotator_offers,algorithms,42,json,YES,""
mysql-sl,tappx_performance,perf_rotator_offers,priorities,43,json,YES,""
mysql-sl,tappx_performance,perf_rotator_offers,traffic_type,44,json,YES,""
mysql-sl,tappx_performance,perf_rotator_offers,allows_probabilistic_attribution,45,tinyint,NO,""
mysql-sl,tappx_performance,perf_rotator_offers,sdk_config,46,varchar,YES,""
mysql-sl,tappx_performance,perf_ssp_traffic_config,country,1,varchar,NO,PRI
mysql-sl,tappx_performance,perf_ssp_traffic_config,region,2,varchar,NO,PRI
mysql-sl,tappx_performance,perf_ssp_traffic_config,subregion,3,varchar,NO,PRI
mysql-sl,tappx_performance,perf_ssp_traffic_config,city,4,varchar,NO,PRI
mysql-sl,tappx_performance,perf_ssp_traffic_config,os,5,varchar,NO,PRI
mysql-sl,tappx_performance,perf_ssp_traffic_config,ad_format,6,enum,NO,PRI
mysql-sl,tappx_performance,perf_ssp_traffic_config,id_size,7,varchar,NO,PRI
mysql-sl,tappx_performance,perf_ssp_traffic_config,adunit,8,varchar,NO,PRI
mysql-sl,tappx_performance,perf_ssp_traffic_config,bundle,9,varchar,NO,PRI
mysql-sl,tappx_performance,perf_ssp_traffic_config,active,10,tinyint,YES,""
mysql-sl,tappx_performance,perf_ssp_traffic_config,price,11,decimal,NO,""
mysql-sl,tappx_performance,perf_ssp_traffic_config,percentage,12,int,NO,""
mysql-sl,tappx_performance,perf_ssp_traffic_config,comment,13,varchar,YES,""
mysql-sl,tappx_performance,perf_ssp_traffic_config,ts_added,14,datetime,NO,""
mysql-sl,tappx_performance,perf_ssp_traffic_config,who_added,15,varchar,YES,""
mysql-sl,tappx_performance,perf_user,id_tappx,1,int,NO,PRI
mysql-sl,tappx_performance,perf_user,id_affise,2,int,NO,""
mysql-sl,tappx_performance,perf_user,integration_active,3,tinyint,YES,""
mysql-sl,tappx_performance,perf_user,id_platform,4,varchar,YES,""
mysql-sl,tappx_performance,perf_user,id_voluum,5,varchar,YES,""
mysql-sl,tappx_performance,perf_user,id_appsflyer,6,varchar,YES,UNI
mysql-sl,tappx_performance,perf_user,id_adjust,7,varchar,YES,UNI
mysql-sl,tappx_performance,perf_user,id_adjust_enc,8,varchar,YES,UNI
mysql-sl,tappx_performance,perf_user,id_adjust_complete,9,varchar,YES,UNI
mysql-sl,tappx_performance,perf_user,id_branch,10,varchar,YES,UNI
mysql-sl,tappx_performance,perf_user,id_kochava,11,varchar,YES,UNI
mysql-sl,tappx_performance,perf_user,publisher_type,12,varchar,YES,""
mysql-sl,tappx_performance,perf_user,logo,13,mediumblob,YES,""
mysql-sl,tappx_ssp_statistics,ssp_stats_by_network,date,1,date,NO,PRI
mysql-sl,tappx_ssp_statistics,ssp_stats_by_network,id_network,2,int,NO,PRI
mysql-sl,tappx_ssp_statistics,ssp_stats_by_network,network,3,varchar,NO,""
mysql-sl,tappx_ssp_statistics,ssp_stats_by_network,requests,4,bigint,NO,""
mysql-sl,tappx_ssp_statistics,ssp_stats_by_network,ads_received,5,bigint,NO,""
mysql-sl,tappx_ssp_statistics,ssp_stats_by_network,ads_served,6,bigint,NO,""
mysql-sl,tappx_ssp_statistics,ssp_stats_by_network,impressions,7,bigint,NO,""
mysql-sl,tappx_ssp_statistics,ssp_stats_by_network,rev_net,8,decimal,NO,""
mysql-sl,tappx_ssp_statistics,ssp_stats_by_network,rev_usr,9,decimal,NO,""
mysql-sl,tappx_ssp_statistics,ssp_stats_by_network,BD,10,int,YES,""
mysql-sl,tappx_ssp_statistics,ssp_stats_by_network,AM,11,int,YES,""
mysql-sl,tappx_ssp_statistics,ssp_stats_by_network,TAM,12,int,YES,""
mysql-sl,tappx_ssp_statistics,ssp_stats_by_network,Company,13,int,YES,""
mysql-sl,tappx_ssp_statistics,ssp_stats_by_os,date,1,date,NO,PRI
mysql-sl,tappx_ssp_statistics,ssp_stats_by_os,id_os,2,int,NO,PRI
mysql-sl,tappx_ssp_statistics,ssp_stats_by_os,os,3,varchar,NO,""
mysql-sl,tappx_ssp_statistics,ssp_stats_by_os,pub_requests_total,4,bigint,NO,""
mysql-sl,tappx_ssp_statistics,ssp_stats_by_os,pub_requests_processed,5,bigint,NO,""
mysql-sl,tappx_ssp_statistics,ssp_stats_by_os,pub_deliveries,6,bigint,NO,""
mysql-sl,tappx_ssp_statistics,ssp_stats_by_os,net_requests,7,bigint,NO,""
mysql-sl,tappx_ssp_statistics,ssp_stats_by_os,net_ads_received,8,bigint,NO,""
mysql-sl,tappx_ssp_statistics,ssp_stats_by_os,net_ads_served,9,bigint,NO,""
mysql-sl,tappx_ssp_statistics,ssp_stats_by_os,impressions,10,bigint,NO,""
mysql-sl,tappx_ssp_statistics,ssp_stats_by_os,net_revenue,11,decimal,NO,""
mysql-sl,tappx_ssp_statistics,ssp_stats_by_os,pub_revenue,12,decimal,NO,""
mysql-sl,tappx_ssp_statistics,ssp_stats_by_size,date,1,date,NO,PRI
mysql-sl,tappx_ssp_statistics,ssp_stats_by_size,id_size,2,int,NO,PRI
mysql-sl,tappx_ssp_statistics,ssp_stats_by_size,size,3,varchar,NO,""
mysql-sl,tappx_ssp_statistics,ssp_stats_by_size,pub_requests_total,4,bigint,NO,""
mysql-sl,tappx_ssp_statistics,ssp_stats_by_size,pub_requests_processed,5,bigint,NO,""
mysql-sl,tappx_ssp_statistics,ssp_stats_by_size,pub_deliveries,6,bigint,NO,""
mysql-sl,tappx_ssp_statistics,ssp_stats_by_size,net_requests,7,bigint,NO,""
mysql-sl,tappx_ssp_statistics,ssp_stats_by_size,net_ads_received,8,bigint,NO,""
mysql-sl,tappx_ssp_statistics,ssp_stats_by_size,net_ads_served,9,bigint,NO,""
mysql-sl,tappx_ssp_statistics,ssp_stats_by_size,impressions,10,bigint,NO,""
mysql-sl,tappx_ssp_statistics,ssp_stats_by_size,net_revenue,11,decimal,NO,""
mysql-sl,tappx_ssp_statistics,ssp_stats_by_size,pub_revenue,12,decimal,NO,""
mysql-sl,tappx_ssp_statistics,ssp_stats_networks_by_bundle_history,date,1,date,NO,PRI
mysql-sl,tappx_ssp_statistics,ssp_stats_networks_by_bundle_history,endpoint,2,varchar,NO,PRI
mysql-sl,tappx_ssp_statistics,ssp_stats_networks_by_bundle_history,adunit,3,varchar,NO,PRI
mysql-sl,tappx_ssp_statistics,ssp_stats_networks_by_bundle_history,bundle,4,varchar,NO,PRI
mysql-sl,tappx_ssp_statistics,ssp_stats_networks_by_bundle_history,bundle_platform,5,varchar,NO,""
mysql-sl,tappx_ssp_statistics,ssp_stats_networks_by_bundle_history,ad_type,6,varchar,NO,PRI
mysql-sl,tappx_ssp_statistics,ssp_stats_networks_by_bundle_history,id_size,7,int,NO,PRI
mysql-sl,tappx_ssp_statistics,ssp_stats_networks_by_bundle_history,country,8,varchar,NO,PRI
mysql-sl,tappx_ssp_statistics,ssp_stats_networks_by_bundle_history,combo_extra_id,9,varchar,NO,PRI
mysql-sl,tappx_ssp_statistics,ssp_stats_networks_by_bundle_history,id_network,10,bigint,NO,PRI
mysql-sl,tappx_ssp_statistics,ssp_stats_networks_by_bundle_history,network_key,11,varchar,NO,PRI
mysql-sl,tappx_ssp_statistics,ssp_stats_networks_by_bundle_history,requests,12,bigint,NO,""
mysql-sl,tappx_ssp_statistics,ssp_stats_networks_by_bundle_history,deliveries_network,13,bigint,NO,""
mysql-sl,tappx_ssp_statistics,ssp_stats_networks_by_bundle_history,deliveries_winner,14,bigint,NO,""
mysql-sl,tappx_ssp_statistics,ssp_stats_networks_by_bundle_history,impressions,15,bigint,NO,""
mysql-sl,tappx_ssp_statistics,ssp_stats_networks_by_bundle_history,clicks,16,bigint,NO,""
mysql-sl,tappx_ssp_statistics,ssp_stats_networks_by_bundle_history,revenue_gross,17,decimal,NO,""
mysql-sl,tappx_ssp_statistics,ssp_stats_networks_by_bundle_history,revenue_net,18,decimal,NO,""
mysql-sl,tappx_ssp_statistics,ssp_stats_networks_by_bundle_history,revenue_publisher,19,decimal,NO,""
mysql-sl,tappx_ssp_statistics,ssp_stats_networks_by_bundle_history,v_quartiles_0,20,bigint,NO,""
mysql-sl,tappx_ssp_statistics,ssp_stats_networks_by_bundle_history,v_quartiles_25,21,bigint,NO,""
mysql-sl,tappx_ssp_statistics,ssp_stats_networks_by_bundle_history,v_quartiles_50,22,bigint,NO,""
mysql-sl,tappx_ssp_statistics,ssp_stats_networks_by_bundle_history,v_quartiles_75,23,bigint,NO,""
mysql-sl,tappx_ssp_statistics,ssp_stats_networks_by_bundle_history,v_quartiles_100,24,bigint,NO,""
mysql-sl,tappx_stats_performance,KPIS_perf_advertisers,month,1,varchar,YES,""
mysql-sl,tappx_stats_performance,KPIS_perf_advertisers,id_network,2,varchar,YES,""
mysql-sl,tappx_stats_performance,KPIS_perf_advertisers,account_manager,3,varchar,YES,""
mysql-sl,tappx_stats_performance,KPIS_perf_advertisers,revenue,4,decimal,YES,""
mysql-sl,tappx_stats_performance,KPIS_perf_advertisers,revenue_advertiser,5,decimal,YES,""
mysql-sl,tappx_stats_performance,KPIS_perf_advertisers,payout,6,decimal,YES,""
mysql-sl,tappx_stats_performance,KPIS_perf_advertisers,profit,7,decimal,YES,""
mysql-sl,tappx_stats_performance,KPIS_perf_advertisers,margin,8,decimal,YES,""
mysql-sl,tappx_stats_performance,KPIS_perf_publishers,month,1,varchar,YES,""
mysql-sl,tappx_stats_performance,KPIS_perf_publishers,id_user,2,varchar,YES,""
mysql-sl,tappx_stats_performance,KPIS_perf_publishers,account_manager,3,varchar,YES,""
mysql-sl,tappx_stats_performance,KPIS_perf_publishers,revenue,4,decimal,YES,""
mysql-sl,tappx_stats_performance,KPIS_perf_publishers,revenue_advertiser,5,decimal,YES,""
mysql-sl,tappx_stats_performance,KPIS_perf_publishers,payout,6,decimal,YES,""
mysql-sl,tappx_stats_performance,KPIS_perf_publishers,profit,7,decimal,YES,""
mysql-sl,tappx_stats_performance,KPIS_perf_publishers,margin,8,decimal,YES,""
mysql-sl,tappx_stats_performance,perf_adjust_event_data,date,1,date,NO,PRI
mysql-sl,tappx_stats_performance,perf_adjust_event_data,publisher_name,2,varchar,NO,PRI
mysql-sl,tappx_stats_performance,perf_adjust_event_data,tracking_platform,3,enum,NO,PRI
mysql-sl,tappx_stats_performance,perf_adjust_event_data,offer_bundle,4,varchar,NO,PRI
mysql-sl,tappx_stats_performance,perf_adjust_event_data,country,5,varchar,NO,PRI
mysql-sl,tappx_stats_performance,perf_adjust_event_data,id_os,6,enum,YES,""
mysql-sl,tappx_stats_performance,perf_adjust_event_data,type_monetization,7,enum,YES,MUL
mysql-sl,tappx_stats_performance,perf_adjust_event_data,event_name,8,varchar,NO,PRI
mysql-sl,tappx_stats_performance,perf_adjust_event_data,events,9,int,YES,""
mysql-sl,tappx_stats_performance,perf_advertisers_stats,date,1,date,NO,""
mysql-sl,tappx_stats_performance,perf_advertisers_stats,id_network,2,int,NO,""
mysql-sl,tappx_stats_performance,perf_advertisers_stats,name,3,varchar,YES,""
mysql-sl,tappx_stats_performance,perf_advertisers_stats,AM,4,varchar,YES,""
mysql-sl,tappx_stats_performance,perf_advertisers_stats,id_affise,5,varchar,YES,""
mysql-sl,tappx_stats_performance,perf_advertisers_stats,clicks,6,decimal,YES,""
mysql-sl,tappx_stats_performance,perf_advertisers_stats,conversions,7,decimal,YES,""
mysql-sl,tappx_stats_performance,perf_advertisers_stats,payout,8,decimal,YES,""
mysql-sl,tappx_stats_performance,perf_advertisers_stats,revenue,9,decimal,YES,""
mysql-sl,tappx_stats_performance,perf_affiliates_stats,date,1,date,NO,""
mysql-sl,tappx_stats_performance,perf_affiliates_stats,id_user,2,int,NO,""
mysql-sl,tappx_stats_performance,perf_affiliates_stats,name,3,varchar,YES,""
mysql-sl,tappx_stats_performance,perf_affiliates_stats,id_affise,4,int,NO,""
mysql-sl,tappx_stats_performance,perf_affiliates_stats,clicks,5,decimal,YES,""
mysql-sl,tappx_stats_performance,perf_affiliates_stats,conversions,6,decimal,YES,""
mysql-sl,tappx_stats_performance,perf_affiliates_stats,payout,7,decimal,YES,""
mysql-sl,tappx_stats_performance,perf_affiliates_stats,revenue,8,decimal,YES,""
mysql-sl,tappx_stats_performance,perf_affiliation_advertisers,date,1,date,NO,PRI
mysql-sl,tappx_stats_performance,perf_affiliation_advertisers,id_network,2,int,NO,PRI
mysql-sl,tappx_stats_performance,perf_affiliation_advertisers,id_affise,3,varchar,NO,""
mysql-sl,tappx_stats_performance,perf_affiliation_advertisers,id_app,4,int,NO,PRI
mysql-sl,tappx_stats_performance,perf_affiliation_advertisers,ad_type,5,varchar,NO,PRI
mysql-sl,tappx_stats_performance,perf_affiliation_advertisers,id_os,6,tinyint,YES,MUL
mysql-sl,tappx_stats_performance,perf_affiliation_advertisers,country,7,varchar,NO,PRI
mysql-sl,tappx_stats_performance,perf_affiliation_advertisers,requests,8,int,YES,""
mysql-sl,tappx_stats_performance,perf_affiliation_advertisers,total_requests,9,bigint,YES,""
mysql-sl,tappx_stats_performance,perf_affiliation_advertisers,deliveries,10,int,YES,""
mysql-sl,tappx_stats_performance,perf_affiliation_advertisers,impressions,11,int,YES,""
mysql-sl,tappx_stats_performance,perf_affiliation_advertisers,clicks,12,int,NO,""
mysql-sl,tappx_stats_performance,perf_affiliation_advertisers,conversions,13,int,NO,""
mysql-sl,tappx_stats_performance,perf_affiliation_advertisers,post_events,14,int,YES,""
mysql-sl,tappx_stats_performance,perf_affiliation_advertisers,revenue,15,decimal,YES,""
mysql-sl,tappx_stats_performance,perf_affiliation_advertisers,internal_revenue_gross,16,decimal,YES,""
mysql-sl,tappx_stats_performance,perf_affiliation_advertisers,currency,17,varchar,NO,""
mysql-sl,tappx_stats_performance,perf_affiliation_advertisers,invoice,18,bigint,YES,""
mysql-sl,tappx_stats_performance,perf_affiliation_advertisers,type_monetization,19,enum,YES,""
mysql-sl,tappx_stats_performance,perf_affiliation_conversions,date,1,date,NO,PRI
mysql-sl,tappx_stats_performance,perf_affiliation_conversions,id_network,2,bigint,YES,""
mysql-sl,tappx_stats_performance,perf_affiliation_conversions,id_offer,3,bigint,YES,""
mysql-sl,tappx_stats_performance,perf_affiliation_conversions,id_offer_affise,4,varchar,NO,PRI
mysql-sl,tappx_stats_performance,perf_affiliation_conversions,id_user,5,bigint,YES,""
mysql-sl,tappx_stats_performance,perf_affiliation_conversions,id_affiliate,6,bigint,NO,PRI
mysql-sl,tappx_stats_performance,perf_affiliation_conversions,sub_id,7,varchar,NO,PRI
mysql-sl,tappx_stats_performance,perf_affiliation_conversions,country,8,varchar,NO,PRI
mysql-sl,tappx_stats_performance,perf_affiliation_conversions,os,9,varchar,NO,PRI
mysql-sl,tappx_stats_performance,perf_affiliation_conversions,device_type,10,varchar,NO,PRI
mysql-sl,tappx_stats_performance,perf_affiliation_conversions,goal_value,11,varchar,NO,PRI
mysql-sl,tappx_stats_performance,perf_affiliation_conversions,status,12,varchar,NO,PRI
mysql-sl,tappx_stats_performance,perf_affiliation_conversions,comment,13,varchar,NO,PRI
mysql-sl,tappx_stats_performance,perf_affiliation_conversions,revenue,14,double,YES,""
mysql-sl,tappx_stats_performance,perf_affiliation_conversions,payout,15,double,YES,""
mysql-sl,tappx_stats_performance,perf_affiliation_conversions,conversions,16,int,YES,""
mysql-sl,tappx_stats_performance,perf_affiliation_offers,id_offer,1,bigint,NO,PRI
mysql-sl,tappx_stats_performance,perf_affiliation_offers,revenue,2,double,NO,""
mysql-sl,tappx_stats_performance,perf_affiliation_offers,rpm,3,double,NO,""
mysql-sl,tappx_stats_performance,perf_algorithm_cat_score,id,1,bigint,NO,PRI
mysql-sl,tappx_stats_performance,perf_algorithm_cat_score,algorithm,2,varchar,NO,""
mysql-sl,tappx_stats_performance,perf_algorithm_cat_score,tpx_cat_request,3,varchar,NO,""
mysql-sl,tappx_stats_performance,perf_algorithm_cat_score,tpx_cat_offer,4,varchar,NO,""
mysql-sl,tappx_stats_performance,perf_algorithm_cat_score,deliveries,5,int,NO,""
mysql-sl,tappx_stats_performance,perf_algorithm_cat_score,impressions,6,int,NO,""
mysql-sl,tappx_stats_performance,perf_algorithm_cat_score,installs,7,int,NO,""
mysql-sl,tappx_stats_performance,perf_algorithm_cat_score,revenue,8,decimal,NO,""
mysql-sl,tappx_stats_performance,perf_algorithm_cat_score,relation_score,9,decimal,NO,""
mysql-sl,tappx_stats_performance,perf_algorithm_cat_score,install_rate,10,decimal,NO,""
mysql-sl,tappx_stats_performance,perf_algorithm_cat_score,install_rate_x1000,11,decimal,NO,""
mysql-sl,tappx_stats_performance,perf_algorithm_cat_score,count,12,int,NO,""
mysql-sl,tappx_stats_performance,perf_algorithm_cat_score,created_at,13,timestamp,NO,""
mysql-sl,tappx_stats_performance,perf_algorithm_cat_score,updated_at,14,timestamp,NO,""
mysql-sl,tappx_stats_performance,perf_api_refresh,id,1,int,NO,PRI
mysql-sl,tappx_stats_performance,perf_api_refresh,id_refresh,2,int,NO,""
mysql-sl,tappx_stats_performance,perf_api_refresh,id_network,3,bigint,YES,""
mysql-sl,tappx_stats_performance,perf_api_refresh,start_time,4,timestamp,NO,""
mysql-sl,tappx_stats_performance,perf_api_refresh,duration,5,bigint,NO,""
mysql-sl,tappx_stats_performance,perf_appsflyer_event_data,date,1,date,NO,PRI
mysql-sl,tappx_stats_performance,perf_appsflyer_event_data,app_id,2,varchar,NO,PRI
mysql-sl,tappx_stats_performance,perf_appsflyer_event_data,affiliate_id,3,varchar,NO,PRI
mysql-sl,tappx_stats_performance,perf_appsflyer_event_data,site_id,4,varchar,NO,PRI
mysql-sl,tappx_stats_performance,perf_appsflyer_event_data,media_source,5,varchar,NO,PRI
mysql-sl,tappx_stats_performance,perf_appsflyer_event_data,country,6,varchar,NO,PRI
mysql-sl,tappx_stats_performance,perf_appsflyer_event_data,event_type,7,varchar,NO,PRI
mysql-sl,tappx_stats_performance,perf_appsflyer_event_data,account_type,8,varchar,NO,PRI
mysql-sl,tappx_stats_performance,perf_appsflyer_event_data,event_counter,9,int,YES,""
mysql-sl,tappx_stats_performance,perf_appsflyer_event_data,unique_users,10,int,YES,""
mysql-sl,tappx_stats_performance,perf_appsflyer_event_data,revenue,11,double,YES,""
mysql-sl,tappx_stats_performance,perf_appsflyer_fraud_data,date,1,date,NO,PRI
mysql-sl,tappx_stats_performance,perf_appsflyer_fraud_data,app_id,2,varchar,NO,PRI
mysql-sl,tappx_stats_performance,perf_appsflyer_fraud_data,affiliate_id,3,varchar,NO,PRI
mysql-sl,tappx_stats_performance,perf_appsflyer_fraud_data,site_id,4,varchar,NO,PRI
mysql-sl,tappx_stats_performance,perf_appsflyer_fraud_data,media_source,5,varchar,NO,PRI
mysql-sl,tappx_stats_performance,perf_appsflyer_fraud_data,country,6,varchar,NO,PRI
mysql-sl,tappx_stats_performance,perf_appsflyer_fraud_data,account_type,7,varchar,NO,PRI
mysql-sl,tappx_stats_performance,perf_appsflyer_fraud_data,total_installs,8,int,YES,""
mysql-sl,tappx_stats_performance,perf_appsflyer_fraud_data,percent_blocked_installs,9,float,YES,""
mysql-sl,tappx_stats_performance,perf_appsflyer_fraud_data,detected_percent_blocked_installs,10,float,YES,""
mysql-sl,tappx_stats_performance,perf_appsflyer_fraud_data,total_fraudulent_installs,11,float,YES,""
mysql-sl,tappx_stats_performance,perf_appsflyer_fraud_data,percent_fraudulent_installs,12,float,YES,""
mysql-sl,tappx_stats_performance,perf_appsflyer_fraud_data,total_hijacked_installs,13,int,YES,""
mysql-sl,tappx_stats_performance,perf_appsflyer_fraud_data,total_detected_hijacked_installs,14,int,YES,""
mysql-sl,tappx_stats_performance,perf_appsflyer_fraud_data,total_fake_installs,15,int,YES,""
mysql-sl,tappx_stats_performance,perf_appsflyer_fraud_data,total_detected_fake_installs,16,int,YES,""
mysql-sl,tappx_stats_performance,perf_appsflyer_fraud_data,total_clicks,17,int,YES,""
mysql-sl,tappx_stats_performance,perf_appsflyer_fraud_data,percent_blocked_aggregated_in_apps,18,float,YES,""
mysql-sl,tappx_stats_performance,perf_appsflyer_fraud_data,total_aggregated_in_apps,19,int,YES,""
mysql-sl,tappx_stats_performance,perf_appsflyer_fraud_data,device_rank_new_device_installs,20,int,YES,""
mysql-sl,tappx_stats_performance,perf_appsflyer_fraud_data,device_rank_new_device_installs_rate,21,float,YES,""
mysql-sl,tappx_stats_performance,perf_appsflyer_fraud_data,device_rank_new_device_loyal_user_rate,22,float,YES,""
mysql-sl,tappx_stats_performance,perf_appsflyer_fraud_data,device_rank_lat_device_installs,23,int,YES,""
mysql-sl,tappx_stats_performance,perf_appsflyer_fraud_data,device_rank_lat_device_installs_rate,24,float,YES,""
mysql-sl,tappx_stats_performance,perf_appsflyer_fraud_data,device_rank_lat_device_loyal_user_rate,25,float,YES,""
mysql-sl,tappx_stats_performance,perf_appsflyer_fraud_data,conversion_rate,26,float,YES,""
mysql-sl,tappx_stats_performance,perf_appsflyer_fraud_data,contribution,27,float,YES,""
mysql-sl,tappx_stats_performance,perf_appsflyer_fraud_data,ctit_over_one_hour,28,float,YES,""
mysql-sl,tappx_stats_performance,perf_appsflyer_fraud_data,ctit_over_five_hours,29,float,YES,""
mysql-sl,tappx_stats_performance,perf_appsflyer_fraud_data,campaign,30,int,YES,""
mysql-sl,tappx_stats_performance,perf_appsflyer_fraud_data,blocked_installs,31,int,YES,""
mysql-sl,tappx_stats_performance,perf_appsflyer_fraud_data,detected_installs,32,int,YES,""
mysql-sl,tappx_stats_performance,perf_appsflyer_fraud_data,install_hijacking,33,int,YES,""
mysql-sl,tappx_stats_performance,perf_appsflyer_fraud_data,ctit_anomalies,34,int,YES,""
mysql-sl,tappx_stats_performance,perf_appsflyer_fraud_data,click_flood,35,int,YES,""
mysql-sl,tappx_stats_performance,perf_appsflyer_fraud_data,detected_install_hijacking,36,int,YES,""
mysql-sl,tappx_stats_performance,perf_appsflyer_fraud_data,detected_ctit_anomalies,37,int,YES,""
mysql-sl,tappx_stats_performance,perf_appsflyer_fraud_data,detected_click_flood,38,int,YES,""
mysql-sl,tappx_stats_performance,perf_appsflyer_fraud_data,detected_site_blacklist,39,int,YES,""
mysql-sl,tappx_stats_performance,perf_appsflyer_fraud_data,detected_bots,40,int,YES,""
mysql-sl,tappx_stats_performance,perf_appsflyer_fraud_data,detected_behavioral_anomalies,41,int,YES,""
mysql-sl,tappx_stats_performance,perf_appsflyer_fraud_data,site_blacklist,42,int,YES,""
mysql-sl,tappx_stats_performance,perf_appsflyer_fraud_data,bots,43,int,YES,""
mysql-sl,tappx_stats_performance,perf_appsflyer_fraud_data,behavioral_anomalies,44,int,YES,""
mysql-sl,tappx_stats_performance,perf_appsflyer_fraud_data,install_store_validation,45,int,YES,""
mysql-sl,tappx_stats_performance,perf_appsflyer_fraud_data,validation_bots,46,int,YES,""
mysql-sl,tappx_stats_performance,perf_appsflyer_fraud_data,validation_hijacking,47,int,YES,""
mysql-sl,tappx_stats_performance,perf_appsflyer_fraud_data,blocked_aggregated_in_apps,48,int,YES,""
mysql-sl,tappx_stats_performance,perf_appsflyer_overview_data,date,1,date,NO,PRI
mysql-sl,tappx_stats_performance,perf_appsflyer_overview_data,app_id,2,varchar,NO,PRI
mysql-sl,tappx_stats_performance,perf_appsflyer_overview_data,affiliate_id,3,varchar,NO,PRI
mysql-sl,tappx_stats_performance,perf_appsflyer_overview_data,site_id,4,varchar,NO,PRI
mysql-sl,tappx_stats_performance,perf_appsflyer_overview_data,media_source,5,varchar,NO,PRI
mysql-sl,tappx_stats_performance,perf_appsflyer_overview_data,country,6,varchar,NO,PRI
mysql-sl,tappx_stats_performance,perf_appsflyer_overview_data,account_type,7,varchar,NO,PRI
mysql-sl,tappx_stats_performance,perf_appsflyer_overview_data,installs,8,int,YES,""
mysql-sl,tappx_stats_performance,perf_appsflyer_overview_data,clicks,9,int,YES,""
mysql-sl,tappx_stats_performance,perf_appsflyer_overview_data,impressions,10,int,YES,""
mysql-sl,tappx_stats_performance,perf_appsflyer_overview_data,click_installs,11,int,YES,""
mysql-sl,tappx_stats_performance,perf_appsflyer_overview_data,sessions,12,int,YES,""
mysql-sl,tappx_stats_performance,perf_appsflyer_overview_data,revenue,13,float,YES,""
mysql-sl,tappx_stats_performance,perf_appsflyer_overview_data,arpu,14,int,YES,""
mysql-sl,tappx_stats_performance,perf_appsflyer_overview_data,conv_rate,15,float,YES,""
mysql-sl,tappx_stats_performance,perf_appsflyer_overview_data,loyals,16,int,YES,""
mysql-sl,tappx_stats_performance,perf_appsflyer_retention_data,date,1,date,NO,PRI
mysql-sl,tappx_stats_performance,perf_appsflyer_retention_data,app_id,2,varchar,NO,PRI
mysql-sl,tappx_stats_performance,perf_appsflyer_retention_data,affiliate_id,3,varchar,NO,PRI
mysql-sl,tappx_stats_performance,perf_appsflyer_retention_data,site_id,4,varchar,NO,PRI
mysql-sl,tappx_stats_performance,perf_appsflyer_retention_data,media_source,5,varchar,NO,PRI
mysql-sl,tappx_stats_performance,perf_appsflyer_retention_data,country,6,varchar,NO,PRI
mysql-sl,tappx_stats_performance,perf_appsflyer_retention_data,account_type,7,varchar,NO,PRI
mysql-sl,tappx_stats_performance,perf_appsflyer_retention_data,retention_day_1,8,int,YES,""
mysql-sl,tappx_stats_performance,perf_appsflyer_retention_data,retention_day_2,9,int,YES,""
mysql-sl,tappx_stats_performance,perf_appsflyer_retention_data,retention_day_3,10,int,YES,""
mysql-sl,tappx_stats_performance,perf_appsflyer_retention_data,retention_day_4,11,int,YES,""
mysql-sl,tappx_stats_performance,perf_appsflyer_retention_data,retention_day_5,12,int,YES,""
mysql-sl,tappx_stats_performance,perf_appsflyer_retention_data,retention_day_6,13,int,YES,""
mysql-sl,tappx_stats_performance,perf_appsflyer_retention_data,retention_day_7,14,int,YES,""
mysql-sl,tappx_stats_performance,perf_appsflyer_retention_data,revenue,15,float,YES,""
mysql-sl,tappx_stats_performance,perf_appsflyer_retention_data,loyals,16,int,YES,""
mysql-sl,tappx_stats_performance,perf_appsflyer_retention_data,install_period,17,int,YES,""
mysql-sl,tappx_stats_performance,perf_bundle_cat_score,offer_bundle,1,varchar,NO,PRI
mysql-sl,tappx_stats_performance,perf_bundle_cat_score,tpx_cat_request,2,varchar,NO,PRI
mysql-sl,tappx_stats_performance,perf_bundle_cat_score,score,3,decimal,NO,""
mysql-sl,tappx_stats_performance,perf_bundle_cat_score,last_update,4,datetime,NO,""
mysql-sl,tappx_stats_performance,perf_daily_summary_affiliation,date,1,date,NO,PRI
mysql-sl,tappx_stats_performance,perf_daily_summary_affiliation,id_user,2,bigint,NO,PRI
mysql-sl,tappx_stats_performance,perf_daily_summary_affiliation,id_affise,3,bigint,NO,""
mysql-sl,tappx_stats_performance,perf_daily_summary_affiliation,clicks,4,bigint,NO,""
mysql-sl,tappx_stats_performance,perf_daily_summary_affiliation,total_conversions,5,bigint,NO,""
mysql-sl,tappx_stats_performance,perf_daily_summary_affiliation,total_revenue_gross,6,decimal,NO,""
mysql-sl,tappx_stats_performance,perf_daily_summary_affiliation,total_revenue_net,7,decimal,NO,""
mysql-sl,tappx_stats_performance,perf_daily_summary_affiliation,declined_conversions,8,bigint,NO,""
mysql-sl,tappx_stats_performance,perf_daily_summary_affiliation,declined_revenue_gross,9,decimal,NO,""
mysql-sl,tappx_stats_performance,perf_daily_summary_affiliation,declined_revenue_net,10,decimal,NO,""
mysql-sl,tappx_stats_performance,perf_daily_summary_affiliation,confirmed_conversions,11,bigint,NO,""
mysql-sl,tappx_stats_performance,perf_daily_summary_affiliation,confirmed_revenue_gross,12,decimal,NO,""
mysql-sl,tappx_stats_performance,perf_daily_summary_affiliation,confirmed_revenue_net,13,decimal,NO,""
mysql-sl,tappx_stats_performance,perf_daily_summary_affiliation,date_download,14,date,NO,""
mysql-sl,tappx_stats_performance,perf_daily_summary_affiliation,date_confirmation,15,date,NO,""
mysql-sl,tappx_stats_performance,perf_fraud,date,1,date,NO,PRI
mysql-sl,tappx_stats_performance,perf_fraud,source,2,enum,NO,PRI
mysql-sl,tappx_stats_performance,perf_fraud,id_affiliate,3,bigint,NO,""
mysql-sl,tappx_stats_performance,perf_fraud,id_user,4,int,NO,PRI
mysql-sl,tappx_stats_performance,perf_fraud,id_app,5,int,NO,PRI
mysql-sl,tappx_stats_performance,perf_fraud,sub_id,6,varchar,NO,PRI
mysql-sl,tappx_stats_performance,perf_fraud,id_network,7,bigint,NO,PRI
mysql-sl,tappx_stats_performance,perf_fraud,id_offer,8,bigint,NO,PRI
mysql-sl,tappx_stats_performance,perf_fraud,id_offer_affise,9,varchar,NO,PRI
mysql-sl,tappx_stats_performance,perf_fraud,country,10,varchar,NO,PRI
mysql-sl,tappx_stats_performance,perf_fraud,clicks,11,int,YES,""
mysql-sl,tappx_stats_performance,perf_fraud,conversions,12,int,YES,""
mysql-sl,tappx_stats_performance,perf_fraud,revenue,13,decimal,YES,""
mysql-sl,tappx_stats_performance,perf_fraud,currency,14,varchar,YES,""
mysql-sl,tappx_stats_performance,perf_fraud,is_affiliation,15,tinyint,YES,""
mysql-sl,tappx_stats_performance,perf_fraud,fraud_percentage,16,decimal,YES,""
mysql-sl,tappx_stats_performance,perf_native_optimizations,adunit,1,varchar,NO,PRI
mysql-sl,tappx_stats_performance,perf_native_optimizations,bundle,2,varchar,NO,PRI
mysql-sl,tappx_stats_performance,perf_native_optimizations,country,3,varchar,NO,PRI
mysql-sl,tappx_stats_performance,perf_native_optimizations,id_size,4,int,NO,PRI
mysql-sl,tappx_stats_performance,perf_native_optimizations,id_network_ssp,5,bigint,NO,PRI
mysql-sl,tappx_stats_performance,perf_native_optimizations,id_network_perf,6,int,NO,PRI
mysql-sl,tappx_stats_performance,perf_native_optimizations,perc_to_send,7,decimal,YES,""
mysql-sl,tappx_stats_performance,perf_native_optimizations,perc_to_send_previous,8,decimal,YES,""
mysql-sl,tappx_stats_performance,perf_native_optimizations,max_price,9,decimal,YES,""
mysql-sl,tappx_stats_performance,perf_native_optimizations,bid_price,10,decimal,YES,""
mysql-sl,tappx_stats_performance,perf_native_optimizations,active,11,int,YES,""
mysql-sl,tappx_stats_performance,perf_native_optimizations,active_time,12,datetime,YES,""
mysql-sl,tappx_stats_performance,perf_native_optimizations,creation_time,13,datetime,YES,""
mysql-sl,tappx_stats_performance,perf_native_optimizations,last_update_time,14,datetime,YES,""
mysql-sl,tappx_stats_performance,perf_native_optimizations,last_execution_time,15,datetime,YES,""
mysql-sl,tappx_stats_performance,perf_native_stats,date,1,date,NO,PRI
mysql-sl,tappx_stats_performance,perf_native_stats,hour,2,int,NO,PRI
mysql-sl,tappx_stats_performance,perf_native_stats,adunit,3,varchar,NO,PRI
mysql-sl,tappx_stats_performance,perf_native_stats,bundle,4,varchar,NO,PRI
mysql-sl,tappx_stats_performance,perf_native_stats,country,5,varchar,NO,PRI
mysql-sl,tappx_stats_performance,perf_native_stats,id_size,6,int,NO,PRI
mysql-sl,tappx_stats_performance,perf_native_stats,id_network_ssp,7,bigint,NO,PRI
mysql-sl,tappx_stats_performance,perf_native_stats,id_network_perf,8,smallint,NO,PRI
mysql-sl,tappx_stats_performance,perf_native_stats,requests_tracked,9,bigint,YES,""
mysql-sl,tappx_stats_performance,perf_native_stats,requests_network,10,bigint,YES,""
mysql-sl,tappx_stats_performance,perf_native_stats,deliveries_tracked,11,bigint,YES,""
mysql-sl,tappx_stats_performance,perf_native_stats,deliveries_network,12,bigint,YES,""
mysql-sl,tappx_stats_performance,perf_native_stats,impressions_tracked,13,bigint,YES,""
mysql-sl,tappx_stats_performance,perf_native_stats,impressions_network,14,bigint,YES,""
mysql-sl,tappx_stats_performance,perf_native_stats,clicks_tracked,15,bigint,YES,""
mysql-sl,tappx_stats_performance,perf_native_stats,clicks_network,16,bigint,YES,""
mysql-sl,tappx_stats_performance,perf_native_stats,costs_tracked,17,decimal,YES,""
mysql-sl,tappx_stats_performance,perf_native_stats,revenues_network,18,decimal,YES,""
mysql-sl,tappx_stats_performance,perf_ssp_stats_requests_last_90_days,date,1,date,NO,""
mysql-sl,tappx_stats_performance,perf_ssp_stats_requests_last_90_days,id_user,2,int,NO,""
mysql-sl,tappx_stats_performance,perf_ssp_stats_requests_last_90_days,endpoint,3,varchar,NO,""
mysql-sl,tappx_stats_performance,perf_ssp_stats_requests_last_90_days,id_os,4,tinyint,NO,""
mysql-sl,tappx_stats_performance,perf_ssp_stats_requests_last_90_days,id_app,5,int,NO,""
mysql-sl,tappx_stats_performance,perf_ssp_stats_requests_last_90_days,adunit,6,varchar,NO,""
mysql-sl,tappx_stats_performance,perf_ssp_stats_requests_last_90_days,bundle,7,varchar,NO,""
mysql-sl,tappx_stats_performance,perf_ssp_stats_requests_last_90_days,country,8,varchar,NO,""
mysql-sl,tappx_stats_performance,perf_ssp_stats_requests_last_90_days,id_size,9,tinyint,NO,""
mysql-sl,tappx_stats_performance,perf_ssp_stats_requests_last_90_days,video,10,tinyint,NO,""
mysql-sl,tappx_stats_performance,perf_ssp_stats_requests_last_90_days,video_type,11,varchar,NO,""
mysql-sl,tappx_stats_performance,perf_ssp_stats_requests_last_90_days,source,12,varchar,NO,""
mysql-sl,tappx_stats_performance,perf_ssp_stats_requests_last_90_days,perf_source,13,varchar,NO,""
mysql-sl,tappx_stats_performance,perf_ssp_stats_requests_last_90_days,requests,14,bigint,NO,""
mysql-sl,tappx_stats_performance,perf_ssp_stats_requests_last_90_days,deliveries,15,bigint,NO,""
mysql-sl,tappx_stats_performance,perf_ssp_stats_requests_last_90_days,impressions,16,bigint,NO,""
mysql-sl,tappx_stats_performance,perf_ssp_stats_requests_last_90_days,clicks,17,bigint,NO,""
mysql-sl,tappx_stats_performance,perf_ssp_stats_requests_last_90_days,conversions,18,bigint,NO,""
mysql-sl,tappx_stats_performance,perf_ssp_stats_requests_last_90_days,currency,19,varchar,NO,""
mysql-sl,tappx_stats_performance,perf_ssp_stats_requests_last_90_days,cost,20,decimal,NO,""
mysql-sl,tappx_stats_performance,perf_ssp_stats_requests_last_90_days,revenue_gross,21,decimal,NO,""
mysql-sl,tappx_stats_performance,perf_ssp_stats_requests_last_90_days,revenue_net,22,decimal,NO,""
mysql-sl,tappx_stats_performance,perf_ssp_stats_requests_last_90_days,user_revenue_share,23,decimal,NO,""
mysql-sl,tappx_stats_performance,perf_ssp_stats_requests_last_90_days,user_revenue_fix,24,decimal,NO,""
mysql-sl,tappx_stats_performance,perf_statistics,date,1,date,NO,PRI
mysql-sl,tappx_stats_performance,perf_statistics,pk_hash,2,varchar,YES,""
mysql-sl,tappx_stats_performance,perf_statistics,id_network,3,int,NO,PRI
mysql-sl,tappx_stats_performance,perf_statistics,id_affiliate_affise,4,int,NO,PRI
mysql-sl,tappx_stats_performance,perf_statistics,supply_platform,5,varchar,YES,""
mysql-sl,tappx_stats_performance,perf_statistics,tracking_platform,6,varchar,NO,PRI
mysql-sl,tappx_stats_performance,perf_statistics,stats_source,7,varchar,YES,""
mysql-sl,tappx_stats_performance,perf_statistics,offer_bundle,8,varchar,NO,PRI
mysql-sl,tappx_stats_performance,perf_statistics,country,9,varchar,NO,PRI
mysql-sl,tappx_stats_performance,perf_statistics,discrepancy_fix,10,int,NO,PRI
mysql-sl,tappx_stats_performance,perf_statistics,id_advertiser_affise,11,varchar,YES,""
mysql-sl,tappx_stats_performance,perf_statistics,id_user,12,int,NO,PRI
mysql-sl,tappx_stats_performance,perf_statistics,id_app,13,int,NO,PRI
mysql-sl,tappx_stats_performance,perf_statistics,ad_type,14,varchar,YES,""
mysql-sl,tappx_stats_performance,perf_statistics,id_os,15,tinyint,YES,""
mysql-sl,tappx_stats_performance,perf_statistics,requests,16,int,YES,""
mysql-sl,tappx_stats_performance,perf_statistics,id_am_supply,17,int,YES,""
mysql-sl,tappx_stats_performance,perf_statistics,id_am_demand,18,int,YES,""
mysql-sl,tappx_stats_performance,perf_statistics,total_requests,19,bigint,YES,""
mysql-sl,tappx_stats_performance,perf_statistics,deliveries,20,int,YES,""
mysql-sl,tappx_stats_performance,perf_statistics,impressions,21,int,YES,""
mysql-sl,tappx_stats_performance,perf_statistics,supply_impressions,22,int,YES,""
mysql-sl,tappx_stats_performance,perf_statistics,clicks,23,int,YES,""
mysql-sl,tappx_stats_performance,perf_statistics,conversions,24,int,YES,""
mysql-sl,tappx_stats_performance,perf_statistics,installs,25,int,YES,""
mysql-sl,tappx_stats_performance,perf_statistics,post_events,26,int,YES,""
mysql-sl,tappx_stats_performance,perf_statistics,key_events,27,int,YES,""
mysql-sl,tappx_stats_performance,perf_statistics,demand_payable_events,28,int,YES,""
mysql-sl,tappx_stats_performance,perf_statistics,revenue,29,decimal,YES,""
mysql-sl,tappx_stats_performance,perf_statistics,payout,30,decimal,YES,""
mysql-sl,tappx_stats_performance,perf_statistics,currency,31,varchar,NO,""
mysql-sl,tappx_stats_performance,perf_statistics,revenue_advertiser,32,decimal,YES,""
mysql-sl,tappx_stats_performance,perf_statistics,id_payout,33,int,YES,""
mysql-sl,tappx_stats_performance,perf_statistics,payout_is_new,34,int,NO,""
mysql-sl,tappx_stats_performance,perf_statistics,type_monetization,35,enum,YES,""
mysql-sl,tappx_stats_performance,perf_statistics,invoice_demand,36,varchar,YES,""
mysql-sl,tappx_stats_performance,perf_statistics,demand_rev_type,37,enum,YES,""
mysql-sl,tappx_stats_performance,perf_statistics,demand_payable_event,38,varchar,YES,""
mysql-sl,tappx_stats_performance,perf_statistics,supply_rev_type,39,enum,YES,""
mysql-sl,tappx_stats_performance,perf_statistics,supply_payable_event,40,varchar,YES,""
mysql-sl,tappx_stats_performance,perf_statistics,key_event,41,varchar,YES,""
mysql-sl,tappx_stats_performance,perf_statistics,vta,42,int,YES,""
mysql-sl,tappx_stats_performance,perf_statistics,cta,43,int,YES,""
mysql-sl,tappx_stats_performance,perf_statistics,attribution_time_type,44,enum,YES,""
mysql-sl,tappx_stats_performance,perf_statistics,create_time,45,datetime,YES,""
mysql-sl,tappx_stats_performance,perf_statistics,last_update_time,46,datetime,YES,""
mysql-sl,tappx_stats_performance,perf_statistics_by_payout,pk_hash,1,varchar,NO,PRI
mysql-sl,tappx_stats_performance,perf_statistics_by_payout,date,2,date,NO,""
mysql-sl,tappx_stats_performance,perf_statistics_by_payout,id_network,3,int,NO,""
mysql-sl,tappx_stats_performance,perf_statistics_by_payout,id_affiliate_affise,4,int,NO,""
mysql-sl,tappx_stats_performance,perf_statistics_by_payout,tracking_platform,5,varchar,NO,""
mysql-sl,tappx_stats_performance,perf_statistics_by_payout,stats_source,6,varchar,YES,""
mysql-sl,tappx_stats_performance,perf_statistics_by_payout,offer_bundle,7,varchar,NO,""
mysql-sl,tappx_stats_performance,perf_statistics_by_payout,country,8,varchar,NO,""
mysql-sl,tappx_stats_performance,perf_statistics_by_payout,discrepancy_fix,9,int,NO,""
mysql-sl,tappx_stats_performance,perf_statistics_by_payout,id_user,10,int,NO,""
mysql-sl,tappx_stats_performance,perf_statistics_by_payout,id_app,11,int,NO,""
mysql-sl,tappx_stats_performance,perf_statistics_by_payout,id_payout,12,int,NO,PRI
mysql-sl,tappx_stats_performance,perf_statistics_by_payout,payout_is_new,13,int,NO,""
mysql-sl,tappx_stats_performance,perf_statistics_by_payout,key_event,14,int,YES,""
mysql-sl,tappx_stats_performance,perf_statistics_by_payout,event_name,15,varchar,NO,""
mysql-sl,tappx_stats_performance,perf_statistics_by_payout,event_count,16,int,YES,""
mysql-sl,tappx_stats_performance,perf_statistics_by_payout,vta,17,int,YES,""
mysql-sl,tappx_stats_performance,perf_statistics_by_payout,cta,18,int,YES,""
mysql-sl,tappx_stats_performance,perf_statistics_by_payout,revenue,19,decimal,YES,""
mysql-sl,tappx_stats_performance,perf_statistics_by_payout,payout,20,decimal,YES,""
mysql-sl,tappx_stats_performance,perf_statistics_by_payout,currency,21,varchar,NO,""
mysql-sl,tappx_stats_performance,perf_statistics_by_payout,demand_rev_type,22,enum,YES,""
mysql-sl,tappx_stats_performance,perf_statistics_by_payout,demand_payable_event,23,varchar,YES,""
mysql-sl,tappx_stats_performance,perf_statistics_by_payout,supply_rev_type,24,enum,YES,""
mysql-sl,tappx_stats_performance,perf_statistics_by_payout,supply_payable_event,25,varchar,YES,""
mysql-sl,tappx_stats_performance,perf_statistics_by_payout,attribution_time_type,26,enum,YES,""
mysql-sl,tappx_stats_performance,perf_statistics_by_payout,create_time,27,datetime,YES,""
mysql-sl,tappx_stats_performance,perf_statistics_by_payout,last_update_time,28,datetime,YES,""
mysql-sl,tappx_stats_performance,perf_statistics_by_payout_rejected,pk_hash,1,varchar,NO,PRI
mysql-sl,tappx_stats_performance,perf_statistics_by_payout_rejected,date,2,date,NO,""
mysql-sl,tappx_stats_performance,perf_statistics_by_payout_rejected,id_network,3,int,NO,""
mysql-sl,tappx_stats_performance,perf_statistics_by_payout_rejected,id_affiliate_affise,4,int,NO,""
mysql-sl,tappx_stats_performance,perf_statistics_by_payout_rejected,tracking_platform,5,varchar,NO,""
mysql-sl,tappx_stats_performance,perf_statistics_by_payout_rejected,stats_source,6,varchar,YES,""
mysql-sl,tappx_stats_performance,perf_statistics_by_payout_rejected,offer_bundle,7,varchar,NO,""
mysql-sl,tappx_stats_performance,perf_statistics_by_payout_rejected,country,8,varchar,NO,""
mysql-sl,tappx_stats_performance,perf_statistics_by_payout_rejected,discrepancy_fix,9,int,NO,""
mysql-sl,tappx_stats_performance,perf_statistics_by_payout_rejected,id_user,10,int,NO,""
mysql-sl,tappx_stats_performance,perf_statistics_by_payout_rejected,id_app,11,int,NO,""
mysql-sl,tappx_stats_performance,perf_statistics_by_payout_rejected,id_payout,12,int,NO,PRI
mysql-sl,tappx_stats_performance,perf_statistics_by_payout_rejected,id_rejected_reason,13,int,NO,PRI
mysql-sl,tappx_stats_performance,perf_statistics_by_payout_rejected,payout_is_new,14,int,NO,""
mysql-sl,tappx_stats_performance,perf_statistics_by_payout_rejected,key_event,15,int,YES,""
mysql-sl,tappx_stats_performance,perf_statistics_by_payout_rejected,event_name,16,varchar,NO,""
mysql-sl,tappx_stats_performance,perf_statistics_by_payout_rejected,event_count,17,int,YES,""
mysql-sl,tappx_stats_performance,perf_statistics_by_payout_rejected,vta,18,int,YES,""
mysql-sl,tappx_stats_performance,perf_statistics_by_payout_rejected,cta,19,int,YES,""
mysql-sl,tappx_stats_performance,perf_statistics_by_payout_rejected,revenue,20,decimal,YES,""
mysql-sl,tappx_stats_performance,perf_statistics_by_payout_rejected,payout,21,decimal,YES,""
mysql-sl,tappx_stats_performance,perf_statistics_by_payout_rejected,currency,22,varchar,NO,""
mysql-sl,tappx_stats_performance,perf_statistics_by_payout_rejected,demand_rev_type,23,enum,YES,""
mysql-sl,tappx_stats_performance,perf_statistics_by_payout_rejected,demand_payable_event,24,varchar,YES,""
mysql-sl,tappx_stats_performance,perf_statistics_by_payout_rejected,supply_rev_type,25,enum,YES,""
mysql-sl,tappx_stats_performance,perf_statistics_by_payout_rejected,supply_payable_event,26,varchar,YES,""
mysql-sl,tappx_stats_performance,perf_statistics_by_payout_rejected,rejected_sub_reason,27,varchar,YES,""
mysql-sl,tappx_stats_performance,perf_statistics_by_payout_rejected,attribution_time_type,28,enum,YES,""
mysql-sl,tappx_stats_performance,perf_statistics_by_payout_rejected,create_time,29,datetime,YES,""
mysql-sl,tappx_stats_performance,perf_statistics_by_payout_rejected,last_update_time,30,datetime,YES,""
mysql-sl,tappx_stats_performance,perf_statistics_old,date,1,date,NO,PRI
mysql-sl,tappx_stats_performance,perf_statistics_old,id_network,2,int,NO,PRI
mysql-sl,tappx_stats_performance,perf_statistics_old,id_affiliate_affise,3,int,NO,PRI
mysql-sl,tappx_stats_performance,perf_statistics_old,supply_platform,4,varchar,YES,""
mysql-sl,tappx_stats_performance,perf_statistics_old,tracking_platform,5,varchar,NO,PRI
mysql-sl,tappx_stats_performance,perf_statistics_old,stats_source,6,varchar,YES,""
mysql-sl,tappx_stats_performance,perf_statistics_old,offer_bundle,7,varchar,NO,PRI
mysql-sl,tappx_stats_performance,perf_statistics_old,country,8,varchar,NO,PRI
mysql-sl,tappx_stats_performance,perf_statistics_old,discrepancy_fix,9,int,NO,PRI
mysql-sl,tappx_stats_performance,perf_statistics_old,id_advertiser_affise,10,varchar,YES,""
mysql-sl,tappx_stats_performance,perf_statistics_old,id_user,11,int,NO,PRI
mysql-sl,tappx_stats_performance,perf_statistics_old,id_app,12,int,NO,PRI
mysql-sl,tappx_stats_performance,perf_statistics_old,ad_type,13,varchar,YES,""
mysql-sl,tappx_stats_performance,perf_statistics_old,id_os,14,tinyint,YES,""
mysql-sl,tappx_stats_performance,perf_statistics_old,requests,15,int,YES,""
mysql-sl,tappx_stats_performance,perf_statistics_old,id_am_supply,16,int,YES,""
mysql-sl,tappx_stats_performance,perf_statistics_old,id_am_demand,17,int,YES,""
mysql-sl,tappx_stats_performance,perf_statistics_old,total_requests,18,bigint,YES,""
mysql-sl,tappx_stats_performance,perf_statistics_old,deliveries,19,int,YES,""
mysql-sl,tappx_stats_performance,perf_statistics_old,impressions,20,int,YES,""
mysql-sl,tappx_stats_performance,perf_statistics_old,supply_impressions,21,int,YES,""
mysql-sl,tappx_stats_performance,perf_statistics_old,clicks,22,int,YES,""
mysql-sl,tappx_stats_performance,perf_statistics_old,installs,23,int,YES,""
mysql-sl,tappx_stats_performance,perf_statistics_old,conversions,24,int,YES,""
mysql-sl,tappx_stats_performance,perf_statistics_old,post_events,25,int,YES,""
mysql-sl,tappx_stats_performance,perf_statistics_old,key_events,26,int,YES,""
mysql-sl,tappx_stats_performance,perf_statistics_old,demand_payable_events,27,int,YES,""
mysql-sl,tappx_stats_performance,perf_statistics_old,revenue,28,decimal,YES,""
mysql-sl,tappx_stats_performance,perf_statistics_old,payout,29,decimal,YES,""
mysql-sl,tappx_stats_performance,perf_statistics_old,currency,30,varchar,NO,""
mysql-sl,tappx_stats_performance,perf_statistics_old,revenue_advertiser,31,decimal,YES,""
mysql-sl,tappx_stats_performance,perf_statistics_old,id_payout,32,int,YES,""
mysql-sl,tappx_stats_performance,perf_statistics_old,type_monetization,33,enum,YES,MUL
mysql-sl,tappx_stats_performance,perf_statistics_old,invoice_demand,34,varchar,YES,""
mysql-sl,tappx_stats_performance,perf_statistics_old,demand_rev_type,35,enum,YES,""
mysql-sl,tappx_stats_performance,perf_statistics_old,demand_payable_event,36,varchar,YES,""
mysql-sl,tappx_stats_performance,perf_statistics_old,supply_rev_type,37,enum,YES,""
mysql-sl,tappx_stats_performance,perf_statistics_old,supply_payable_event,38,varchar,YES,""
mysql-sl,tappx_stats_performance,perf_statistics_old,key_event,39,varchar,YES,""
mysql-sl,tappx_stats_performance,perf_statistics_old,vta,40,int,YES,""
mysql-sl,tappx_stats_performance,perf_statistics_old,cta,41,int,YES,""
mysql-sl,tappx_stats_performance,perf_statistics_old,create_time,42,datetime,YES,""
mysql-sl,tappx_stats_performance,perf_statistics_old,last_update_time,43,datetime,YES,""
mysql-sl,tappx_stats_performance,perf_statistics_rejected_reasons,id_rejected_reason,1,int,NO,PRI
mysql-sl,tappx_stats_performance,perf_statistics_rejected_reasons,reason_name,2,varchar,YES,""
mysql-sl,tappx_stats_performance,perf_statistics_rejected_reasons,reason_description,3,varchar,YES,""
mysql-sl,tappx_stats_performance,perf_stats_affiliation,date,1,date,NO,PRI
mysql-sl,tappx_stats_performance,perf_stats_affiliation,id_affiliate,2,bigint,NO,PRI
mysql-sl,tappx_stats_performance,perf_stats_affiliation,subid_affiliate,3,varchar,NO,PRI
mysql-sl,tappx_stats_performance,perf_stats_affiliation,id_offer_affise,4,varchar,NO,PRI
mysql-sl,tappx_stats_performance,perf_stats_affiliation,clicks,5,bigint,NO,""
mysql-sl,tappx_stats_performance,perf_stats_affiliation,conversions,6,bigint,NO,""
mysql-sl,tappx_stats_performance,perf_stats_affiliation,revenue,7,decimal,NO,""
mysql-sl,tappx_stats_performance,perf_stats_affiliation,payout,8,decimal,NO,""
mysql-sl,tappx_stats_performance,perf_stats_attribution,date,1,date,NO,PRI
mysql-sl,tappx_stats_performance,perf_stats_attribution,offer_bundle,2,varchar,NO,PRI
mysql-sl,tappx_stats_performance,perf_stats_attribution,country,3,varchar,NO,PRI
mysql-sl,tappx_stats_performance,perf_stats_attribution,media_source,4,varchar,NO,PRI
mysql-sl,tappx_stats_performance,perf_stats_attribution,campaign,5,varchar,NO,PRI
mysql-sl,tappx_stats_performance,perf_stats_attribution,impressions,6,int,NO,""
mysql-sl,tappx_stats_performance,perf_stats_attribution,clicks,7,int,YES,""
mysql-sl,tappx_stats_performance,perf_stats_attribution,installs,8,int,YES,""
mysql-sl,tappx_stats_performance,perf_stats_attribution,installs_vta,9,int,YES,""
mysql-sl,tappx_stats_performance,perf_stats_attribution,installs_cta,10,int,YES,""
mysql-sl,tappx_stats_performance,perf_stats_attribution,event,11,varchar,NO,PRI
mysql-sl,tappx_stats_performance,perf_stats_attribution,events_vta,12,int,YES,""
mysql-sl,tappx_stats_performance,perf_stats_attribution,events_cta,13,int,YES,""
mysql-sl,tappx_stats_performance,perf_stats_attribution,registrations,14,int,YES,""
mysql-sl,tappx_stats_performance,perf_stats_attribution,ctr,15,decimal,YES,""
mysql-sl,tappx_stats_performance,perf_stats_attribution,currency,16,varchar,NO,""
mysql-sl,tappx_stats_performance,perf_stats_bidder,date,1,date,NO,PRI
mysql-sl,tappx_stats_performance,perf_stats_bidder,pk_hash,2,varchar,NO,PRI
mysql-sl,tappx_stats_performance,perf_stats_bidder,id_user,3,int,NO,""
mysql-sl,tappx_stats_performance,perf_stats_bidder,endpoint,4,varchar,NO,""
mysql-sl,tappx_stats_performance,perf_stats_bidder,id_os,5,tinyint,NO,""
mysql-sl,tappx_stats_performance,perf_stats_bidder,id_app,6,int,NO,""
mysql-sl,tappx_stats_performance,perf_stats_bidder,adunit,7,varchar,NO,""
mysql-sl,tappx_stats_performance,perf_stats_bidder,bundle,8,varchar,NO,""
mysql-sl,tappx_stats_performance,perf_stats_bidder,country,9,varchar,NO,""
mysql-sl,tappx_stats_performance,perf_stats_bidder,id_size,10,tinyint,NO,""
mysql-sl,tappx_stats_performance,perf_stats_bidder,video,11,tinyint,NO,""
mysql-sl,tappx_stats_performance,perf_stats_bidder,video_type,12,varchar,NO,""
mysql-sl,tappx_stats_performance,perf_stats_bidder,source,13,varchar,NO,""
mysql-sl,tappx_stats_performance,perf_stats_bidder,perf_source,14,varchar,NO,""
mysql-sl,tappx_stats_performance,perf_stats_bidder,id_network,15,smallint,NO,""
mysql-sl,tappx_stats_performance,perf_stats_bidder,id_offer,16,int,NO,""
mysql-sl,tappx_stats_performance,perf_stats_bidder,offer_bundle,17,varchar,NO,""
mysql-sl,tappx_stats_performance,perf_stats_bidder,offer_type,18,varchar,NO,""
mysql-sl,tappx_stats_performance,perf_stats_bidder,algo_incoming_traffic,19,varchar,NO,""
mysql-sl,tappx_stats_performance,perf_stats_bidder,algo_tag_reqs,20,varchar,NO,""
mysql-sl,tappx_stats_performance,perf_stats_bidder,algo_sprinkler,21,varchar,NO,""
mysql-sl,tappx_stats_performance,perf_stats_bidder,algo_offer_selection,22,varchar,NO,""
mysql-sl,tappx_stats_performance,perf_stats_bidder,requests,23,bigint,NO,""
mysql-sl,tappx_stats_performance,perf_stats_bidder,deliveries,24,bigint,NO,""
mysql-sl,tappx_stats_performance,perf_stats_bidder,impressions,25,bigint,NO,""
mysql-sl,tappx_stats_performance,perf_stats_bidder,clicks,26,bigint,NO,""
mysql-sl,tappx_stats_performance,perf_stats_bidder,installs,27,bigint,YES,""
mysql-sl,tappx_stats_performance,perf_stats_bidder,conversions,28,bigint,NO,""
mysql-sl,tappx_stats_performance,perf_stats_bidder,payable_events,29,bigint,YES,""
mysql-sl,tappx_stats_performance,perf_stats_bidder,currency,30,varchar,NO,""
mysql-sl,tappx_stats_performance,perf_stats_bidder,cost,31,decimal,NO,""
mysql-sl,tappx_stats_performance,perf_stats_bidder,revenue_gross,32,decimal,NO,""
mysql-sl,tappx_stats_performance,perf_stats_bidder,revenue_net,33,decimal,NO,""
mysql-sl,tappx_stats_performance,perf_stats_bidder,revenue_estimated,34,decimal,YES,""
mysql-sl,tappx_stats_performance,perf_stats_bidder,user_revenue_share,35,decimal,NO,""
mysql-sl,tappx_stats_performance,perf_stats_bidder,user_revenue_fix,36,decimal,NO,""
mysql-sl,tappx_stats_performance,perf_stats_bidder_events,date,1,date,NO,PRI
mysql-sl,tappx_stats_performance,perf_stats_bidder_events,id_user,2,int,NO,""
mysql-sl,tappx_stats_performance,perf_stats_bidder_events,endpoint,3,varchar,NO,PRI
mysql-sl,tappx_stats_performance,perf_stats_bidder_events,id_os,4,tinyint,NO,""
mysql-sl,tappx_stats_performance,perf_stats_bidder_events,id_app,5,int,NO,""
mysql-sl,tappx_stats_performance,perf_stats_bidder_events,adunit,6,varchar,NO,PRI
mysql-sl,tappx_stats_performance,perf_stats_bidder_events,bundle,7,varchar,NO,PRI
mysql-sl,tappx_stats_performance,perf_stats_bidder_events,country,8,varchar,NO,PRI
mysql-sl,tappx_stats_performance,perf_stats_bidder_events,id_size,9,tinyint,NO,PRI
mysql-sl,tappx_stats_performance,perf_stats_bidder_events,video,10,tinyint,NO,PRI
mysql-sl,tappx_stats_performance,perf_stats_bidder_events,video_type,11,varchar,NO,PRI
mysql-sl,tappx_stats_performance,perf_stats_bidder_events,source,12,varchar,NO,PRI
mysql-sl,tappx_stats_performance,perf_stats_bidder_events,perf_source,13,varchar,NO,PRI
mysql-sl,tappx_stats_performance,perf_stats_bidder_events,id_network,14,smallint,NO,PRI
mysql-sl,tappx_stats_performance,perf_stats_bidder_events,id_offer,15,int,NO,PRI
mysql-sl,tappx_stats_performance,perf_stats_bidder_events,offer_bundle,16,varchar,NO,""
mysql-sl,tappx_stats_performance,perf_stats_bidder_events,offer_type,17,varchar,NO,PRI
mysql-sl,tappx_stats_performance,perf_stats_bidder_events,event_name,18,varchar,NO,PRI
mysql-sl,tappx_stats_performance,perf_stats_bidder_events,events,19,int,YES,""
mysql-sl,tappx_stats_performance,perf_stats_bidder_events_hours,date,1,date,NO,PRI
mysql-sl,tappx_stats_performance,perf_stats_bidder_events_hours,hour,2,tinyint,NO,PRI
mysql-sl,tappx_stats_performance,perf_stats_bidder_events_hours,id_user,3,int,NO,""
mysql-sl,tappx_stats_performance,perf_stats_bidder_events_hours,endpoint,4,varchar,NO,PRI
mysql-sl,tappx_stats_performance,perf_stats_bidder_events_hours,id_os,5,tinyint,NO,""
mysql-sl,tappx_stats_performance,perf_stats_bidder_events_hours,id_app,6,int,NO,""
mysql-sl,tappx_stats_performance,perf_stats_bidder_events_hours,adunit,7,varchar,NO,PRI
mysql-sl,tappx_stats_performance,perf_stats_bidder_events_hours,bundle,8,varchar,NO,PRI
mysql-sl,tappx_stats_performance,perf_stats_bidder_events_hours,country,9,varchar,NO,PRI
mysql-sl,tappx_stats_performance,perf_stats_bidder_events_hours,id_size,10,tinyint,NO,PRI
mysql-sl,tappx_stats_performance,perf_stats_bidder_events_hours,video,11,tinyint,NO,PRI
mysql-sl,tappx_stats_performance,perf_stats_bidder_events_hours,video_type,12,varchar,NO,PRI
mysql-sl,tappx_stats_performance,perf_stats_bidder_events_hours,source,13,varchar,NO,PRI
mysql-sl,tappx_stats_performance,perf_stats_bidder_events_hours,perf_source,14,varchar,NO,PRI
mysql-sl,tappx_stats_performance,perf_stats_bidder_events_hours,id_network,15,smallint,NO,PRI
mysql-sl,tappx_stats_performance,perf_stats_bidder_events_hours,id_offer,16,int,NO,PRI
mysql-sl,tappx_stats_performance,perf_stats_bidder_events_hours,offer_bundle,17,varchar,NO,""
mysql-sl,tappx_stats_performance,perf_stats_bidder_events_hours,offer_type,18,varchar,NO,PRI
mysql-sl,tappx_stats_performance,perf_stats_bidder_events_hours,event_name,19,varchar,NO,PRI
mysql-sl,tappx_stats_performance,perf_stats_bidder_events_hours,events,20,int,YES,""
mysql-sl,tappx_stats_performance,perf_stats_bidder_hours,date,1,date,NO,PRI
mysql-sl,tappx_stats_performance,perf_stats_bidder_hours,hour,2,tinyint,NO,PRI
mysql-sl,tappx_stats_performance,perf_stats_bidder_hours,pk_hash,3,varchar,NO,PRI
mysql-sl,tappx_stats_performance,perf_stats_bidder_hours,id_user,4,int,NO,""
mysql-sl,tappx_stats_performance,perf_stats_bidder_hours,endpoint,5,varchar,NO,""
mysql-sl,tappx_stats_performance,perf_stats_bidder_hours,id_os,6,tinyint,NO,""
mysql-sl,tappx_stats_performance,perf_stats_bidder_hours,id_app,7,int,NO,""
mysql-sl,tappx_stats_performance,perf_stats_bidder_hours,adunit,8,varchar,NO,""
mysql-sl,tappx_stats_performance,perf_stats_bidder_hours,bundle,9,varchar,NO,""
mysql-sl,tappx_stats_performance,perf_stats_bidder_hours,country,10,varchar,NO,""
mysql-sl,tappx_stats_performance,perf_stats_bidder_hours,id_size,11,tinyint,NO,""
mysql-sl,tappx_stats_performance,perf_stats_bidder_hours,video,12,tinyint,NO,""
mysql-sl,tappx_stats_performance,perf_stats_bidder_hours,video_type,13,varchar,NO,""
mysql-sl,tappx_stats_performance,perf_stats_bidder_hours,source,14,varchar,NO,""
mysql-sl,tappx_stats_performance,perf_stats_bidder_hours,perf_source,15,varchar,NO,""
mysql-sl,tappx_stats_performance,perf_stats_bidder_hours,id_network,16,smallint,NO,""
mysql-sl,tappx_stats_performance,perf_stats_bidder_hours,id_offer,17,int,NO,""
mysql-sl,tappx_stats_performance,perf_stats_bidder_hours,offer_bundle,18,varchar,NO,""
mysql-sl,tappx_stats_performance,perf_stats_bidder_hours,offer_type,19,varchar,NO,""
mysql-sl,tappx_stats_performance,perf_stats_bidder_hours,algo_incoming_traffic,20,varchar,NO,""
mysql-sl,tappx_stats_performance,perf_stats_bidder_hours,algo_tag_reqs,21,varchar,NO,""
mysql-sl,tappx_stats_performance,perf_stats_bidder_hours,algo_sprinkler,22,varchar,NO,""
mysql-sl,tappx_stats_performance,perf_stats_bidder_hours,algo_offer_selection,23,varchar,NO,""
mysql-sl,tappx_stats_performance,perf_stats_bidder_hours,requests,24,bigint,NO,""
mysql-sl,tappx_stats_performance,perf_stats_bidder_hours,deliveries,25,bigint,NO,""
mysql-sl,tappx_stats_performance,perf_stats_bidder_hours,impressions,26,bigint,NO,""
mysql-sl,tappx_stats_performance,perf_stats_bidder_hours,clicks,27,bigint,NO,""
mysql-sl,tappx_stats_performance,perf_stats_bidder_hours,installs,28,bigint,YES,""
mysql-sl,tappx_stats_performance,perf_stats_bidder_hours,conversions,29,bigint,NO,""
mysql-sl,tappx_stats_performance,perf_stats_bidder_hours,payable_events,30,bigint,YES,""
mysql-sl,tappx_stats_performance,perf_stats_bidder_hours,currency,31,varchar,NO,""
mysql-sl,tappx_stats_performance,perf_stats_bidder_hours,cost,32,decimal,NO,""
mysql-sl,tappx_stats_performance,perf_stats_bidder_hours,revenue_gross,33,decimal,NO,""
mysql-sl,tappx_stats_performance,perf_stats_bidder_hours,revenue_net,34,decimal,NO,""
mysql-sl,tappx_stats_performance,perf_stats_bidder_hours,revenue_estimated,35,decimal,YES,""
mysql-sl,tappx_stats_performance,perf_stats_bidder_hours,user_revenue_share,36,decimal,NO,""
mysql-sl,tappx_stats_performance,perf_stats_bidder_hours,user_revenue_fix,37,decimal,NO,""
mysql-sl,tappx_stats_performance,perf_stats_bidder_last_30_days,date,1,date,NO,""
mysql-sl,tappx_stats_performance,perf_stats_bidder_last_30_days,id_user,2,int,NO,""
mysql-sl,tappx_stats_performance,perf_stats_bidder_last_30_days,endpoint,3,varchar,NO,""
mysql-sl,tappx_stats_performance,perf_stats_bidder_last_30_days,id_app,4,int,NO,""
mysql-sl,tappx_stats_performance,perf_stats_bidder_last_30_days,adunit,5,varchar,NO,""
mysql-sl,tappx_stats_performance,perf_stats_bidder_last_30_days,bundle,6,varchar,NO,""
mysql-sl,tappx_stats_performance,perf_stats_bidder_last_30_days,name,7,varchar,YES,""
mysql-sl,tappx_stats_performance,perf_stats_bidder_last_30_days,country,8,varchar,NO,""
mysql-sl,tappx_stats_performance,perf_stats_bidder_last_30_days,id_size,9,tinyint,NO,""
mysql-sl,tappx_stats_performance,perf_stats_bidder_last_30_days,size,10,varchar,YES,""
mysql-sl,tappx_stats_performance,perf_stats_bidder_last_30_days,ad_format,11,varchar,YES,""
mysql-sl,tappx_stats_performance,perf_stats_bidder_last_30_days,video,12,tinyint,NO,""
mysql-sl,tappx_stats_performance,perf_stats_bidder_last_30_days,video_type,13,varchar,NO,""
mysql-sl,tappx_stats_performance,perf_stats_bidder_last_30_days,source,14,varchar,NO,""
mysql-sl,tappx_stats_performance,perf_stats_bidder_last_30_days,description,15,varchar,YES,""
mysql-sl,tappx_stats_performance,perf_stats_bidder_last_30_days,id_offer,16,int,NO,""
mysql-sl,tappx_stats_performance,perf_stats_bidder_last_30_days,id_affise,17,varchar,YES,""
mysql-sl,tappx_stats_performance,perf_stats_bidder_last_30_days,offer_status,18,varchar,YES,""
mysql-sl,tappx_stats_performance,perf_stats_bidder_last_30_days,offer_bundle,19,varchar,NO,""
mysql-sl,tappx_stats_performance,perf_stats_bidder_last_30_days,offer_type,20,varchar,NO,""
mysql-sl,tappx_stats_performance,perf_stats_bidder_last_30_days,algo_incoming_traffic,21,varchar,NO,""
mysql-sl,tappx_stats_performance,perf_stats_bidder_last_30_days,algo_tag_reqs,22,varchar,NO,""
mysql-sl,tappx_stats_performance,perf_stats_bidder_last_30_days,algo_sprinkler,23,varchar,NO,""
mysql-sl,tappx_stats_performance,perf_stats_bidder_last_30_days,algo_offer_selection,24,varchar,NO,""
mysql-sl,tappx_stats_performance,perf_stats_bidder_last_30_days,requests,25,bigint,NO,""
mysql-sl,tappx_stats_performance,perf_stats_bidder_last_30_days,deliveries,26,bigint,NO,""
mysql-sl,tappx_stats_performance,perf_stats_bidder_last_30_days,impressions,27,bigint,NO,""
mysql-sl,tappx_stats_performance,perf_stats_bidder_last_30_days,clicks,28,bigint,NO,""
mysql-sl,tappx_stats_performance,perf_stats_bidder_last_30_days,installs,29,bigint,YES,""
mysql-sl,tappx_stats_performance,perf_stats_bidder_last_30_days,conversions,30,bigint,NO,""
mysql-sl,tappx_stats_performance,perf_stats_bidder_last_30_days,payable_installs,31,bigint,YES,""
mysql-sl,tappx_stats_performance,perf_stats_bidder_last_30_days,payable_events,32,bigint,YES,""
mysql-sl,tappx_stats_performance,perf_stats_bidder_last_30_days,currency,33,varchar,NO,""
mysql-sl,tappx_stats_performance,perf_stats_bidder_last_30_days,revenue_gross,34,decimal,NO,""
mysql-sl,tappx_stats_performance,perf_stats_bidder_last_30_days,revenue_net,35,decimal,NO,""
mysql-sl,tappx_stats_performance,perf_stats_bidder_last_30_days,revenue_estimated,36,decimal,YES,""
mysql-sl,tappx_stats_performance,perf_stats_bidder_last_30_days,user_revenue_share,37,decimal,NO,""
mysql-sl,tappx_stats_performance,perf_stats_bidder_last_30_days,perf_source,38,varchar,NO,""
mysql-sl,tappx_stats_performance,perf_stats_bidder_last_30_days,id_os,39,tinyint,NO,""
mysql-sl,tappx_stats_performance,perf_stats_bidder_last_30_days,cost,40,decimal,NO,""
mysql-sl,tappx_stats_performance,perf_stats_bidder_last_30_days,hola,41,int,NO,""
mysql-sl,tappx_stats_performance,perf_stats_bidder_last_90_days,date,1,date,NO,""
mysql-sl,tappx_stats_performance,perf_stats_bidder_last_90_days,id_user,2,int,NO,""
mysql-sl,tappx_stats_performance,perf_stats_bidder_last_90_days,endpoint,3,varchar,NO,""
mysql-sl,tappx_stats_performance,perf_stats_bidder_last_90_days,id_app,4,int,NO,""
mysql-sl,tappx_stats_performance,perf_stats_bidder_last_90_days,adunit,5,varchar,NO,""
mysql-sl,tappx_stats_performance,perf_stats_bidder_last_90_days,bundle,6,varchar,NO,""
mysql-sl,tappx_stats_performance,perf_stats_bidder_last_90_days,name,7,varchar,YES,""
mysql-sl,tappx_stats_performance,perf_stats_bidder_last_90_days,country,8,varchar,NO,""
mysql-sl,tappx_stats_performance,perf_stats_bidder_last_90_days,id_size,9,tinyint,NO,""
mysql-sl,tappx_stats_performance,perf_stats_bidder_last_90_days,size,10,varchar,YES,""
mysql-sl,tappx_stats_performance,perf_stats_bidder_last_90_days,ad_format,11,varchar,YES,""
mysql-sl,tappx_stats_performance,perf_stats_bidder_last_90_days,video,12,tinyint,NO,""
mysql-sl,tappx_stats_performance,perf_stats_bidder_last_90_days,video_type,13,varchar,NO,""
mysql-sl,tappx_stats_performance,perf_stats_bidder_last_90_days,source,14,varchar,NO,""
mysql-sl,tappx_stats_performance,perf_stats_bidder_last_90_days,description,15,varchar,YES,""
mysql-sl,tappx_stats_performance,perf_stats_bidder_last_90_days,id_offer,16,int,NO,""
mysql-sl,tappx_stats_performance,perf_stats_bidder_last_90_days,id_affise,17,varchar,YES,""
mysql-sl,tappx_stats_performance,perf_stats_bidder_last_90_days,offer_bundle,18,varchar,NO,""
mysql-sl,tappx_stats_performance,perf_stats_bidder_last_90_days,offer_type,19,varchar,NO,""
mysql-sl,tappx_stats_performance,perf_stats_bidder_last_90_days,algo_incoming_traffic,20,varchar,NO,""
mysql-sl,tappx_stats_performance,perf_stats_bidder_last_90_days,algo_tag_reqs,21,varchar,NO,""
mysql-sl,tappx_stats_performance,perf_stats_bidder_last_90_days,algo_sprinkler,22,varchar,NO,""
mysql-sl,tappx_stats_performance,perf_stats_bidder_last_90_days,algo_offer_selection,23,varchar,NO,""
mysql-sl,tappx_stats_performance,perf_stats_bidder_last_90_days,requests,24,bigint,NO,""
mysql-sl,tappx_stats_performance,perf_stats_bidder_last_90_days,deliveries,25,bigint,NO,""
mysql-sl,tappx_stats_performance,perf_stats_bidder_last_90_days,impressions,26,bigint,NO,""
mysql-sl,tappx_stats_performance,perf_stats_bidder_last_90_days,clicks,27,bigint,NO,""
mysql-sl,tappx_stats_performance,perf_stats_bidder_last_90_days,installs,28,bigint,YES,""
mysql-sl,tappx_stats_performance,perf_stats_bidder_last_90_days,conversions,29,bigint,NO,""
mysql-sl,tappx_stats_performance,perf_stats_bidder_last_90_days,payable_installs,30,bigint,YES,""
mysql-sl,tappx_stats_performance,perf_stats_bidder_last_90_days,payable_events,31,bigint,YES,""
mysql-sl,tappx_stats_performance,perf_stats_bidder_last_90_days,currency,32,varchar,NO,""
mysql-sl,tappx_stats_performance,perf_stats_bidder_last_90_days,revenue_gross,33,decimal,NO,""
mysql-sl,tappx_stats_performance,perf_stats_bidder_last_90_days,revenue_net,34,decimal,NO,""
mysql-sl,tappx_stats_performance,perf_stats_bidder_last_90_days,revenue_estimated,35,decimal,YES,""
mysql-sl,tappx_stats_performance,perf_stats_bidder_last_90_days,user_revenue_share,36,decimal,NO,""
mysql-sl,tappx_stats_performance,perf_stats_bidder_last_90_days,perf_source,37,varchar,NO,""
mysql-sl,tappx_stats_performance,perf_stats_bidder_last_90_days,id_os,38,tinyint,NO,""
mysql-sl,tappx_stats_performance,perf_stats_bidder_last_90_days,cost,39,decimal,NO,""
mysql-sl,tappx_stats_performance,perf_stats_bidder_last_90_days,hola,40,int,NO,""
mysql-sl,tappx_stats_performance,perf_stats_bidder_old,date,1,date,NO,PRI
mysql-sl,tappx_stats_performance,perf_stats_bidder_old,pk_hash,2,varchar,NO,PRI
mysql-sl,tappx_stats_performance,perf_stats_bidder_old,id_user,3,int,NO,""
mysql-sl,tappx_stats_performance,perf_stats_bidder_old,endpoint,4,varchar,NO,""
mysql-sl,tappx_stats_performance,perf_stats_bidder_old,id_os,5,tinyint,NO,""
mysql-sl,tappx_stats_performance,perf_stats_bidder_old,id_app,6,int,NO,""
mysql-sl,tappx_stats_performance,perf_stats_bidder_old,adunit,7,varchar,NO,""
mysql-sl,tappx_stats_performance,perf_stats_bidder_old,bundle,8,varchar,NO,""
mysql-sl,tappx_stats_performance,perf_stats_bidder_old,country,9,varchar,NO,""
mysql-sl,tappx_stats_performance,perf_stats_bidder_old,id_size,10,tinyint,NO,""
mysql-sl,tappx_stats_performance,perf_stats_bidder_old,video,11,tinyint,NO,""
mysql-sl,tappx_stats_performance,perf_stats_bidder_old,video_type,12,varchar,NO,""
mysql-sl,tappx_stats_performance,perf_stats_bidder_old,source,13,varchar,NO,""
mysql-sl,tappx_stats_performance,perf_stats_bidder_old,perf_source,14,varchar,NO,""
mysql-sl,tappx_stats_performance,perf_stats_bidder_old,id_network,15,smallint,NO,""
mysql-sl,tappx_stats_performance,perf_stats_bidder_old,id_offer,16,int,NO,""
mysql-sl,tappx_stats_performance,perf_stats_bidder_old,offer_bundle,17,varchar,NO,""
mysql-sl,tappx_stats_performance,perf_stats_bidder_old,offer_type,18,varchar,NO,""
mysql-sl,tappx_stats_performance,perf_stats_bidder_old,algo_incoming_traffic,19,varchar,NO,""
mysql-sl,tappx_stats_performance,perf_stats_bidder_old,algo_tag_reqs,20,varchar,NO,""
mysql-sl,tappx_stats_performance,perf_stats_bidder_old,algo_sprinkler,21,varchar,NO,""
mysql-sl,tappx_stats_performance,perf_stats_bidder_old,algo_offer_selection,22,varchar,NO,""
mysql-sl,tappx_stats_performance,perf_stats_bidder_old,requests,23,bigint,NO,""
mysql-sl,tappx_stats_performance,perf_stats_bidder_old,deliveries,24,bigint,NO,""
mysql-sl,tappx_stats_performance,perf_stats_bidder_old,impressions,25,bigint,NO,""
mysql-sl,tappx_stats_performance,perf_stats_bidder_old,clicks,26,bigint,NO,""
mysql-sl,tappx_stats_performance,perf_stats_bidder_old,installs,27,bigint,YES,""
mysql-sl,tappx_stats_performance,perf_stats_bidder_old,conversions,28,bigint,NO,""
mysql-sl,tappx_stats_performance,perf_stats_bidder_old,payable_events,29,bigint,YES,""
mysql-sl,tappx_stats_performance,perf_stats_bidder_old,currency,30,varchar,NO,""
mysql-sl,tappx_stats_performance,perf_stats_bidder_old,cost,31,decimal,NO,""
mysql-sl,tappx_stats_performance,perf_stats_bidder_old,revenue_gross,32,decimal,NO,""
mysql-sl,tappx_stats_performance,perf_stats_bidder_old,revenue_net,33,decimal,NO,""
mysql-sl,tappx_stats_performance,perf_stats_bidder_old,revenue_estimated,34,decimal,YES,""
mysql-sl,tappx_stats_performance,perf_stats_bidder_old,user_revenue_share,35,decimal,NO,""
mysql-sl,tappx_stats_performance,perf_stats_bidder_old,user_revenue_fix,36,decimal,NO,""
mysql-sl,tappx_stats_performance,perf_stats_bidder_total,id_offer,1,int,NO,PRI
mysql-sl,tappx_stats_performance,perf_stats_bidder_total,date,2,varchar,NO,PRI
mysql-sl,tappx_stats_performance,perf_stats_bidder_total,total_impressions,3,bigint,YES,""
mysql-sl,tappx_stats_performance,perf_stats_bidder_total,total_conversions,4,bigint,YES,""
mysql-sl,tappx_stats_performance,perf_stats_bidder_total,total_spend,5,double,YES,""
mysql-sl,tappx_stats_performance,perf_stats_bidder_total,last_update_date,6,date,NO,""
mysql-sl,tappx_stats_performance,perf_stats_by_site_id,date,1,date,NO,PRI
mysql-sl,tappx_stats_performance,perf_stats_by_site_id,offer_bundle,2,varchar,NO,PRI
mysql-sl,tappx_stats_performance,perf_stats_by_site_id,media_source,3,varchar,NO,PRI
mysql-sl,tappx_stats_performance,perf_stats_by_site_id,country,4,varchar,NO,PRI
mysql-sl,tappx_stats_performance,perf_stats_by_site_id,site_id,5,varchar,NO,PRI
mysql-sl,tappx_stats_performance,perf_stats_by_site_id,tracking_platform,6,enum,NO,""
mysql-sl,tappx_stats_performance,perf_stats_by_site_id,account_type,7,enum,NO,""
mysql-sl,tappx_stats_performance,perf_stats_by_site_id,impressions,8,int,YES,""
mysql-sl,tappx_stats_performance,perf_stats_by_site_id,clicks,9,int,YES,""
mysql-sl,tappx_stats_performance,perf_stats_by_site_id,installs,10,int,YES,""
mysql-sl,tappx_stats_performance,perf_stats_by_site_id_events,date,1,date,NO,PRI
mysql-sl,tappx_stats_performance,perf_stats_by_site_id_events,offer_bundle,2,varchar,NO,PRI
mysql-sl,tappx_stats_performance,perf_stats_by_site_id_events,media_source,3,varchar,NO,PRI
mysql-sl,tappx_stats_performance,perf_stats_by_site_id_events,country,4,varchar,NO,PRI
mysql-sl,tappx_stats_performance,perf_stats_by_site_id_events,site_id,5,varchar,NO,PRI
mysql-sl,tappx_stats_performance,perf_stats_by_site_id_events,tracking_platform,6,enum,NO,""
mysql-sl,tappx_stats_performance,perf_stats_by_site_id_events,account_type,7,enum,NO,""
mysql-sl,tappx_stats_performance,perf_stats_by_site_id_events,event_name,8,varchar,NO,PRI
mysql-sl,tappx_stats_performance,perf_stats_by_site_id_events,event_count,9,int,YES,""
mysql-sl,tappx_stats_performance,perf_stats_conversions,date,1,date,NO,PRI
mysql-sl,tappx_stats_performance,perf_stats_conversions,adunit,2,varchar,NO,PRI
mysql-sl,tappx_stats_performance,perf_stats_conversions,banner_size,3,varchar,NO,PRI
mysql-sl,tappx_stats_performance,perf_stats_conversions,bundle_request,4,varchar,NO,PRI
mysql-sl,tappx_stats_performance,perf_stats_conversions,bundle_offer,5,varchar,NO,""
mysql-sl,tappx_stats_performance,perf_stats_conversions,id_offer,6,bigint,NO,PRI
mysql-sl,tappx_stats_performance,perf_stats_conversions,id_network,7,bigint,NO,""
mysql-sl,tappx_stats_performance,perf_stats_conversions,country,8,varchar,NO,PRI
mysql-sl,tappx_stats_performance,perf_stats_conversions,conversion_type,9,varchar,NO,PRI
mysql-sl,tappx_stats_performance,perf_stats_conversions,endpoint,10,varchar,NO,""
mysql-sl,tappx_stats_performance,perf_stats_conversions,source,11,varchar,NO,PRI
mysql-sl,tappx_stats_performance,perf_stats_conversions,perf_source,12,varchar,NO,PRI
mysql-sl,tappx_stats_performance,perf_stats_conversions,goal,13,varchar,NO,PRI
mysql-sl,tappx_stats_performance,perf_stats_conversions,goal_value,14,varchar,NO,PRI
mysql-sl,tappx_stats_performance,perf_stats_conversions,os_id,15,varchar,NO,PRI
mysql-sl,tappx_stats_performance,perf_stats_conversions,impression_conv,16,varchar,NO,PRI
mysql-sl,tappx_stats_performance,perf_stats_conversions,video,17,bit,NO,PRI
mysql-sl,tappx_stats_performance,perf_stats_conversions,video_type,18,varchar,NO,PRI
mysql-sl,tappx_stats_performance,perf_stats_conversions,currency,19,varchar,NO,""
mysql-sl,tappx_stats_performance,perf_stats_conversions,revenue_gross,20,double,YES,""
mysql-sl,tappx_stats_performance,perf_stats_conversions,conversions,21,varchar,YES,""
mysql-sl,tappx_stats_performance,perf_stats_events,date,1,date,NO,PRI
mysql-sl,tappx_stats_performance,perf_stats_events,id_network,2,int,NO,PRI
mysql-sl,tappx_stats_performance,perf_stats_events,id_user,3,int,NO,PRI
mysql-sl,tappx_stats_performance,perf_stats_events,tracking_platform,4,enum,NO,PRI
mysql-sl,tappx_stats_performance,perf_stats_events,offer_bundle,5,varchar,NO,PRI
mysql-sl,tappx_stats_performance,perf_stats_events,country,6,varchar,NO,PRI
mysql-sl,tappx_stats_performance,perf_stats_events,id_os,7,enum,YES,""
mysql-sl,tappx_stats_performance,perf_stats_events,type_monetization,8,enum,YES,MUL
mysql-sl,tappx_stats_performance,perf_stats_events,event_name,9,varchar,NO,PRI
mysql-sl,tappx_stats_performance,perf_stats_events,events,10,int,YES,""
mysql-sl,tappx_stats_performance,perf_stats_media_buy,date,1,date,NO,PRI
mysql-sl,tappx_stats_performance,perf_stats_media_buy,id_user,2,int,NO,PRI
mysql-sl,tappx_stats_performance,perf_stats_media_buy,publisher,3,varchar,NO,PRI
mysql-sl,tappx_stats_performance,perf_stats_media_buy,supply_platform,4,varchar,NO,""
mysql-sl,tappx_stats_performance,perf_stats_media_buy,tracking_platform,5,varchar,NO,PRI
mysql-sl,tappx_stats_performance,perf_stats_media_buy,site_id,6,varchar,NO,PRI
mysql-sl,tappx_stats_performance,perf_stats_media_buy,stats_source,7,varchar,NO,""
mysql-sl,tappx_stats_performance,perf_stats_media_buy,id_network,8,bigint,NO,PRI
mysql-sl,tappx_stats_performance,perf_stats_media_buy,campaign_id,9,varchar,NO,PRI
mysql-sl,tappx_stats_performance,perf_stats_media_buy,country,10,varchar,NO,PRI
mysql-sl,tappx_stats_performance,perf_stats_media_buy,id_am_supply,11,int,YES,""
mysql-sl,tappx_stats_performance,perf_stats_media_buy,id_am_demand,12,int,YES,""
mysql-sl,tappx_stats_performance,perf_stats_media_buy,revenue,13,decimal,YES,""
mysql-sl,tappx_stats_performance,perf_stats_media_buy,cost,14,decimal,YES,""
mysql-sl,tappx_stats_performance,perf_stats_media_buy,installs,15,int,YES,""
mysql-sl,tappx_stats_performance,perf_stats_media_buy,event_name,16,varchar,YES,""
mysql-sl,tappx_stats_performance,perf_stats_media_buy,event_count,17,int,YES,""
mysql-sl,tappx_stats_performance,perf_stats_media_buy,attribution_time_type,18,enum,YES,""
mysql-sl,tappx_stats_performance,perf_stats_offers,date,1,date,NO,PRI
mysql-sl,tappx_stats_performance,perf_stats_offers,id_user,2,int,NO,""
mysql-sl,tappx_stats_performance,perf_stats_offers,endpoint,3,varchar,NO,PRI
mysql-sl,tappx_stats_performance,perf_stats_offers,id_os,4,tinyint,NO,""
mysql-sl,tappx_stats_performance,perf_stats_offers,id_app,5,int,NO,""
mysql-sl,tappx_stats_performance,perf_stats_offers,adunit,6,varchar,NO,PRI
mysql-sl,tappx_stats_performance,perf_stats_offers,bundle,7,varchar,NO,PRI
mysql-sl,tappx_stats_performance,perf_stats_offers,country,8,varchar,NO,PRI
mysql-sl,tappx_stats_performance,perf_stats_offers,id_size,9,tinyint,NO,PRI
mysql-sl,tappx_stats_performance,perf_stats_offers,video,10,tinyint,NO,PRI
mysql-sl,tappx_stats_performance,perf_stats_offers,video_type,11,varchar,NO,PRI
mysql-sl,tappx_stats_performance,perf_stats_offers,source,12,varchar,NO,PRI
mysql-sl,tappx_stats_performance,perf_stats_offers,perf_source,13,varchar,NO,PRI
mysql-sl,tappx_stats_performance,perf_stats_offers,id_network,14,smallint,NO,PRI
mysql-sl,tappx_stats_performance,perf_stats_offers,id_offer,15,int,NO,PRI
mysql-sl,tappx_stats_performance,perf_stats_offers,offer_bundle,16,varchar,NO,""
mysql-sl,tappx_stats_performance,perf_stats_offers,offer_type,17,varchar,NO,PRI
mysql-sl,tappx_stats_performance,perf_stats_offers,deliveries,18,bigint,NO,""
mysql-sl,tappx_stats_performance,perf_stats_offers,impressions,19,bigint,NO,""
mysql-sl,tappx_stats_performance,perf_stats_offers,clicks,20,bigint,NO,""
mysql-sl,tappx_stats_performance,perf_stats_offers,conversions,21,bigint,NO,""
mysql-sl,tappx_stats_performance,perf_stats_offers,currency,22,varchar,NO,""
mysql-sl,tappx_stats_performance,perf_stats_offers,cost,23,decimal,NO,""
mysql-sl,tappx_stats_performance,perf_stats_offers,revenue_gross,24,decimal,NO,""
mysql-sl,tappx_stats_performance,perf_stats_offers,revenue_net,25,decimal,NO,""
mysql-sl,tappx_stats_performance,perf_stats_offers,user_revenue_share,26,decimal,NO,""
mysql-sl,tappx_stats_performance,perf_stats_offers,user_revenue_fix,27,decimal,NO,""
mysql-sl,tappx_stats_performance,perf_stats_offers_hours,date,1,date,NO,PRI
mysql-sl,tappx_stats_performance,perf_stats_offers_hours,hour,2,tinyint,NO,PRI
mysql-sl,tappx_stats_performance,perf_stats_offers_hours,id_user,3,int,NO,""
mysql-sl,tappx_stats_performance,perf_stats_offers_hours,endpoint,4,varchar,NO,PRI
mysql-sl,tappx_stats_performance,perf_stats_offers_hours,id_os,5,tinyint,NO,""
mysql-sl,tappx_stats_performance,perf_stats_offers_hours,id_app,6,int,NO,""
mysql-sl,tappx_stats_performance,perf_stats_offers_hours,adunit,7,varchar,NO,PRI
mysql-sl,tappx_stats_performance,perf_stats_offers_hours,bundle,8,varchar,NO,PRI
mysql-sl,tappx_stats_performance,perf_stats_offers_hours,country,9,varchar,NO,PRI
mysql-sl,tappx_stats_performance,perf_stats_offers_hours,id_size,10,tinyint,NO,PRI
mysql-sl,tappx_stats_performance,perf_stats_offers_hours,video,11,tinyint,NO,PRI
mysql-sl,tappx_stats_performance,perf_stats_offers_hours,video_type,12,varchar,NO,PRI
mysql-sl,tappx_stats_performance,perf_stats_offers_hours,source,13,varchar,NO,PRI
mysql-sl,tappx_stats_performance,perf_stats_offers_hours,perf_source,14,varchar,NO,PRI
mysql-sl,tappx_stats_performance,perf_stats_offers_hours,id_network,15,smallint,NO,PRI
mysql-sl,tappx_stats_performance,perf_stats_offers_hours,id_offer,16,int,NO,PRI
mysql-sl,tappx_stats_performance,perf_stats_offers_hours,offer_bundle,17,varchar,NO,""
mysql-sl,tappx_stats_performance,perf_stats_offers_hours,offer_type,18,varchar,NO,PRI
mysql-sl,tappx_stats_performance,perf_stats_offers_hours,deliveries,19,bigint,NO,""
mysql-sl,tappx_stats_performance,perf_stats_offers_hours,impressions,20,bigint,NO,""
mysql-sl,tappx_stats_performance,perf_stats_offers_hours,clicks,21,bigint,NO,""
mysql-sl,tappx_stats_performance,perf_stats_offers_hours,conversions,22,bigint,NO,""
mysql-sl,tappx_stats_performance,perf_stats_offers_hours,currency,23,varchar,NO,""
mysql-sl,tappx_stats_performance,perf_stats_offers_hours,cost,24,decimal,NO,""
mysql-sl,tappx_stats_performance,perf_stats_offers_hours,revenue_gross,25,decimal,NO,""
mysql-sl,tappx_stats_performance,perf_stats_offers_hours,revenue_net,26,decimal,NO,""
mysql-sl,tappx_stats_performance,perf_stats_offers_hours,user_revenue_share,27,decimal,NO,""
mysql-sl,tappx_stats_performance,perf_stats_offers_hours,user_revenue_fix,28,decimal,NO,""
mysql-sl,tappx_stats_performance,perf_stats_offers_last_15_days,date,1,date,NO,""
mysql-sl,tappx_stats_performance,perf_stats_offers_last_15_days,id_user,2,int,NO,""
mysql-sl,tappx_stats_performance,perf_stats_offers_last_15_days,endpoint,3,varchar,NO,""
mysql-sl,tappx_stats_performance,perf_stats_offers_last_15_days,id_app,4,int,NO,""
mysql-sl,tappx_stats_performance,perf_stats_offers_last_15_days,adunit,5,varchar,NO,""
mysql-sl,tappx_stats_performance,perf_stats_offers_last_15_days,bundle,6,varchar,NO,""
mysql-sl,tappx_stats_performance,perf_stats_offers_last_15_days,country,7,varchar,NO,""
mysql-sl,tappx_stats_performance,perf_stats_offers_last_15_days,id_size,8,tinyint,NO,""
mysql-sl,tappx_stats_performance,perf_stats_offers_last_15_days,source,9,varchar,NO,""
mysql-sl,tappx_stats_performance,perf_stats_offers_last_15_days,video,10,tinyint,NO,""
mysql-sl,tappx_stats_performance,perf_stats_offers_last_15_days,video_type,11,varchar,NO,""
mysql-sl,tappx_stats_performance,perf_stats_offers_last_15_days,description,12,varchar,YES,""
mysql-sl,tappx_stats_performance,perf_stats_offers_last_15_days,id_offer,13,int,NO,""
mysql-sl,tappx_stats_performance,perf_stats_offers_last_15_days,offer_bundle,14,varchar,NO,""
mysql-sl,tappx_stats_performance,perf_stats_offers_last_15_days,offer_type,15,varchar,NO,""
mysql-sl,tappx_stats_performance,perf_stats_offers_last_15_days,deliveries,16,bigint,NO,""
mysql-sl,tappx_stats_performance,perf_stats_offers_last_15_days,impressions,17,bigint,NO,""
mysql-sl,tappx_stats_performance,perf_stats_offers_last_15_days,clicks,18,bigint,NO,""
mysql-sl,tappx_stats_performance,perf_stats_offers_last_15_days,conversions,19,bigint,NO,""
mysql-sl,tappx_stats_performance,perf_stats_offers_last_15_days,currency,20,varchar,NO,""
mysql-sl,tappx_stats_performance,perf_stats_offers_last_15_days,revenue_gross,21,decimal,NO,""
mysql-sl,tappx_stats_performance,perf_stats_offers_last_15_days,revenue_net,22,decimal,NO,""
mysql-sl,tappx_stats_performance,perf_stats_offers_last_15_days,user_revenue_share,23,decimal,NO,""
mysql-sl,tappx_stats_performance,perf_stats_offers_last_15_days,perf_source,24,varchar,NO,""
mysql-sl,tappx_stats_performance,perf_stats_offers_last_15_days,id_os,25,tinyint,NO,""
mysql-sl,tappx_stats_performance,perf_stats_offers_last_15_days,cost,26,decimal,NO,""
mysql-sl,tappx_stats_performance,perf_stats_offers_last_90_days,date,1,date,NO,""
mysql-sl,tappx_stats_performance,perf_stats_offers_last_90_days,id_user,2,int,NO,""
mysql-sl,tappx_stats_performance,perf_stats_offers_last_90_days,endpoint,3,varchar,NO,""
mysql-sl,tappx_stats_performance,perf_stats_offers_last_90_days,id_app,4,int,NO,""
mysql-sl,tappx_stats_performance,perf_stats_offers_last_90_days,adunit,5,varchar,NO,""
mysql-sl,tappx_stats_performance,perf_stats_offers_last_90_days,bundle,6,varchar,NO,""
mysql-sl,tappx_stats_performance,perf_stats_offers_last_90_days,name,7,varchar,YES,""
mysql-sl,tappx_stats_performance,perf_stats_offers_last_90_days,country,8,varchar,NO,""
mysql-sl,tappx_stats_performance,perf_stats_offers_last_90_days,id_size,9,tinyint,NO,""
mysql-sl,tappx_stats_performance,perf_stats_offers_last_90_days,size,10,varchar,YES,""
mysql-sl,tappx_stats_performance,perf_stats_offers_last_90_days,ad_format,11,varchar,YES,""
mysql-sl,tappx_stats_performance,perf_stats_offers_last_90_days,video,12,tinyint,NO,""
mysql-sl,tappx_stats_performance,perf_stats_offers_last_90_days,video_type,13,varchar,NO,""
mysql-sl,tappx_stats_performance,perf_stats_offers_last_90_days,source,14,varchar,NO,""
mysql-sl,tappx_stats_performance,perf_stats_offers_last_90_days,description,15,varchar,YES,""
mysql-sl,tappx_stats_performance,perf_stats_offers_last_90_days,id_offer,16,int,NO,""
mysql-sl,tappx_stats_performance,perf_stats_offers_last_90_days,id_affise,17,varchar,YES,""
mysql-sl,tappx_stats_performance,perf_stats_offers_last_90_days,offer_bundle,18,varchar,NO,""
mysql-sl,tappx_stats_performance,perf_stats_offers_last_90_days,offer_type,19,varchar,NO,""
mysql-sl,tappx_stats_performance,perf_stats_offers_last_90_days,deliveries,20,bigint,NO,""
mysql-sl,tappx_stats_performance,perf_stats_offers_last_90_days,impressions,21,bigint,NO,""
mysql-sl,tappx_stats_performance,perf_stats_offers_last_90_days,clicks,22,bigint,NO,""
mysql-sl,tappx_stats_performance,perf_stats_offers_last_90_days,conversions,23,bigint,NO,""
mysql-sl,tappx_stats_performance,perf_stats_offers_last_90_days,currency,24,varchar,NO,""
mysql-sl,tappx_stats_performance,perf_stats_offers_last_90_days,revenue_gross,25,decimal,NO,""
mysql-sl,tappx_stats_performance,perf_stats_offers_last_90_days,revenue_net,26,decimal,NO,""
mysql-sl,tappx_stats_performance,perf_stats_offers_last_90_days,user_revenue_share,27,decimal,NO,""
mysql-sl,tappx_stats_performance,perf_stats_offers_last_90_days,perf_source,28,varchar,NO,""
mysql-sl,tappx_stats_performance,perf_stats_offers_last_90_days,id_os,29,tinyint,NO,""
mysql-sl,tappx_stats_performance,perf_stats_offers_last_90_days,cost,30,decimal,NO,""
mysql-sl,tappx_stats_performance,perf_stats_offers_last_90_days,hola,31,int,NO,""
mysql-sl,tappx_stats_performance,perf_stats_optimal_bid,bundle,1,varchar,NO,PRI
mysql-sl,tappx_stats_performance,perf_stats_optimal_bid,country,2,varchar,NO,PRI
mysql-sl,tappx_stats_performance,perf_stats_optimal_bid,id_os,3,smallint,NO,PRI
mysql-sl,tappx_stats_performance,perf_stats_optimal_bid,id_size,4,smallint,NO,PRI
mysql-sl,tappx_stats_performance,perf_stats_optimal_bid,id_offer,5,int,NO,PRI
mysql-sl,tappx_stats_performance,perf_stats_optimal_bid,active,6,int,NO,""
mysql-sl,tappx_stats_performance,perf_stats_optimal_bid,ts_expiration,7,datetime,NO,""
mysql-sl,tappx_stats_performance,perf_stats_optimal_bid,optimal_bid,8,decimal,NO,""
mysql-sl,tappx_stats_performance,perf_stats_optimal_bid,expected_render,9,decimal,NO,""
mysql-sl,tappx_stats_performance,perf_stats_optimal_bid,expected_dcpm_profit,10,decimal,NO,""
mysql-sl,tappx_stats_performance,perf_stats_optimal_bid,ts,11,datetime,NO,""
mysql-sl,tappx_stats_performance,perf_stats_optimal_bid,added_who,12,varchar,YES,""
mysql-sl,tappx_stats_performance,perf_stats_optimal_bid,comment,13,varchar,YES,""
mysql-sl,tappx_stats_performance,perf_stats_overview_data,full_name,1,varchar,YES,""
mysql-sl,tappx_stats_performance,perf_stats_overview_data,date,2,date,NO,""
mysql-sl,tappx_stats_performance,perf_stats_overview_data,app_id,3,varchar,NO,""
mysql-sl,tappx_stats_performance,perf_stats_overview_data,affiliate_id,4,varchar,NO,""
mysql-sl,tappx_stats_performance,perf_stats_overview_data,site_id,5,varchar,NO,""
mysql-sl,tappx_stats_performance,perf_stats_overview_data,media_source,6,varchar,NO,""
mysql-sl,tappx_stats_performance,perf_stats_overview_data,country,7,varchar,NO,""
mysql-sl,tappx_stats_performance,perf_stats_overview_data,account_type,8,varchar,NO,""
mysql-sl,tappx_stats_performance,perf_stats_overview_data,installs,9,int,YES,""
mysql-sl,tappx_stats_performance,perf_stats_overview_data,clicks,10,int,YES,""
mysql-sl,tappx_stats_performance,perf_stats_overview_data,impressions,11,int,YES,""
mysql-sl,tappx_stats_performance,perf_stats_overview_data,click_installs,12,int,YES,""
mysql-sl,tappx_stats_performance,perf_stats_overview_data,sessions,13,int,YES,""
mysql-sl,tappx_stats_performance,perf_stats_overview_data,revenue,14,float,YES,""
mysql-sl,tappx_stats_performance,perf_stats_overview_data,arpu,15,int,YES,""
mysql-sl,tappx_stats_performance,perf_stats_overview_data,conv_rate,16,float,YES,""
mysql-sl,tappx_stats_performance,perf_stats_overview_data,loyals,17,int,YES,""
mysql-sl,tappx_stats_performance,perf_stats_profitability,id_user,1,bigint,NO,""
mysql-sl,tappx_stats_performance,perf_stats_profitability,id_app,2,bigint,NO,""
mysql-sl,tappx_stats_performance,perf_stats_profitability,adunit,3,varchar,NO,PRI
mysql-sl,tappx_stats_performance,perf_stats_profitability,bundle,4,varchar,NO,PRI
mysql-sl,tappx_stats_performance,perf_stats_profitability,source,5,varchar,NO,PRI
mysql-sl,tappx_stats_performance,perf_stats_profitability,country,6,varchar,NO,PRI
mysql-sl,tappx_stats_performance,perf_stats_profitability,id_os,7,smallint,NO,PRI
mysql-sl,tappx_stats_performance,perf_stats_profitability,ad_format,8,varchar,NO,PRI
mysql-sl,tappx_stats_performance,perf_stats_profitability,id_size,9,smallint,NO,PRI
mysql-sl,tappx_stats_performance,perf_stats_profitability,ts,10,datetime,NO,""
mysql-sl,tappx_stats_performance,perf_stats_profitability,added_who,11,varchar,YES,""
mysql-sl,tappx_stats_performance,perf_stats_profitability,comment,12,varchar,YES,""
mysql-sl,tappx_stats_performance,perf_stats_profitability,impressions,13,bigint,NO,""
mysql-sl,tappx_stats_performance,perf_stats_profitability,ecpm,14,decimal,NO,""
mysql-sl,tappx_stats_performance,perf_stats_profitability,cpm_cost,15,decimal,NO,""
mysql-sl,tappx_stats_performance,perf_stats_profitability,profitability,16,decimal,NO,""
mysql-sl,tappx_stats_performance,perf_stats_profitability,perf_source,17,varchar,YES,""
mysql-sl,tappx_stats_performance,perf_stats_profitability_by_offer,id_user,1,bigint,NO,""
mysql-sl,tappx_stats_performance,perf_stats_profitability_by_offer,id_app,2,bigint,NO,""
mysql-sl,tappx_stats_performance,perf_stats_profitability_by_offer,adunit,3,varchar,NO,PRI
mysql-sl,tappx_stats_performance,perf_stats_profitability_by_offer,bundle,4,varchar,NO,PRI
mysql-sl,tappx_stats_performance,perf_stats_profitability_by_offer,source,5,varchar,NO,PRI
mysql-sl,tappx_stats_performance,perf_stats_profitability_by_offer,country,6,varchar,NO,PRI
mysql-sl,tappx_stats_performance,perf_stats_profitability_by_offer,id_os,7,smallint,NO,PRI
mysql-sl,tappx_stats_performance,perf_stats_profitability_by_offer,ad_format,8,varchar,NO,PRI
mysql-sl,tappx_stats_performance,perf_stats_profitability_by_offer,id_size,9,smallint,NO,PRI
mysql-sl,tappx_stats_performance,perf_stats_profitability_by_offer,id_offer,10,int,NO,PRI
mysql-sl,tappx_stats_performance,perf_stats_profitability_by_offer,ts,11,datetime,NO,""
mysql-sl,tappx_stats_performance,perf_stats_profitability_by_offer,added_who,12,varchar,YES,""
mysql-sl,tappx_stats_performance,perf_stats_profitability_by_offer,comment,13,varchar,YES,""
mysql-sl,tappx_stats_performance,perf_stats_profitability_by_offer,requests,14,bigint,NO,""
mysql-sl,tappx_stats_performance,perf_stats_profitability_by_offer,deliveries,15,bigint,NO,""
mysql-sl,tappx_stats_performance,perf_stats_profitability_by_offer,impressions,16,bigint,NO,""
mysql-sl,tappx_stats_performance,perf_stats_profitability_by_offer,ecpm,17,decimal,NO,""
mysql-sl,tappx_stats_performance,perf_stats_profitability_by_offer,cpm_cost,18,decimal,NO,""
mysql-sl,tappx_stats_performance,perf_stats_profitability_by_offer,render,19,decimal,NO,""
mysql-sl,tappx_stats_performance,perf_stats_profitability_by_offer,profitability,20,decimal,NO,""
mysql-sl,tappx_stats_performance,perf_stats_profitability_by_offer,perf_source,21,varchar,YES,""
mysql-sl,tappx_stats_performance,perf_stats_profitability_by_offer,ecpm_real,22,decimal,NO,""
mysql-sl,tappx_stats_performance,perf_stats_profitability_by_offer,ecpm_estimated,23,decimal,NO,""
mysql-sl,tappx_stats_performance,perf_stats_profitability_by_offer,revenue_used,24,varchar,NO,""
mysql-sl,tappx_stats_performance,perf_stats_requests,date,1,date,NO,PRI
mysql-sl,tappx_stats_performance,perf_stats_requests,id_user,2,int,NO,""
mysql-sl,tappx_stats_performance,perf_stats_requests,endpoint,3,varchar,NO,PRI
mysql-sl,tappx_stats_performance,perf_stats_requests,id_os,4,tinyint,NO,""
mysql-sl,tappx_stats_performance,perf_stats_requests,id_app,5,int,NO,""
mysql-sl,tappx_stats_performance,perf_stats_requests,adunit,6,varchar,NO,PRI
mysql-sl,tappx_stats_performance,perf_stats_requests,bundle,7,varchar,NO,PRI
mysql-sl,tappx_stats_performance,perf_stats_requests,country,8,varchar,NO,PRI
mysql-sl,tappx_stats_performance,perf_stats_requests,id_size,9,tinyint,NO,PRI
mysql-sl,tappx_stats_performance,perf_stats_requests,video,10,tinyint,NO,PRI
mysql-sl,tappx_stats_performance,perf_stats_requests,video_type,11,varchar,NO,PRI
mysql-sl,tappx_stats_performance,perf_stats_requests,source,12,varchar,NO,PRI
mysql-sl,tappx_stats_performance,perf_stats_requests,perf_source,13,varchar,NO,PRI
mysql-sl,tappx_stats_performance,perf_stats_requests,requests,14,bigint,NO,""
mysql-sl,tappx_stats_performance,perf_stats_requests,deliveries,15,bigint,NO,""
mysql-sl,tappx_stats_performance,perf_stats_requests,impressions,16,bigint,NO,""
mysql-sl,tappx_stats_performance,perf_stats_requests,clicks,17,bigint,NO,""
mysql-sl,tappx_stats_performance,perf_stats_requests,conversions,18,bigint,NO,""
mysql-sl,tappx_stats_performance,perf_stats_requests,currency,19,varchar,NO,""
mysql-sl,tappx_stats_performance,perf_stats_requests,cost,20,decimal,NO,""
mysql-sl,tappx_stats_performance,perf_stats_requests,revenue_gross,21,decimal,NO,""
mysql-sl,tappx_stats_performance,perf_stats_requests,revenue_net,22,decimal,NO,""
mysql-sl,tappx_stats_performance,perf_stats_requests,user_revenue_share,23,decimal,NO,""
mysql-sl,tappx_stats_performance,perf_stats_requests,user_revenue_fix,24,decimal,NO,""
mysql-sl,tappx_stats_performance,perf_stats_requests_hours,date,1,date,NO,PRI
mysql-sl,tappx_stats_performance,perf_stats_requests_hours,hour,2,tinyint,NO,PRI
mysql-sl,tappx_stats_performance,perf_stats_requests_hours,id_user,3,int,NO,""
mysql-sl,tappx_stats_performance,perf_stats_requests_hours,endpoint,4,varchar,NO,PRI
mysql-sl,tappx_stats_performance,perf_stats_requests_hours,id_os,5,tinyint,NO,""
mysql-sl,tappx_stats_performance,perf_stats_requests_hours,id_app,6,int,NO,""
mysql-sl,tappx_stats_performance,perf_stats_requests_hours,adunit,7,varchar,NO,PRI
mysql-sl,tappx_stats_performance,perf_stats_requests_hours,bundle,8,varchar,NO,PRI
mysql-sl,tappx_stats_performance,perf_stats_requests_hours,country,9,varchar,NO,PRI
mysql-sl,tappx_stats_performance,perf_stats_requests_hours,id_size,10,tinyint,NO,PRI
mysql-sl,tappx_stats_performance,perf_stats_requests_hours,video,11,tinyint,NO,PRI
mysql-sl,tappx_stats_performance,perf_stats_requests_hours,video_type,12,varchar,NO,PRI
mysql-sl,tappx_stats_performance,perf_stats_requests_hours,source,13,varchar,NO,PRI
mysql-sl,tappx_stats_performance,perf_stats_requests_hours,perf_source,14,varchar,NO,PRI
mysql-sl,tappx_stats_performance,perf_stats_requests_hours,requests,15,bigint,NO,""
mysql-sl,tappx_stats_performance,perf_stats_requests_hours,deliveries,16,bigint,NO,""
mysql-sl,tappx_stats_performance,perf_stats_requests_hours,impressions,17,bigint,NO,""
mysql-sl,tappx_stats_performance,perf_stats_requests_hours,clicks,18,bigint,NO,""
mysql-sl,tappx_stats_performance,perf_stats_requests_hours,conversions,19,bigint,NO,""
mysql-sl,tappx_stats_performance,perf_stats_requests_hours,currency,20,varchar,NO,""
mysql-sl,tappx_stats_performance,perf_stats_requests_hours,cost,21,decimal,NO,""
mysql-sl,tappx_stats_performance,perf_stats_requests_hours,revenue_gross,22,decimal,NO,""
mysql-sl,tappx_stats_performance,perf_stats_requests_hours,revenue_net,23,decimal,NO,""
mysql-sl,tappx_stats_performance,perf_stats_requests_hours,user_revenue_share,24,decimal,NO,""
mysql-sl,tappx_stats_performance,perf_stats_requests_hours,user_revenue_fix,25,decimal,NO,""
mysql-sl,tappx_stats_performance,perf_stats_requests_last_90_days,date,1,date,NO,""
mysql-sl,tappx_stats_performance,perf_stats_requests_last_90_days,id_user,2,int,NO,""
mysql-sl,tappx_stats_performance,perf_stats_requests_last_90_days,endpoint,3,varchar,NO,""
mysql-sl,tappx_stats_performance,perf_stats_requests_last_90_days,id_os,4,tinyint,NO,""
mysql-sl,tappx_stats_performance,perf_stats_requests_last_90_days,id_app,5,int,NO,""
mysql-sl,tappx_stats_performance,perf_stats_requests_last_90_days,adunit,6,varchar,NO,""
mysql-sl,tappx_stats_performance,perf_stats_requests_last_90_days,bundle,7,varchar,NO,""
mysql-sl,tappx_stats_performance,perf_stats_requests_last_90_days,country,8,varchar,NO,""
mysql-sl,tappx_stats_performance,perf_stats_requests_last_90_days,id_size,9,tinyint,NO,""
mysql-sl,tappx_stats_performance,perf_stats_requests_last_90_days,size,10,varchar,YES,""
mysql-sl,tappx_stats_performance,perf_stats_requests_last_90_days,ad_format,11,varchar,YES,""
mysql-sl,tappx_stats_performance,perf_stats_requests_last_90_days,video,12,tinyint,NO,""
mysql-sl,tappx_stats_performance,perf_stats_requests_last_90_days,video_type,13,varchar,NO,""
mysql-sl,tappx_stats_performance,perf_stats_requests_last_90_days,source,14,varchar,NO,""
mysql-sl,tappx_stats_performance,perf_stats_requests_last_90_days,perf_source,15,varchar,NO,""
mysql-sl,tappx_stats_performance,perf_stats_requests_last_90_days,requests,16,bigint,NO,""
mysql-sl,tappx_stats_performance,perf_stats_requests_last_90_days,deliveries,17,bigint,NO,""
mysql-sl,tappx_stats_performance,perf_stats_requests_last_90_days,impressions,18,bigint,NO,""
mysql-sl,tappx_stats_performance,perf_stats_requests_last_90_days,clicks,19,bigint,NO,""
mysql-sl,tappx_stats_performance,perf_stats_requests_last_90_days,conversions,20,bigint,NO,""
mysql-sl,tappx_stats_performance,perf_stats_requests_last_90_days,currency,21,varchar,NO,""
mysql-sl,tappx_stats_performance,perf_stats_requests_last_90_days,cost,22,decimal,NO,""
mysql-sl,tappx_stats_performance,perf_stats_requests_last_90_days,revenue_gross,23,decimal,NO,""
mysql-sl,tappx_stats_performance,perf_stats_requests_last_90_days,revenue_net,24,decimal,NO,""
mysql-sl,tappx_stats_performance,perf_stats_requests_last_90_days,user_revenue_share,25,decimal,NO,""
mysql-sl,tappx_stats_performance,perf_stats_requests_last_90_days,user_revenue_fix,26,decimal,NO,""
mysql-sl,tappx_stats_performance,perf_stats_rev_content,date,1,date,NO,PRI
mysql-sl,tappx_stats_performance,perf_stats_rev_content,hour,2,int,NO,PRI
mysql-sl,tappx_stats_performance,perf_stats_rev_content,widget_id,3,int,NO,PRI
mysql-sl,tappx_stats_performance,perf_stats_rev_content,sub_id_key,4,varchar,NO,PRI
mysql-sl,tappx_stats_performance,perf_stats_rev_content,sub_id_value,5,varchar,NO,PRI
mysql-sl,tappx_stats_performance,perf_stats_rev_content,adunit,6,varchar,NO,""
mysql-sl,tappx_stats_performance,perf_stats_rev_content,bundle,7,varchar,NO,""
mysql-sl,tappx_stats_performance,perf_stats_rev_content,country,8,varchar,NO,""
mysql-sl,tappx_stats_performance,perf_stats_rev_content,id_size,9,int,NO,""
mysql-sl,tappx_stats_performance,perf_stats_rev_content,widget_imps,10,int,NO,""
mysql-sl,tappx_stats_performance,perf_stats_rev_content,ad_clicks,11,int,NO,""
mysql-sl,tappx_stats_performance,perf_stats_rev_content,ad_ctr,12,decimal,YES,""
mysql-sl,tappx_stats_performance,perf_stats_rev_content,ad_cpc,13,decimal,YES,""
mysql-sl,tappx_stats_performance,perf_stats_rev_content,ad_rpm,14,decimal,YES,""
mysql-sl,tappx_stats_performance,perf_stats_rev_content,ad_revenue,15,decimal,YES,""
mysql-sl,tappx_stats_performance,perf_stats_rev_content,created,16,datetime,NO,""
mysql-sl,tappx_stats_performance,perf_stats_smartlink,date,1,date,NO,PRI
mysql-sl,tappx_stats_performance,perf_stats_smartlink,id_smartlink,2,int,NO,PRI
mysql-sl,tappx_stats_performance,perf_stats_smartlink,id_offer,3,bigint,NO,PRI
mysql-sl,tappx_stats_performance,perf_stats_smartlink,id_os,4,tinyint,NO,PRI
mysql-sl,tappx_stats_performance,perf_stats_smartlink,id_affiliate,5,int,NO,PRI
mysql-sl,tappx_stats_performance,perf_stats_smartlink,sub_affiliate,6,varchar,NO,PRI
mysql-sl,tappx_stats_performance,perf_stats_smartlink,country,7,varchar,NO,PRI
mysql-sl,tappx_stats_performance,perf_stats_smartlink,clicks,8,bigint,NO,""
mysql-sl,tappx_stats_performance,perf_stats_smartlink,conversions,9,bigint,NO,""
mysql-sl,tappx_stats_performance,perf_stats_smartlink,revenue,10,double,NO,""
mysql-sl,tappx_stats_performance,ssp_and_perf_stats_last_10_days,date,1,date,NO,""
mysql-sl,tappx_stats_performance,ssp_and_perf_stats_last_10_days,country,2,varchar,YES,""
mysql-sl,tappx_stats_performance,ssp_and_perf_stats_last_10_days,ad_type,3,varchar,NO,""
mysql-sl,tappx_stats_performance,ssp_and_perf_stats_last_10_days,video,4,bigint,NO,""
mysql-sl,tappx_stats_performance,ssp_and_perf_stats_last_10_days,video_type,5,varchar,NO,""
mysql-sl,tappx_stats_performance,ssp_and_perf_stats_last_10_days,id_app,6,bigint,YES,""
mysql-sl,tappx_stats_performance,ssp_and_perf_stats_last_10_days,adunit,7,varchar,YES,""
mysql-sl,tappx_stats_performance,ssp_and_perf_stats_last_10_days,user,8,varchar,YES,""
mysql-sl,tappx_stats_performance,ssp_and_perf_stats_last_10_days,OS,9,varchar,NO,""
mysql-sl,tappx_stats_performance,ssp_and_perf_stats_last_10_days,bundle,10,varchar,YES,""
mysql-sl,tappx_stats_performance,ssp_and_perf_stats_last_10_days,reqs_ssp,11,decimal,YES,""
mysql-sl,tappx_stats_performance,ssp_and_perf_stats_last_10_days,reqs_ssp_to_perf,12,decimal,YES,""
mysql-sl,tappx_stats_performance,ssp_and_perf_stats_last_10_days,reqs_perf,13,decimal,YES,""
mysql-sl,tappx_stats_performance,ssp_and_perf_stats_last_10_days,dels_perf,14,decimal,YES,""
mysql-sl,tappx_stats_performance,ssp_and_perf_stats_last_10_days,dels_ssp_from_perf,15,decimal,YES,""
mysql-sl,tappx_stats_performance,ssp_and_perf_stats_last_10_days,dels_ssp_to_pub,16,decimal,YES,""
mysql-sl,tappx_stats_performance,ssp_and_perf_stats_last_10_days,imps_ssp,17,decimal,YES,""
mysql-sl,tappx_stats_performance,ssp_and_perf_stats_last_10_days,imps_perf,18,decimal,YES,""
mysql-sl,tappx_stats_performance,ssp_perf_stats,date,1,date,NO,PRI
mysql-sl,tappx_stats_performance,ssp_perf_stats,id_user,2,int,NO,PRI
mysql-sl,tappx_stats_performance,ssp_perf_stats,connection_type,3,varchar,NO,PRI
mysql-sl,tappx_stats_performance,ssp_perf_stats,id_os,4,tinyint,NO,PRI
mysql-sl,tappx_stats_performance,ssp_perf_stats,id_app,5,int,NO,PRI
mysql-sl,tappx_stats_performance,ssp_perf_stats,adunit,6,varchar,NO,PRI
mysql-sl,tappx_stats_performance,ssp_perf_stats,bundle,7,varchar,NO,PRI
mysql-sl,tappx_stats_performance,ssp_perf_stats,country,8,varchar,NO,PRI
mysql-sl,tappx_stats_performance,ssp_perf_stats,id_size,9,tinyint,NO,PRI
mysql-sl,tappx_stats_performance,ssp_perf_stats,is_video,10,tinyint,NO,PRI
mysql-sl,tappx_stats_performance,ssp_perf_stats,is_video_display,11,tinyint,NO,PRI
mysql-sl,tappx_stats_performance,ssp_perf_stats,requests_ssp_publisher,12,bigint,NO,""
mysql-sl,tappx_stats_performance,ssp_perf_stats,requests_ssp_network,13,bigint,NO,""
mysql-sl,tappx_stats_performance,ssp_perf_stats,requests_bidder,14,bigint,NO,""
mysql-sl,tappx_stats_performance,ssp_perf_stats,deliveries_bidder,15,bigint,NO,""
mysql-sl,tappx_stats_performance,ssp_perf_stats,deliveries_ssp_network,16,bigint,NO,""
mysql-sl,tappx_stats_performance,ssp_perf_stats,deliveries_ssp_publisher,17,bigint,NO,""
mysql-sl,tappx_stats_performance,ssp_perf_stats,impressions_ssp,18,bigint,NO,""
mysql-sl,tappx_stats_performance,ssp_perf_stats,impressions_bidder,19,bigint,NO,""
mysql-sl,tappx_stats_performance,ssp_perf_stats,clicks_ssp,20,bigint,NO,""
mysql-sl,tappx_stats_performance,ssp_perf_stats,clicks_bidder,21,bigint,NO,""
mysql-sl,tappx_stats_performance,ssp_perf_stats,conversions_bidder,22,bigint,NO,""
mysql-sl,tappx_stats_performance,ssp_perf_stats,currency,23,varchar,NO,""
mysql-sl,tappx_stats_performance,ssp_perf_stats,cost_bidder,24,decimal,NO,""
mysql-sl,tappx_stats_performance,ssp_perf_stats,cost_ssp,25,decimal,NO,""
mysql-sl,tappx_stats_performance,ssp_perf_stats,revenue_bidder,26,decimal,NO,""
mysql-sl,tappx_stats_performance,ssp_perf_stats,revenue_ssp,27,decimal,NO,""
mysql-sl,tappx_stats_performance,ssp_perf_stats_hours,date,1,date,NO,PRI
mysql-sl,tappx_stats_performance,ssp_perf_stats_hours,hour,2,tinyint,NO,PRI
mysql-sl,tappx_stats_performance,ssp_perf_stats_hours,id_user,3,int,NO,PRI
mysql-sl,tappx_stats_performance,ssp_perf_stats_hours,connection_type,4,varchar,NO,PRI
mysql-sl,tappx_stats_performance,ssp_perf_stats_hours,id_os,5,tinyint,NO,PRI
mysql-sl,tappx_stats_performance,ssp_perf_stats_hours,id_app,6,int,NO,PRI
mysql-sl,tappx_stats_performance,ssp_perf_stats_hours,adunit,7,varchar,NO,PRI
mysql-sl,tappx_stats_performance,ssp_perf_stats_hours,bundle,8,varchar,NO,PRI
mysql-sl,tappx_stats_performance,ssp_perf_stats_hours,country,9,varchar,NO,PRI
mysql-sl,tappx_stats_performance,ssp_perf_stats_hours,id_size,10,tinyint,NO,PRI
mysql-sl,tappx_stats_performance,ssp_perf_stats_hours,is_video,11,tinyint,NO,PRI
mysql-sl,tappx_stats_performance,ssp_perf_stats_hours,is_video_display,12,tinyint,NO,PRI
mysql-sl,tappx_stats_performance,ssp_perf_stats_hours,requests_ssp_publisher,13,bigint,NO,""
mysql-sl,tappx_stats_performance,ssp_perf_stats_hours,requests_ssp_network,14,bigint,NO,""
mysql-sl,tappx_stats_performance,ssp_perf_stats_hours,requests_bidder,15,bigint,NO,""
mysql-sl,tappx_stats_performance,ssp_perf_stats_hours,deliveries_bidder,16,bigint,NO,""
mysql-sl,tappx_stats_performance,ssp_perf_stats_hours,deliveries_ssp_network,17,bigint,NO,""
mysql-sl,tappx_stats_performance,ssp_perf_stats_hours,deliveries_ssp_publisher,18,bigint,NO,""
mysql-sl,tappx_stats_performance,ssp_perf_stats_hours,impressions_ssp,19,bigint,NO,""
mysql-sl,tappx_stats_performance,ssp_perf_stats_hours,impressions_bidder,20,bigint,NO,""
mysql-sl,tappx_stats_performance,ssp_perf_stats_hours,clicks_ssp,21,bigint,NO,""
mysql-sl,tappx_stats_performance,ssp_perf_stats_hours,clicks_bidder,22,bigint,NO,""
mysql-sl,tappx_stats_performance,ssp_perf_stats_hours,conversions_bidder,23,bigint,NO,""
mysql-sl,tappx_stats_performance,ssp_perf_stats_hours,currency,24,varchar,NO,""
mysql-sl,tappx_stats_performance,ssp_perf_stats_hours,cost_bidder,25,decimal,NO,""
mysql-sl,tappx_stats_performance,ssp_perf_stats_hours,cost_ssp,26,decimal,NO,""
mysql-sl,tappx_stats_performance,ssp_perf_stats_hours,revenue_bidder,27,decimal,NO,""
mysql-sl,tappx_stats_performance,ssp_perf_stats_hours,revenue_ssp,28,decimal,NO,""
mysql-sl,tappx_stats_performance,ssp_perf_stats_last_90_days,date,1,date,NO,""
mysql-sl,tappx_stats_performance,ssp_perf_stats_last_90_days,publisher,2,varchar,YES,""
mysql-sl,tappx_stats_performance,ssp_perf_stats_last_90_days,publisher_connection_type,3,varchar,NO,""
mysql-sl,tappx_stats_performance,ssp_perf_stats_last_90_days,OS,4,varchar,YES,""
mysql-sl,tappx_stats_performance,ssp_perf_stats_last_90_days,id_app,5,int,NO,""
mysql-sl,tappx_stats_performance,ssp_perf_stats_last_90_days,adunit,6,varchar,NO,""
mysql-sl,tappx_stats_performance,ssp_perf_stats_last_90_days,bundle,7,varchar,NO,""
mysql-sl,tappx_stats_performance,ssp_perf_stats_last_90_days,country,8,varchar,NO,""
mysql-sl,tappx_stats_performance,ssp_perf_stats_last_90_days,id_size,9,tinyint,NO,""
mysql-sl,tappx_stats_performance,ssp_perf_stats_last_90_days,size,10,varchar,YES,""
mysql-sl,tappx_stats_performance,ssp_perf_stats_last_90_days,ad_format,11,varchar,YES,""
mysql-sl,tappx_stats_performance,ssp_perf_stats_last_90_days,is_video,12,tinyint,NO,""
mysql-sl,tappx_stats_performance,ssp_perf_stats_last_90_days,is_video_display,13,tinyint,NO,""
mysql-sl,tappx_stats_performance,ssp_perf_stats_last_90_days,requests_ssp_publisher,14,bigint,NO,""
mysql-sl,tappx_stats_performance,ssp_perf_stats_last_90_days,requests_ssp_network,15,bigint,NO,""
mysql-sl,tappx_stats_performance,ssp_perf_stats_last_90_days,requests_bidder,16,bigint,NO,""
mysql-sl,tappx_stats_performance,ssp_perf_stats_last_90_days,deliveries_bidder,17,bigint,NO,""
mysql-sl,tappx_stats_performance,ssp_perf_stats_last_90_days,deliveries_ssp_network,18,bigint,NO,""
mysql-sl,tappx_stats_performance,ssp_perf_stats_last_90_days,deliveries_ssp_publisher,19,bigint,NO,""
mysql-sl,tappx_stats_performance,ssp_perf_stats_last_90_days,impressions_ssp,20,bigint,NO,""
mysql-sl,tappx_stats_performance,ssp_perf_stats_last_90_days,impressions_bidder,21,bigint,NO,""
mysql-sl,tappx_stats_performance,ssp_perf_stats_last_90_days,clicks_ssp,22,bigint,NO,""
mysql-sl,tappx_stats_performance,ssp_perf_stats_last_90_days,clicks_bidder,23,bigint,NO,""
mysql-sl,tappx_stats_performance,ssp_perf_stats_last_90_days,conversions_bidder,24,bigint,NO,""
mysql-sl,tappx_stats_performance,ssp_perf_stats_last_90_days,currency,25,varchar,NO,""
mysql-sl,tappx_stats_performance,ssp_perf_stats_last_90_days,cost_bidder,26,decimal,NO,""
mysql-sl,tappx_stats_performance,ssp_perf_stats_last_90_days,cost_ssp,27,decimal,NO,""
mysql-sl,tappx_stats_performance,ssp_perf_stats_last_90_days,revenue_bidder,28,decimal,NO,""
mysql-sl,tappx_stats_performance,ssp_perf_stats_last_90_days,revenue_ssp,29,decimal,NO,""
mysql-sl,tappx_stats_performance,ssp_perf_traffic_flow,date,1,date,NO,PRI
mysql-sl,tappx_stats_performance,ssp_perf_traffic_flow,publisher,2,varchar,NO,PRI
mysql-sl,tappx_stats_performance,ssp_perf_traffic_flow,publisher_connection_type,3,varchar,NO,PRI
mysql-sl,tappx_stats_performance,ssp_perf_traffic_flow,app,4,varchar,NO,PRI
mysql-sl,tappx_stats_performance,ssp_perf_traffic_flow,adunit,5,varchar,NO,PRI
mysql-sl,tappx_stats_performance,ssp_perf_traffic_flow,bundle,6,varchar,NO,PRI
mysql-sl,tappx_stats_performance,ssp_perf_traffic_flow,OS,7,varchar,NO,PRI
mysql-sl,tappx_stats_performance,ssp_perf_traffic_flow,country,8,varchar,NO,PRI
mysql-sl,tappx_stats_performance,ssp_perf_traffic_flow,size,9,varchar,NO,PRI
mysql-sl,tappx_stats_performance,ssp_perf_traffic_flow,ad_format,10,varchar,NO,PRI
mysql-sl,tappx_stats_performance,ssp_perf_traffic_flow,source,11,varchar,NO,PRI
mysql-sl,tappx_stats_performance,ssp_perf_traffic_flow,target,12,varchar,NO,PRI
mysql-sl,tappx_stats_performance,ssp_perf_traffic_flow,value,13,bigint,NO,""
mysql-sl,tappx_stats_performance,ssp_stats_requests_last_90_days,date,1,date,NO,""
mysql-sl,tappx_stats_performance,ssp_stats_requests_last_90_days,id_user,2,int,NO,""
mysql-sl,tappx_stats_performance,ssp_stats_requests_last_90_days,id_app,3,int,NO,""
mysql-sl,tappx_stats_performance,ssp_stats_requests_last_90_days,ad_type,4,enum,NO,""
mysql-sl,tappx_stats_performance,ssp_stats_requests_last_90_days,country,5,varchar,NO,""
mysql-sl,tappx_stats_performance,ssp_stats_requests_last_90_days,requests,6,int,YES,""
mysql-sl,tappx_stats_performance,ssp_stats_requests_last_90_days,total_requests,7,bigint,YES,""
mysql-sl,tappx_stats_performance,ssp_stats_requests_last_90_days,deliveries,8,int,YES,""
mysql-sl,tappx_stats_performance,ssp_stats_requests_last_90_days,impressions,9,int,YES,""
mysql-sl,tappx_stats_performance,ssp_stats_requests_last_90_days,clicks,10,int,YES,""
mysql-sl,tappx_stats_performance,ssp_stats_requests_last_90_days,revenue,11,decimal,YES,""
mysql-sl,tappx_stats_performance,ssp_stats_requests_last_90_days,currency,12,varchar,NO,""
mysql-sl,tappx_stats_performance,ssp_stats_requests_last_90_days,id_os,13,tinyint,YES,""
mysql-sl,tappx_stats_performance,ssp_stats_requests_last_90_days,invoice_supply,14,varchar,YES,""
mysql-sl,tappx_stats_performance,ssp_stats_requests_networks_last_10_days,date,1,date,NO,""
mysql-sl,tappx_stats_performance,ssp_stats_requests_networks_last_10_days,id_network,2,int,NO,""
mysql-sl,tappx_stats_performance,ssp_stats_requests_networks_last_10_days,id_space,3,varchar,NO,""
mysql-sl,tappx_stats_performance,ssp_stats_requests_networks_last_10_days,bundle_hash,4,varchar,NO,""
mysql-sl,tappx_stats_performance,ssp_stats_requests_networks_last_10_days,id_size,5,int,NO,""
mysql-sl,tappx_stats_performance,ssp_stats_requests_networks_last_10_days,size,6,varchar,NO,""
mysql-sl,tappx_stats_performance,ssp_stats_requests_networks_last_10_days,country,7,varchar,NO,""
mysql-sl,tappx_stats_performance,ssp_stats_requests_networks_last_10_days,id_app,8,bigint,YES,""
mysql-sl,tappx_stats_performance,ssp_stats_requests_networks_last_10_days,id_user,9,bigint,YES,""
mysql-sl,tappx_stats_performance,ssp_stats_requests_networks_last_10_days,requests_uniques,10,int,NO,""
mysql-sl,tappx_stats_performance,ssp_stats_requests_networks_last_10_days,requests_network,11,int,NO,""
mysql-sl,tappx_stats_performance,ssp_stats_requests_networks_last_10_days,requests_tracked,12,int,NO,""
mysql-sl,tappx_stats_performance,ssp_stats_requests_networks_last_10_days,received_tracked,13,int,NO,""
mysql-sl,tappx_stats_performance,ssp_stats_requests_networks_last_10_days,deliveries_network,14,int,NO,""
mysql-sl,tappx_stats_performance,ssp_stats_requests_networks_last_10_days,deliveries_tracked,15,int,NO,""
mysql-sl,tappx_stats_performance,ssp_stats_requests_networks_last_10_days,impressions_network,16,int,NO,""
mysql-sl,tappx_stats_performance,ssp_stats_requests_networks_last_10_days,impressions_tracked,17,int,NO,""
mysql-sl,tappx_stats_performance,ssp_stats_requests_networks_last_10_days,clicks_network,18,int,NO,""
mysql-sl,tappx_stats_performance,ssp_stats_requests_networks_last_10_days,revenue_gross_network,19,decimal,NO,""
mysql-sl,tappx_stats_performance,ssp_stats_requests_networks_last_10_days,revenue_gross,20,decimal,NO,""
mysql-sl,tappx_stats_performance,ssp_stats_requests_networks_last_10_days,revenue_net,21,decimal,NO,""
mysql-sl,tappx_stats_performance,ssp_stats_requests_networks_last_10_days,revenue_net_currency,22,varchar,NO,""
mysql-sl,tappx_stats_performance,ssp_stats_requests_networks_last_10_days,network_penalty_percentage,23,decimal,NO,""
mysql-sl,tappx_stats_performance,ssp_stats_requests_networks_last_10_days,user_revenue_percentage,24,decimal,NO,""
mysql-sl,tappx_stats_performance,ssp_stats_requests_networks_last_10_days,user_revenue_value,25,decimal,NO,""
mysql-sl,tappx_stats_performance,ssp_stats_requests_networks_last_10_days,floor_cpm,26,float,YES,""
mysql-sl,tappx_stats_performance,ssp_stats_requests_networks_last_10_days,floor_cpc,27,float,YES,""
mysql-sl,tappx_stats_performance,ssp_stats_requests_networks_last_10_days,invoice_demand,28,varchar,YES,""
mysql-sl,tappx_stats_performance,ssp_traffic_cost_by_app,DATE,1,date,NO,""
mysql-sl,tappx_stats_performance,ssp_traffic_cost_by_app,id_user,2,int,NO,""
mysql-sl,tappx_stats_performance,ssp_traffic_cost_by_app,id_app,3,int,NO,""
mysql-sl,tappx_stats_performance,ssp_traffic_cost_by_app,id_os,4,tinyint,YES,""
mysql-sl,tappx_stats_performance,ssp_traffic_cost_by_app,ad_type,5,enum,NO,""
mysql-sl,tappx_stats_performance,ssp_traffic_cost_by_app,country,6,varchar,NO,""
mysql-sl,tappx_stats_performance,ssp_traffic_cost_by_app,requests,7,bigint,YES,""
mysql-sl,tappx_stats_performance,ssp_traffic_cost_by_app,deliveries,8,int,YES,""
mysql-sl,tappx_stats_performance,ssp_traffic_cost_by_app,impressions,9,int,YES,""
mysql-sl,tappx_stats_performance,ssp_traffic_cost_by_app,clicks,10,int,YES,""
mysql-sl,tappx_stats_performance,ssp_traffic_cost_by_app,revenue,11,decimal,YES,""
mysql-sl,tappx_stats_performance,ssp_traffic_cost_by_app,currency,12,varchar,NO,""
mysql-sl,tappx_stats_performance,ssp_traffic_cost_by_app,app_bundle,13,varchar,YES,""
mysql-sl,tappx_stats_performance,tappx_category_similarities,snapshot_date,1,date,NO,""
mysql-sl,tappx_stats_performance,tappx_category_similarities,tappx_catego_publisher,2,varchar,NO,PRI
mysql-sl,tappx_stats_performance,tappx_category_similarities,tappx_catego_advertiser,3,varchar,NO,PRI
mysql-sl,tappx_stats_performance,tappx_category_similarities,similarity_score,4,decimal,NO,""
mysql-sl,tappx_stats_performance,tappx_category_similarities,threshold1,5,tinyint,NO,""
mysql-sl,tappx_stats_performance,VIEW_LOOKER_PERF_BIDDER_KPIS,DATE,1,date,NO,""
mysql-sl,tappx_stats_performance,VIEW_LOOKER_PERF_BIDDER_KPIS,request,2,decimal,YES,""
mysql-sl,tappx_stats_performance,VIEW_LOOKER_PERF_BIDDER_KPIS,deliveries,3,decimal,YES,""
mysql-sl,tappx_stats_performance,VIEW_LOOKER_PERF_BIDDER_KPIS,impressions,4,decimal,YES,""
mysql-sl,tappx_stats_performance,VIEW_LOOKER_PERF_BIDDER_KPIS,clicks,5,decimal,YES,""
mysql-sl,tappx_stats_performance,VIEW_LOOKER_PERF_BIDDER_KPIS,installs,6,decimal,YES,""
mysql-sl,tappx_stats_performance,VIEW_LOOKER_PERF_BIDDER_KPIS,payable_events,7,decimal,YES,""
mysql-sl,tappx_stats_performance,VIEW_LOOKER_PERF_BIDDER_KPIS,cost,8,decimal,YES,""
mysql-sl,tappx_stats_performance,VIEW_LOOKER_PERF_BIDDER_KPIS,revenue_gross,9,decimal,YES,""
mysql-sl,test,sd_keys,id,1,varchar,NO,PRI
mysql-sl,test,sd_keys,k,2,varchar,YES,""
mysql-sl,test,sd_keys,active,3,tinyint,YES,""
mysql-sl,test,sd_keys,created,4,datetime,YES,""
mysql-sl,test,sd_keys,name,5,varchar,YES,UNI
mysql-sl,test,sd_keys,token,6,varchar,YES,""
mysql-sl,test,sd_posts,id,1,varchar,NO,PRI
mysql-sl,test,sd_posts,title,2,varchar,YES,MUL
mysql-sl,test,sd_posts,data,3,mediumtext,YES,""
mysql-sl,test,sd_posts,accountid,4,varchar,YES,MUL
mysql-sl,test,sd_posts,created,5,datetime,YES,""
mysql-sl,test,sd_posts,tags,6,varchar,YES,MUL
mysql-sl,test,sd_resources,id,1,varchar,NO,PRI
mysql-sl,test,sd_resources,type,2,varchar,YES,""
mysql-sl,test,sd_resources,accountid,3,varchar,YES,""
mysql-sl,test,sd_resources,tags,4,varchar,YES,MUL
mysql-sl,test,sd_resources,path,5,varchar,YES,""
mysql-sl,test,sd_resources,created,6,datetime,YES,""
mysql-sl,test,sd_resources,description,7,varchar,YES,MUL
mysql-sl,test,sd_resources,postid,8,varchar,YES,""
mysql-sl,test,TPX_TEST,date,1,date,NO,PRI
mysql-sl,test,TPX_TEST,network_id,2,int,NO,PRI
mysql-sl,test,TPX_TEST,ad_type,3,varchar,NO,PRI
mysql-sl,test,TPX_TEST,app_id,4,int,NO,PRI
mysql-sl,test,TPX_TEST,space_id,5,varchar,NO,PRI
mysql-sl,test,TPX_TEST,result_size,6,varchar,YES,""
mysql-sl,test,TPX_TEST,new_floor_size,7,decimal,YES,""
mysql-sl,test,TPX_TEST,percent_fill,8,int,YES,""
mysql-sl,test,TPX_TEST,user_floor,9,decimal,YES,""
mysql-sl,test,TPX_TEST,deliveries,10,bigint,YES,""
mysql-sl,test,TPX_TEST,requests,11,bigint,YES,""
mysql-sl,test,TPX_TEST,clicks,12,bigint,YES,""
mysql-sl,test,TPX_TEST,impressions,13,bigint,YES,""
mysql-sl,test,TPX_TEST,earnings_user,14,decimal,YES,""
mysql-sl,test,TPX_TEST,earnings_tappx,15,decimal,YES,""
mysql-sl,test,TPX_TEST,earnings_gross,16,decimal,YES,""
mysql-sl,test,TPX_TEST,earnings_net,17,decimal,YES,""
mysql-sl,test,TPX_TEST,floor_cpm,18,decimal,YES,""
mysql-sl,test,TPX_TEST,app_name,19,varchar,YES,""
mysql-sl,test,TPX_TEST,error,20,varchar,YES,""
mysql-sl,test,TPX_TEST,message,21,varchar,YES,""
mysql-sl,test,TPX_TEST,new_floor,22,decimal,YES,""
mysql-sl,test,TPX_TEST,processed,23,tinyint,YES,""
